entitlement_id,title,title_id,package_url,platform,content_type
EP9000-PPSA01288_00-ELIZABETHMAID001, Baroque Costume,PPSA01288,https://sgst.prod.dl.playstation.net/sgst/prod/00/np/PPSA01288_00/1db8a953-699b-47e8-8082-799b1eea8118-version.xml,ps5,game
UP9000-PPSA01289_00-ELIZABETHMAID001, Baroque Costume,PPSA01289,https://sgst.prod.dl.playstation.net/sgst/prod/00/np/PPSA01289_00/0c1789e3-10b1-41eb-8ede-c159db8ef1e7-version.xml,ps5,
EB1674-PPSA28209_00-MEITMXWEAPN00001,"""Deluxe"" Thorn & Kepler Yellowjacket Weapon",PPSA28209,https://sgst.prod.dl.playstation.net/sgst/prod/00/np/PPSA28209_00/fe365ac7-4dd3-48ee-9152-d4981daee67a-version.xml,ps5,game
EB1674-PPSA28209_00-MECTXXDRONE00002,"""Exotic"" DC2 Companion Drone Skin",PPSA28209,https://sgst.prod.dl.playstation.net/sgst/prod/00/np/PPSA28209_00/fe365ac7-4dd3-48ee-9152-d4981daee67a-version.xml,ps5,game
EB1674-PPSA28209_00-MECTXXJACOB00002,"""Exotic"" Jacob Vest Skin",PPSA28209,https://sgst.prod.dl.playstation.net/sgst/prod/00/np/PPSA28209_00/fe365ac7-4dd3-48ee-9152-d4981daee67a-version.xml,ps5,game
EB1674-PPSA28209_00-MECTXXSEDAN00002,"""Exotic"" Silva Sedan Vehicle Skin",PPSA28209,https://sgst.prod.dl.playstation.net/sgst/prod/00/np/PPSA28209_00/fe365ac7-4dd3-48ee-9152-d4981daee67a-version.xml,ps5,game
EB1674-PPSA28209_00-MECTXXDRONE00001,"""Future"" DC2 Companion Drone Skin",PPSA28209,https://sgst.prod.dl.playstation.net/sgst/prod/00/np/PPSA28209_00/fe365ac7-4dd3-48ee-9152-d4981daee67a-version.xml,ps5,game
EB1674-PPSA28209_00-MECTXXJACOB00001,"""Future"" Jacob Vest Skin",PPSA28209,https://sgst.prod.dl.playstation.net/sgst/prod/00/np/PPSA28209_00/fe365ac7-4dd3-48ee-9152-d4981daee67a-version.xml,ps5,game
EB1674-PPSA28209_00-MECTXXSEDAN00001,"""Future"" Silva Sedan Vehicle Skin",PPSA28209,https://sgst.prod.dl.playstation.net/sgst/prod/00/np/PPSA28209_00/fe365ac7-4dd3-48ee-9152-d4981daee67a-version.xml,ps5,game
EP0102-PPSA04289_00-BH20000BGMDLC002,"""Original Ver."" Soundtrack Swap",PPSA04289,https://sgst.prod.dl.playstation.net/sgst/prod/00/np/PPSA04289_00/fb052acf-32a6-4152-9847-b39596142059-version.xml,ps5,game
EB1674-PPSA28209_00-MESPASS0DEL00001,"""Premium Pass""",PPSA28209,https://sgst.prod.dl.playstation.net/sgst/prod/00/np/PPSA28209_00/fe365ac7-4dd3-48ee-9152-d4981daee67a-version.xml,ps5,game
EB1674-PPSA28209_00-MECTXXSEDAN00003,"""Stealth"" Silva Sedan Vehicle Skin",PPSA28209,https://sgst.prod.dl.playstation.net/sgst/prod/00/np/PPSA28209_00/fe365ac7-4dd3-48ee-9152-d4981daee67a-version.xml,ps5,game
UP0102-PPSA07411_00-RE4RDLC000000008,'Original Ver.' Soundtrack Swap,PPSA07411,https://sgst.prod.dl.playstation.net/sgst/prod/00/np/PPSA07411_00/1dba2283-d401-4ba8-a562-4ac92fd8fcdb-version.xml,ps5,
EP6665-PPSA03851_00-TLRS0PSAL0000002,1920's Orient-Express Train,PPSA03851,https://sgst.prod.dl.playstation.net/sgst/prod/00/np/PPSA03851_00/53a61dcf-a7ee-4d30-a2b0-465b7d86f9ce-version.xml,ps5,game
EP2402-PPSA29764_00-20THCENTFREEMIUM,20th Century Beauties,PPSA29764,https://sgst.prod.dl.playstation.net/sgst/prod/00/np/PPSA29764_00/9c6616ca-5b3b-4d33-8700-fb948e5bc2f3-version.xml,ps5,game
EP2402-PPSA33536_00-20THCENTUPREMIUM,20th Century Beauties Premium Edition,PPSA33536,https://sgst.prod.dl.playstation.net/sgst/prod/00/np/PPSA33536_00/65fb2afd-eb48-4a1f-8073-c163c991e815-version.xml,ps5,game
UP0006-PPSA06093_00-WRC24CONTENT0000,24 season content,PPSA06093,https://sgst.prod.dl.playstation.net/sgst/prod/00/np/PPSA06093_00/29a305d2-2634-41f0-ae27-adcf1d4551bf-version.xml,ps5,game
UP9000-PPSA14435_00-SCUS945080000000,2Xtreme,PPSA14435,https://sgst.prod.dl.playstation.net/sgst/prod/00/np/PPSA14435_00/0c6042a0-24ff-42a4-8517-32965fd0da6f-version.xml,ps5,game
HP9000-PPSA01318_00-GT7CAR3PACK00009,3-Car Pack,PPSA01318,https://sgst.prod.dl.playstation.net/sgst/prod/00/np/PPSA01318_00/c7059050-bf54-47de-b1c8-b693065f442e-version.xml,ps5,
EP2005-PPSA04584_00-41HOURSGAME00000,41 Hours,PPSA04584,https://sgst.prod.dl.playstation.net/sgst/prod/00/np/PPSA04584_00/1c014291-022d-46a4-b7a8-1a7ddf2f4e38-version.xml,ps5,game
UP6927-PPSA08889_00-9651393086138966,99 Moves,PPSA08889,https://sgst.prod.dl.playstation.net/sgst/prod/00/np/PPSA08889_00/0a30bd6b-064a-4803-a4f5-af66e36cc729-version.xml,ps5,game
UP0177-PPSA06454_00-EX00000000000006,<數位豪華版限定>龍馬外觀「堂島之龍」,PPSA06454,https://sgst.prod.dl.playstation.net/sgst/prod/00/np/PPSA06454_00/09c08341-8fee-4938-85c9-6845b183d504-version.xml,ps5,
EP5049-PPSA30552_00-DIGGINGGAME00000,A Game About Digging A Hole,PPSA30552,https://sgst.prod.dl.playstation.net/sgst/prod/00/np/PPSA30552_00/d5d53dc3-59cc-4b73-9ca7-171009963ffd-version.xml,ps5,game
UP7076-PPSA17847_00-XXXXXXXXXXXXXXXX,A Little To The Left,PPSA17847,https://sgst.prod.dl.playstation.net/sgst/prod/00/np/PPSA17847_00/356365b7-a9d7-4a4c-838d-ba1282240a2d-version.xml,ps5,game
UP4133-PPSA02388_00-APLAGUETALEGAME0,A Plague Tale: Innocence,PPSA02388,https://sgst.prod.dl.playstation.net/sgst/prod/00/np/PPSA02388_00/acc5c571-6615-4061-b337-f5ae49f1b849-version.xml,ps5,game
EP4133-PPSA02387_00-APLAGUETALEGAME0,A Plague Tale: Innocence,PPSA02387,https://sgst.prod.dl.playstation.net/sgst/prod/00/np/PPSA02387_00/451c126d-15ab-4475-bd5b-ede9aab90a5d-version.xml,ps5,
UP4133-PPSA05366_00-APLAGUEOUTBURST0,A Plague Tale: Requiem,PPSA05366,https://sgst.prod.dl.playstation.net/sgst/prod/00/np/PPSA05366_00/90cf9148-4404-4c41-affa-75e56d5ad722-version.xml,ps5,game
EP4133-PPSA02785_00-APLAGUEOUTBURST0,A Plague Tale: Requiem,PPSA02785,https://sgst.prod.dl.playstation.net/sgst/prod/00/np/PPSA02785_00/0bc13c81-25f8-43ee-808b-db1ae73baf9c-version.xml,ps5,
UP6856-PPSA19006_00-AQPBASEGAME00000,A Quiet Place: The Road Ahead,PPSA19006,https://sgst.prod.dl.playstation.net/sgst/prod/00/np/PPSA19006_00/63a37734-b4fc-4feb-bac5-898d60524040-version.xml,ps5,game
UP5258-PPSA12230_00-6374691671740551,A Space for the Unbound,PPSA12230,https://sgst.prod.dl.playstation.net/sgst/prod/00/np/PPSA12230_00/29ce04f7-3a14-4dd1-8a5a-1742326d968a-version.xml,ps5,game
UP2538-PPSA22996_00-AAAAC00000000002,AAA Dynamic Scenes - Tropical Skeleton Dance Dynamic Scene,PPSA22996,https://sgst.prod.dl.playstation.net/sgst/prod/00/np/PPSA22996_00/4b2cb620-d63a-4a40-a799-11eca6ad2500-version.xml,ps5,game
UP4389-PPSA09351_00-AEWRESTLINGPS5US,AEW: Fight Forever,PPSA09351,https://sgst.prod.dl.playstation.net/sgst/prod/00/np/PPSA09351_00/85cabd2b-5cdc-407c-be23-f23a1cfccc9d-version.xml,ps5,game
EP4389-PPSA09352_00-AEWRESTLINGPS5EU,AEW: Fight Forever,PPSA09352,https://sgst.prod.dl.playstation.net/sgst/prod/00/np/PPSA09352_00/fbaf7244-d757-4aec-878b-48dbe878e970-version.xml,ps5,game
UP6665-PPSA09466_00-AFL2300000000000,AFL 23,PPSA09466,https://sgst.prod.dl.playstation.net/sgst/prod/00/np/PPSA09466_00/13d6eac2-cea5-40b4-ad14-515edf72c975-version.xml,ps5,game
UP4399-PPSA02426_00-FS22PSAGIFREEDLC,AGI Pack,PPSA02426,https://sgst.prod.dl.playstation.net/sgst/prod/00/np/PPSA02426_00/34802324-5dc9-403a-9feb-7ba1b990342b-version.xml,ps5,
UP3639-PPSA15961_00-0305768140863711,AK-xolotl,PPSA15961,https://sgst.prod.dl.playstation.net/sgst/prod/00/np/PPSA15961_00/51709404-ade6-4fb2-8ee0-876dfd65e6a1-version.xml,ps5,game
UP7425-PPSA06799_00-9351926314516028,ANIMAL WELL,PPSA06799,https://sgst.prod.dl.playstation.net/sgst/prod/00/np/PPSA06799_00/24613def-66ac-43ce-9a17-b06b0519ebce-version.xml,ps5,game
EP6304-PPSA05926_00-3266474955904375,ANNO: Mutationem,PPSA05926,https://sgst.prod.dl.playstation.net/sgst/prod/00/np/PPSA05926_00/cd806430-25c7-474a-940b-e88b7f131b7d-version.xml,ps5,game
UP6305-PPSA05925_00-7392023519013002,ANNO: Mutationem,PPSA05925,https://sgst.prod.dl.playstation.net/sgst/prod/00/np/PPSA05925_00/b4c75c7d-bcec-465f-8650-7ade014067f0-version.xml,ps5,game
EP6848-PPSA04998_00-4085881659726287,ARC Raiders,PPSA04998,https://sgst.prod.dl.playstation.net/sgst/prod/00/np/PPSA04998_00/afcac925-25a5-4510-aa9d-3d9a3c5bfe6d-version.xml,ps5,game
UP0691-PPSA16810_00-SURVIVALASCENDED,ARK Survival Ascended,PPSA16810,https://sgst.prod.dl.playstation.net/sgst/prod/00/np/PPSA16810_00/0db7668a-98cb-4c61-8967-71d462702977-version.xml,ps5,game
UP0506-PPSA21240_00-SLUS013230000000,ARMORED CORE,PPSA21240,https://sgst.prod.dl.playstation.net/sgst/prod/00/np/PPSA21240_00/1707e7bd-5c99-48d0-a5ef-be22e7ce4f97-version.xml,ps5,game
UP0506-PPSA21312_00-SLUS010300000000,ARMORED CORE MASTER OF ARENA,PPSA21312,https://sgst.prod.dl.playstation.net/sgst/prod/00/np/PPSA21312_00/654677fe-3788-45ad-a489-a8beeafad470-version.xml,ps5,game
UP0506-PPSA21308_00-SLUS006700000000,ARMORED CORE PROJECT PHANTASMA,PPSA21308,https://sgst.prod.dl.playstation.net/sgst/prod/00/np/PPSA21308_00/90e1049b-9507-4da4-bc8d-6e539638d02e-version.xml,ps5,game
EP0700-PPSA06773_00-ARMOREDCORE60000,ARMORED CORE™ VI FIRES OF RUBICON™,PPSA06773,https://sgst.prod.dl.playstation.net/sgst/prod/00/np/PPSA06773_00/fa5f7930-9e6a-485a-986a-3cacb7437f3f-version.xml,ps5,game
UP0700-PPSA06774_00-ARMOREDCORE60000,ARMORED CORE™ VI FIRES OF RUBICON™,PPSA06774,https://sgst.prod.dl.playstation.net/sgst/prod/00/np/PPSA06774_00/5ffef5cf-b1d9-44ce-ab4d-3c381dafec82-version.xml,ps5,
UP9000-PPSA21564_00-0000000000000000,ASTRO BOT,PPSA21564,https://sgst.prod.dl.playstation.net/sgst/prod/00/np/PPSA21564_00/742de6e3-11cf-4122-af56-855bf5d97849-version.xml,ps5,game
JP9000-PPSA21559_00-PREORDER00000000,ASTRO BOT Pre-order Rewards,PPSA21559,https://sgst.prod.dl.playstation.net/sgst/prod/00/np/PPSA21559_00/99f0fba4-9e83-4047-9f34-9ff44d9426ff-version.xml,ps5,game
IP9100-PPSA01325_00-PREINMASTER00000,ASTRO's PLAYROOM,PPSA01325,https://sgst.prod.dl.playstation.net/sgst/prod/00/np/PPSA01325_00/c0d746cf-c687-4e72-946a-e2396b584362-version.xml,ps5,game
UP2467-PPSA27622_00-ASTRONEER0000000,ASTRONEER,PPSA27622,https://sgst.prod.dl.playstation.net/sgst/prod/00/np/PPSA27622_00/d066f9c0-81a4-4f75-b44c-408c723755f5-version.xml,ps5,game
EP1550-PPSA04366_00-7088544875065712,Abandoned: Realtime Experience,PPSA04366,https://sgst.prod.dl.playstation.net/sgst/prod/00/np/PPSA04366_00/fa7f6efd-6d3d-44db-8ff0-6a4ea8bf79e1-version.xml,ps5,
UP9000-PPSA01289_00-SABAABBY00000001,Abby Costume,PPSA01289,https://sgst.prod.dl.playstation.net/sgst/prod/00/np/PPSA01289_00/0c1789e3-10b1-41eb-8ede-c159db8ef1e7-version.xml,ps5,
EP3495-PPSA26012_00-0867930864684348,Abiotic Factor,PPSA26012,https://sgst.prod.dl.playstation.net/sgst/prod/00/np/PPSA26012_00/3b080e94-d537-4db4-97fe-3d15bb0f62a4-version.xml,ps5,game
UP3385-PPSA07312_00-0098164935568230,Absolute Tactics: Daughters of Mercy,PPSA07312,https://sgst.prod.dl.playstation.net/sgst/prod/00/np/PPSA07312_00/8ca3c88c-7e73-4c23-bf3f-87345679c917-version.xml,ps5,game
EP4321-PPSA03131_00-3846675183464798,Abstract Assassin Skin Pack,PPSA03131,https://sgst.prod.dl.playstation.net/sgst/prod/00/np/PPSA03131_00/58f27224-3244-4e39-8e59-587660052f1a-version.xml,ps5,game
EP6665-PPSA10600_00-AIF0000000000000,Ad Infinitum,PPSA10600,https://sgst.prod.dl.playstation.net/sgst/prod/00/np/PPSA10600_00/85035e81-7cff-428e-998f-3e03590cf2a9-version.xml,ps5,game
UP6312-PPSA17525_00-PREORDERSKIN0001,Adam Fenix Character Skin,PPSA17525,https://sgst.prod.dl.playstation.net/sgst/prod/00/np/PPSA17525_00/b48c30f7-2d54-48eb-90fb-1580c6054276-version.xml,ps5,
UP4581-PPSA07948_00-AFUS00000000SIEA,After Us,PPSA07948,https://sgst.prod.dl.playstation.net/sgst/prod/00/np/PPSA07948_00/2ec5a72f-7a8a-4487-99d9-9f07682ee619-version.xml,ps5,game
EP1018-PPSA01619_00-AFTERMATHCONTENT,Aftermath Story Expansion,PPSA01619,https://sgst.prod.dl.playstation.net/sgst/prod/00/np/PPSA01619_00/d13316b3-ee9c-4082-bc86-f8a38f4c1278-version.xml,ps5,game
UP6312-PPSA18654_00-0220083948426038,Age of Empires II: Definitive Edition,PPSA18654,https://sgst.prod.dl.playstation.net/sgst/prod/00/np/PPSA18654_00/935e23b3-169e-439b-99d8-ae2b8b534b37-version.xml,ps5,game
UP6312-PPSA18653_00-0600728796128379,Age of Mythology: Retold,PPSA18653,https://sgst.prod.dl.playstation.net/sgst/prod/00/np/PPSA18653_00/974334bd-776e-4ecd-a271-c0021cfb48e9-version.xml,ps5,game
EP0700-PPSA08083_00-NEWDBZRPG0000005,Aged Wild Steak,PPSA08083,https://sgst.prod.dl.playstation.net/sgst/prod/00/np/PPSA08083_00/db6c2614-b0b6-4dff-937f-cabfecfb2a28-version.xml,ps5,
UP0102-PPSA07862_00-ITEMPACK00000007,Ajuda de Caça: Pacote de Fortalecimento,PPSA07862,https://sgst.prod.dl.playstation.net/sgst/prod/00/np/PPSA07862_00/090c88f4-fe0d-49c5-9c3a-3ddfe64731d5-version.xml,ps5,game
EP8459-PPSA21588_00-0869491730041839,Akimbot,PPSA21588,https://sgst.prod.dl.playstation.net/sgst/prod/00/np/PPSA21588_00/b2e2ef0e-77c7-464e-ba80-b7a348f882e5-version.xml,ps5,game
UP1477-PPSA02571_00-ALANWAKE20000000,Alan Wake 2,PPSA02571,https://sgst.prod.dl.playstation.net/sgst/prod/00/np/PPSA02571_00/76b21f28-40c8-46a6-8548-d012a0837178-version.xml,ps5,
EP1464-PPSA01925_00-AWREMASTERED0001,Alan Wake Remastered,PPSA01925,https://sgst.prod.dl.playstation.net/sgst/prod/00/np/PPSA01925_00/63caacaa-932c-4224-a0df-734726f2290e-version.xml,ps5,game
UP1477-PPSA01924_00-AWREMASTERED0001,Alan Wake Remastered,PPSA01924,https://sgst.prod.dl.playstation.net/sgst/prod/00/np/PPSA01924_00/19518748-27c7-40ec-a726-cdd17902d4be-version.xml,ps5,game
UP1260-PPSA02663_00-0ALEXKIDDDXUSPS5,Alex Kidd in Miracle World DX,PPSA02663,https://sgst.prod.dl.playstation.net/sgst/prod/00/np/PPSA02663_00/7acf05d3-eb11-4e66-b42b-e0dc28182559-version.xml,ps5,game
UP4133-PPSA08313_00-ALIENSDARKDESCEN,Aliens: Dark Descent,PPSA08313,https://sgst.prod.dl.playstation.net/sgst/prod/00/np/PPSA08313_00/af17c0c0-467e-49ad-bb7b-615e37238fcf-version.xml,ps5,game
UP6951-PPSA03393_00-ALIENSFIRETEAMUS,Aliens: Fireteam Elite (PS5),PPSA03393,https://sgst.prod.dl.playstation.net/sgst/prod/00/np/PPSA03393_00/71b6e6d3-d7f2-4d68-86e8-5f7304f77033-version.xml,ps5,game
EP4133-PPSA03544_00-ALIENSFIRETEAMEU,Aliens: Fireteam Elite (PS5),PPSA03544,https://sgst.prod.dl.playstation.net/sgst/prod/00/np/PPSA03544_00/75c285eb-83a3-4436-b5af-7e8ddc0b00db-version.xml,ps5,
EP1018-PPSA01619_00-AFTERMSKINPACK03,All Hallows Eve Pack,PPSA01619,https://sgst.prod.dl.playstation.net/sgst/prod/00/np/PPSA01619_00/d13316b3-ee9c-4082-bc86-f8a38f4c1278-version.xml,ps5,game
UP0102-PPSA04288_00-BH20000OPNDLC001,All In-game Rewards Unlock,PPSA04288,https://sgst.prod.dl.playstation.net/sgst/prod/00/np/PPSA04288_00/408d6ed4-2b3c-4786-ba54-cd064d740f83-version.xml,ps5,
UP4389-PPSA08240_00-ALONEINTHEDARKUS,Alone in the Dark,PPSA08240,https://sgst.prod.dl.playstation.net/sgst/prod/00/np/PPSA08240_00/0cfbab2f-82cf-404b-911d-5aeb03105d95-version.xml,ps5,game
EP4389-PPSA24515_00-SLUS002390000000,Alone in the Dark 2 (1996),PPSA24515,https://sgst.prod.dl.playstation.net/sgst/prod/00/np/PPSA24515_00/8cf8e177-a20d-41ae-8d43-39264d6e17c7-version.xml,ps5,game
EP4389-PPSA13687_00-AITDDEMOPRODUCT0,Alone in the Dark Prologue,PPSA13687,https://sgst.prod.dl.playstation.net/sgst/prod/00/np/PPSA13687_00/0bcd99ea-3e85-4075-a4c9-8ee383c0af72-version.xml,ps5,
UP4389-PPSA18070_00-SLUS012010000000,Alone in the Dark: The New Nightmare (2001),PPSA18070,https://sgst.prod.dl.playstation.net/sgst/prod/00/np/PPSA18070_00/7928c1a7-0938-4b99-841c-c466b59212e7-version.xml,ps5,game
UP9000-PPSA01289_00-SABAALOY00000001,Aloy Costume,PPSA01289,https://sgst.prod.dl.playstation.net/sgst/prod/00/np/PPSA01289_00/0c1789e3-10b1-41eb-8ede-c159db8ef1e7-version.xml,ps5,
EP1001-PPSA01463_00-0ONGSIEEFFCAMARA,Amara Final Form Pack,PPSA01463,https://sgst.prod.dl.playstation.net/sgst/prod/00/np/PPSA01463_00/4e400b2f-9fec-400c-97ab-307b529adb57-version.xml,ps5,game
UP1001-PPSA01462_00-0ONGSIEAFFCAMARA,Amara Final Form Pack,PPSA01462,https://sgst.prod.dl.playstation.net/sgst/prod/00/np/PPSA01462_00/ed616f4d-c5de-47b3-a7ad-68ce8224f91e-version.xml,ps5,game
EP7303-PPSA23756_00-0185436026654002,Amer Fighting Open Beta,PPSA23756,https://sgst.prod.dl.playstation.net/sgst/prod/00/np/PPSA23756_00/c8b567a3-4473-4387-a219-143de60ca96f-version.xml,ps5,game
UP7032-PPSA03595_00-AMONGUSSONYPS5NA,Among Us,PPSA03595,https://sgst.prod.dl.playstation.net/sgst/prod/00/np/PPSA03595_00/f49e1fd6-8b0b-4dc0-b79c-afde7ae63602-version.xml,ps5,game
EP7028-PPSA03596_00-AMONGUSSONYPS5EU,Among Us,PPSA03596,https://sgst.prod.dl.playstation.net/sgst/prod/00/np/PPSA03596_00/e970a429-4c54-47f2-918a-98eb161496bc-version.xml,ps5,game
UP4395-PPSA04870_00-LMSANCIENTBRIT00,Ancient Britain,PPSA04870,https://sgst.prod.dl.playstation.net/sgst/prod/00/np/PPSA04870_00/5458b8ab-8552-4acd-97d3-f2a440f134db-version.xml,ps5,game
UP3643-PPSA29043_00-ANGERFOOTKICKING,Anger Foot,PPSA29043,https://sgst.prod.dl.playstation.net/sgst/prod/00/np/PPSA29043_00/8e20f2f9-a09b-4415-9378-75f5eaf65858-version.xml,ps5,game
UP0001-PPSA04716_00-ANNO1800PS000000,Anno 1800 Console Edition,PPSA04716,https://sgst.prod.dl.playstation.net/sgst/prod/00/np/PPSA04716_00/1810e5ed-2e88-4c38-aa5e-ca53a5903a57-version.xml,ps5,game
EP0896-PPSA02700_00-RATALAIKANODYNE2,Anodyne 2: Return to Dust,PPSA02700,https://sgst.prod.dl.playstation.net/sgst/prod/00/np/PPSA02700_00/cccedcfe-3307-4f46-b094-f44bf92ebbce-version.xml,ps5,game
EP8070-PPSA23764_00-0931586913078020,AnomalyPools,PPSA23764,https://sgst.prod.dl.playstation.net/sgst/prod/00/np/PPSA23764_00/efc4675f-5b54-4f77-8b18-822a8c392fd1-version.xml,ps5,game
UP7131-PPSA20422_00-ANOTHERCRABS4US5,Another Crab's Treasure,PPSA20422,https://sgst.prod.dl.playstation.net/sgst/prod/00/np/PPSA20422_00/82a1bf95-ac1f-41a0-8bfb-7ef5aa2432b1-version.xml,ps5,game
EB0324-PPSA21703_00-0489930440913520,Ante Chamber,PPSA21703,https://sgst.prod.dl.playstation.net/sgst/prod/00/np/PPSA21703_00/38a532c3-a7b9-4695-8b98-5eed82de6e13-version.xml,ps5,game
UP9000-PPSA11163_00-UCES003020000000,Ape Academy 2,PPSA11163,https://sgst.prod.dl.playstation.net/sgst/prod/00/np/PPSA11163_00/1cf69614-e6f9-4829-8bed-a65a424d04fe-version.xml,ps5,game
UP9000-PPSA06319_00-SCUS944230000000,Ape Escape,PPSA06319,https://sgst.prod.dl.playstation.net/sgst/prod/00/np/PPSA06319_00/e2757690-7060-47f0-95ec-20269ee0b396-version.xml,ps5,game
UP9000-PPSA07123_00-UCUS986190000000,Ape Escape Academy,PPSA07123,https://sgst.prod.dl.playstation.net/sgst/prod/00/np/PPSA07123_00/c9da0153-d84d-4bc4-a73c-d590e372dd7c-version.xml,ps5,game
UP9000-PPSA11127_00-UCUS986090000000,Ape Escape: On The Loose,PPSA11127,https://sgst.prod.dl.playstation.net/sgst/prod/00/np/PPSA11127_00/f41112ad-7b5c-48f3-9ffa-21032c902561-version.xml,ps5,game
UP0006-PPSA04873_00-APEXLEGENDRSPWN1,Apex Legends,PPSA04873,https://sgst.prod.dl.playstation.net/sgst/prod/00/np/PPSA04873_00/eedcdf2a-b77d-4c05-be3f-6f9d584c34d4-version.xml,ps5,game
EP0006-PPSA04874_00-APEXLEGENDRSPWN1,Apex Legends,PPSA04874,https://sgst.prod.dl.playstation.net/sgst/prod/00/np/PPSA04874_00/e8fb7e2d-ca73-43ce-a62f-d821e292e129-version.xml,ps5,
UP0006-PPSA04873_00-PLP0170000000000,Apex Legends PS Plus Pack 17,PPSA04873,https://sgst.prod.dl.playstation.net/sgst/prod/00/np/PPSA04873_00/eedcdf2a-b77d-4c05-be3f-6f9d584c34d4-version.xml,ps5,
UP0006-PPSA04873_00-PLP0180000000000,Apex Legends PS Plus Pack 18,PPSA04873,https://sgst.prod.dl.playstation.net/sgst/prod/00/np/PPSA04873_00/eedcdf2a-b77d-4c05-be3f-6f9d584c34d4-version.xml,ps5,
EP0006-PPSA04874_00-PLP0190000000000,Apex Legends PS Plus Pack 19,PPSA04874,https://sgst.prod.dl.playstation.net/sgst/prod/00/np/PPSA04874_00/e8fb7e2d-ca73-43ce-a62f-d821e292e129-version.xml,ps5,game
UP0006-PPSA04873_00-PLP0190000000000,Apex Legends PS Plus Pack 19,PPSA04873,https://sgst.prod.dl.playstation.net/sgst/prod/00/np/PPSA04873_00/eedcdf2a-b77d-4c05-be3f-6f9d584c34d4-version.xml,ps5,
UP0006-PPSA04873_00-PLP0200000000000,Apex Legends PS Plus Pack 20,PPSA04873,https://sgst.prod.dl.playstation.net/sgst/prod/00/np/PPSA04873_00/eedcdf2a-b77d-4c05-be3f-6f9d584c34d4-version.xml,ps5,
UP0006-PPSA04873_00-PLP0210000000000,Apex Legends PS Plus Pack 21,PPSA04873,https://sgst.prod.dl.playstation.net/sgst/prod/00/np/PPSA04873_00/eedcdf2a-b77d-4c05-be3f-6f9d584c34d4-version.xml,ps5,
UP0006-PPSA04873_00-PLP0230000000000,Apex Legends PS Plus Pack 23,PPSA04873,https://sgst.prod.dl.playstation.net/sgst/prod/00/np/PPSA04873_00/eedcdf2a-b77d-4c05-be3f-6f9d584c34d4-version.xml,ps5,
UP0006-PPSA04873_00-PLP0240000000000,Apex Legends PS Plus Pack 24,PPSA04873,https://sgst.prod.dl.playstation.net/sgst/prod/00/np/PPSA04873_00/eedcdf2a-b77d-4c05-be3f-6f9d584c34d4-version.xml,ps5,game
EP0006-PPSA04874_00-PLP0240000000000,Apex Legends PS Plus Pack 24,PPSA04874,https://sgst.prod.dl.playstation.net/sgst/prod/00/np/PPSA04874_00/e8fb7e2d-ca73-43ce-a62f-d821e292e129-version.xml,ps5,game
EP0006-PPSA04874_00-PLP0250000000000,Apex Legends PS Plus Pack 25,PPSA04874,https://sgst.prod.dl.playstation.net/sgst/prod/00/np/PPSA04874_00/e8fb7e2d-ca73-43ce-a62f-d821e292e129-version.xml,ps5,game
UP0006-PPSA04873_00-PLP0250000000000,Apex Legends PS Plus Pack 25,PPSA04873,https://sgst.prod.dl.playstation.net/sgst/prod/00/np/PPSA04873_00/eedcdf2a-b77d-4c05-be3f-6f9d584c34d4-version.xml,ps5,
UP0006-PPSA04873_00-PLP0260000000000,Apex Legends PS Plus Pack 26,PPSA04873,https://sgst.prod.dl.playstation.net/sgst/prod/00/np/PPSA04873_00/eedcdf2a-b77d-4c05-be3f-6f9d584c34d4-version.xml,ps5,
UP0006-PPSA04873_00-PLP0270000000000,Apex Legends PS Plus Pack 27,PPSA04873,https://sgst.prod.dl.playstation.net/sgst/prod/00/np/PPSA04873_00/eedcdf2a-b77d-4c05-be3f-6f9d584c34d4-version.xml,ps5,
UP9000-PPSA01289_00-SABAAPPLE0000001,Apple Costume,PPSA01289,https://sgst.prod.dl.playstation.net/sgst/prod/00/np/PPSA01289_00/0c1789e3-10b1-41eb-8ede-c159db8ef1e7-version.xml,ps5,
EP6365-PPSA03622_00-1110386640607292,Apple Music,PPSA03622,https://sgst.prod.dl.playstation.net/sgst/prod/00/np/PPSA03622_00/0839b446-09f4-4b92-b666-ad615a055350-version.xml,ps5,game
HP6352-PPSA01784_00-0131951319324326,Apple TV,PPSA01784,https://sgst.prod.dl.playstation.net/sgst/prod/00/np/PPSA01784_00/ff08637f-51ce-46d1-affb-4f1107e8c2a2-version.xml,ps5,
EP6365-PPSA01782_00-5583812112998676,Apple TV,PPSA01782,https://sgst.prod.dl.playstation.net/sgst/prod/00/np/PPSA01782_00/0fe9039c-a4ff-4f67-9d28-2a49db497124-version.xml,ps5,
UP4382-PPSA03663_00-ARCADEPARADISEP5,Arcade Paradise,PPSA03663,https://sgst.prod.dl.playstation.net/sgst/prod/00/np/PPSA03663_00/498cc455-e0f4-4197-a0f9-1d0da82873e5-version.xml,ps5,game
UP3095-PPSA04020_00-9652118471396124,Arcadegeddon,PPSA04020,https://sgst.prod.dl.playstation.net/sgst/prod/00/np/PPSA04020_00/19aae4ec-d99e-4fb5-8f9e-79e4df7943c9-version.xml,ps5,game
HP3040-PPSA04040_00-3338971447486540,Arcadegeddon,PPSA04040,https://sgst.prod.dl.playstation.net/sgst/prod/00/np/PPSA04040_00/dd6ccbf4-41be-4940-9c9e-a7e299449c70-version.xml,ps5,
EP2954-PPSA04022_00-8279782818643551,Arcadegeddon,PPSA04022,https://sgst.prod.dl.playstation.net/sgst/prod/00/np/PPSA04022_00/f3ba6b1a-7aff-464c-954b-1677a724cfbd-version.xml,ps5,
EP0896-PPSA08626_00-RAGARENASOFTANKS,Arenas Of Tanks,PPSA08626,https://sgst.prod.dl.playstation.net/sgst/prod/00/np/PPSA08626_00/90f542c1-6844-438f-aa34-b990a08b8ff2-version.xml,ps5,game
UB0018-PPSA18538_00-ENDFIELD0000SIEA,Arknights: Endfield,PPSA18538,https://sgst.prod.dl.playstation.net/sgst/prod/00/np/PPSA18538_00/90453d9b-b2a8-4e39-9e1e-bb0e33f27ecf-version.xml,ps5,game
UP4633-PPSA17818_00-0075138244833922,As Dusk Falls,PPSA17818,https://sgst.prod.dl.playstation.net/sgst/prod/00/np/PPSA17818_00/d952d32c-1554-4024-a4b5-9a1868cd3b56-version.xml,ps5,game
EP4805-PPSA17815_00-0116471426676322,As Dusk Falls,PPSA17815,https://sgst.prod.dl.playstation.net/sgst/prod/00/np/PPSA17815_00/d4be6d49-6a53-45dd-957c-68cf2b897cdd-version.xml,ps5,game
UP0001-PPSA07230_00-ULCITEM000000001,Assassin's Creed Mirage - Deluxe Pack,PPSA07230,https://sgst.prod.dl.playstation.net/sgst/prod/00/np/PPSA07230_00/e5f4e562-baa8-4c90-8ded-f4d5f2584173-version.xml,ps5,
UP0001-PPSA07230_00-ULCITEM000000004,Assassin's Creed Mirage - Fire Demon Pack,PPSA07230,https://sgst.prod.dl.playstation.net/sgst/prod/00/np/PPSA07230_00/e5f4e562-baa8-4c90-8ded-f4d5f2584173-version.xml,ps5,
UP0001-PPSA07230_00-ULCITEM000000008,Assassin's Creed Mirage - Guardian Pack,PPSA07230,https://sgst.prod.dl.playstation.net/sgst/prod/00/np/PPSA07230_00/e5f4e562-baa8-4c90-8ded-f4d5f2584173-version.xml,ps5,
UP0001-PPSA07230_00-ULCITEM000000003,Assassin's Creed Mirage - Jinni Pack,PPSA07230,https://sgst.prod.dl.playstation.net/sgst/prod/00/np/PPSA07230_00/e5f4e562-baa8-4c90-8ded-f4d5f2584173-version.xml,ps5,
UP0001-PPSA07230_00-ULCITEM000000002,Assassin's Creed Mirage - Lightning Pack,PPSA07230,https://sgst.prod.dl.playstation.net/sgst/prod/00/np/PPSA07230_00/e5f4e562-baa8-4c90-8ded-f4d5f2584173-version.xml,ps5,
UP0001-PPSA07230_00-ULCITEM000000007,Assassin's Creed Mirage - Master Assassin Pack,PPSA07230,https://sgst.prod.dl.playstation.net/sgst/prod/00/np/PPSA07230_00/e5f4e562-baa8-4c90-8ded-f4d5f2584173-version.xml,ps5,
UP0001-PPSA07230_00-ULCQUEST00000001,Assassin's Creed Mirage - The Forty Thieves,PPSA07230,https://sgst.prod.dl.playstation.net/sgst/prod/00/np/PPSA07230_00/e5f4e562-baa8-4c90-8ded-f4d5f2584173-version.xml,ps5,game
UP0001-PPSA01491_00-ULCQUEST00000002,Assassin's Creed Valhalla -  Season Pass Mission,PPSA01491,https://sgst.prod.dl.playstation.net/sgst/prod/00/np/PPSA01491_00/a74afd96-ee9a-4d79-a1a6-0603f1ef98dc-version.xml,ps5,game
UP0001-PPSA07230_00-GAME000000000000,Assassin's Creed® Mirage,PPSA07230,https://sgst.prod.dl.playstation.net/sgst/prod/00/np/PPSA07230_00/e5f4e562-baa8-4c90-8ded-f4d5f2584173-version.xml,ps5,game
UP0001-PPSA20396_00-GAME000000000000,Assassin's Creed® Shadows,PPSA20396,https://sgst.prod.dl.playstation.net/sgst/prod/00/np/PPSA20396_00/26fc7e4e-b488-4424-a426-5d3489aad6f3-version.xml,ps5,
UP0001-PPSA01491_00-GAME000000000000,Assassin's Creed® Valhalla,PPSA01491,https://sgst.prod.dl.playstation.net/sgst/prod/00/np/PPSA01491_00/a74afd96-ee9a-4d79-a1a6-0603f1ef98dc-version.xml,ps5,game
EP0001-PPSA01490_00-GAME000000000000,Assassin's Creed® Valhalla,PPSA01490,https://sgst.prod.dl.playstation.net/sgst/prod/00/np/PPSA01490_00/b94df226-94ce-4cac-897a-161efd9124a1-version.xml,ps5,game
EP0001-PPSA20397_00-ULCQUEST00000001,Assassin's Creed® Shadows - Thrown to the Dogs,PPSA20397,https://sgst.prod.dl.playstation.net/sgst/prod/00/np/PPSA20397_00/83d07c60-c33d-46e4-86fd-1ce3b1920cd9-version.xml,ps5,game
UP4040-PPSA03847_00-ACCOMPPS50000000,Assetto Corsa Competizione,PPSA03847,https://sgst.prod.dl.playstation.net/sgst/prod/00/np/PPSA03847_00/4f56661e-4ef7-44a4-bc37-ff9f1dae544d-version.xml,ps5,game
EP4040-PPSA03848_00-ACCOMPPS50000000,Assetto Corsa Competizione,PPSA03848,https://sgst.prod.dl.playstation.net/sgst/prod/00/np/PPSA03848_00/ccd5cb17-211f-46fa-9ee1-0fa640243cd1-version.xml,ps5,game
UP0134-PPSA08741_00-ASTORBLADE000000,Astor: Blade of the Monolith,PPSA08741,https://sgst.prod.dl.playstation.net/sgst/prod/00/np/PPSA08741_00/05ea3b3a-e9c9-4a47-907c-b3726fc8162e-version.xml,ps5,game
UP9000-PPSA01289_00-SABAASTROBOT0001,Astrobot Costume,PPSA01289,https://sgst.prod.dl.playstation.net/sgst/prod/00/np/PPSA01289_00/0c1789e3-10b1-41eb-8ede-c159db8ef1e7-version.xml,ps5,
UP4108-PPSA08520_00-RYZA300000MASTER,Atelier Ryza 3: Alchemist of the End & the Secret Key,PPSA08520,https://sgst.prod.dl.playstation.net/sgst/prod/00/np/PPSA08520_00/93b279c9-c933-4619-a05c-42dccb9da7df-version.xml,ps5,game
UP4133-PPSA03390_00-ATLASFALLEN00000,Atlas Fallen,PPSA03390,https://sgst.prod.dl.playstation.net/sgst/prod/00/np/PPSA03390_00/dc27a082-288a-49ad-8092-74249b3d2a5e-version.xml,ps5,game
EP4133-PPSA10695_00-ATOMICHEARTGAME0,Atomic Heart,PPSA10695,https://sgst.prod.dl.playstation.net/sgst/prod/00/np/PPSA10695_00/b7d9b7ec-2f1c-48a1-b60c-61ceb548c8bd-version.xml,ps5,game
EP4133-PPSA10695_00-ATOHATOMICPASS01,Atomic Heart: Annihilation Instinct,PPSA10695,https://sgst.prod.dl.playstation.net/sgst/prod/00/np/PPSA10695_00/b7d9b7ec-2f1c-48a1-b60c-61ceb548c8bd-version.xml,ps5,game
EP4133-PPSA10695_00-ATOHATOMICPASS03,Atomic Heart: Enchantment Under the Sea,PPSA10695,https://sgst.prod.dl.playstation.net/sgst/prod/00/np/PPSA10695_00/b7d9b7ec-2f1c-48a1-b60c-61ceb548c8bd-version.xml,ps5,game
EP4133-PPSA10695_00-ATOHSWEDEELECTRO,Atomic Heart: Labour & Science Weapon Skin Pack,PPSA10695,https://sgst.prod.dl.playstation.net/sgst/prod/00/np/PPSA10695_00/b7d9b7ec-2f1c-48a1-b60c-61ceb548c8bd-version.xml,ps5,game
EP4133-PPSA10695_00-ATOHATOMICPASS02,Atomic Heart: Trapped in Limbo,PPSA10695,https://sgst.prod.dl.playstation.net/sgst/prod/00/np/PPSA10695_00/b7d9b7ec-2f1c-48a1-b60c-61ceb548c8bd-version.xml,ps5,game
UP9000-PPSA01289_00-SABAATREUS000001,Atreus Costume,PPSA01289,https://sgst.prod.dl.playstation.net/sgst/prod/00/np/PPSA01289_00/0c1789e3-10b1-41eb-8ede-c159db8ef1e7-version.xml,ps5,
UP6254-PPSA02917_00-AUTOCHESS202100A,Auto Chess,PPSA02917,https://sgst.prod.dl.playstation.net/sgst/prod/00/np/PPSA02917_00/b9a566b7-0bfd-4529-8e2a-c21dc00ee521-version.xml,ps5,
UP0700-PPSA10595_00-TK800COSCLASSICT,Avatar Costume: Classic TEKKEN T-Shirt Set,PPSA10595,https://sgst.prod.dl.playstation.net/sgst/prod/00/np/PPSA10595_00/0343b8b2-3038-4177-ad33-b129114c5362-version.xml,ps5,
UP0700-PPSA10595_00-TK800COSSKNJIN00,Avatar Skin: Jin Kazama,PPSA10595,https://sgst.prod.dl.playstation.net/sgst/prod/00/np/PPSA10595_00/0343b8b2-3038-4177-ad33-b129114c5362-version.xml,ps5,
UP0700-PPSA10595_00-TK800COSSKNJUN00,Avatar Skin: Jun Kazama,PPSA10595,https://sgst.prod.dl.playstation.net/sgst/prod/00/np/PPSA10595_00/0343b8b2-3038-4177-ad33-b129114c5362-version.xml,ps5,
UP0700-PPSA10595_00-TK800COSSKNKAZYA,Avatar Skin: Kazuya Mishima,PPSA10595,https://sgst.prod.dl.playstation.net/sgst/prod/00/np/PPSA10595_00/0343b8b2-3038-4177-ad33-b129114c5362-version.xml,ps5,
UP0700-PPSA10595_00-TK800COSSKNKINJI,Avatar Skin: Kinjin,PPSA10595,https://sgst.prod.dl.playstation.net/sgst/prod/00/np/PPSA10595_00/0343b8b2-3038-4177-ad33-b129114c5362-version.xml,ps5,
UP0001-PPSA01576_00-AVATAR2GAME00001,Avatar: Frontiers of Pandora™,PPSA01576,https://sgst.prod.dl.playstation.net/sgst/prod/00/np/PPSA01576_00/3d2a77bf-03ed-4e0e-9f4d-eb5f48df898c-version.xml,ps5,
EP0850-PPSA05173_00-00000AXIOMVERGE2,Axiom Verge 2,PPSA05173,https://sgst.prod.dl.playstation.net/sgst/prod/00/np/PPSA05173_00/fab77650-6034-4f5d-97b6-7dbc5785dab7-version.xml,ps5,
UP0082-PPSA02057_00-BALANWW5A0000001,BALAN WONDERWORLD,PPSA02057,https://sgst.prod.dl.playstation.net/sgst/prod/00/np/PPSA02057_00/6859837a-e9e0-4d02-b2a6-d5c9b6eeb537-version.xml,ps5,game
EP0082-PPSA02447_00-BALANWW5E0000002,BALAN WONDERWORLD Demo,PPSA02447,https://sgst.prod.dl.playstation.net/sgst/prod/00/np/PPSA02447_00/aa1c7cc8-42c0-4265-8ac5-60d364b9fdce-version.xml,ps5,
UP8489-PPSA24270_00-SLUS000270000000,BLOOD OMEN LEGACY OF KAIN™,PPSA24270,https://sgst.prod.dl.playstation.net/sgst/prod/00/np/PPSA24270_00/51b32fcf-59f0-43d0-bfe7-2da79310bc95-version.xml,ps5,game
EP0002-PPSA07950_00-CODBO6CONTENT001,BO6: Campaign Pack 1,PPSA07950,https://sgst.prod.dl.playstation.net/sgst/prod/00/np/PPSA07950_00/4c4d5312-e602-424b-baef-3e3a4bbfc48f-version.xml,ps5,game
UP0002-PPSA01649_00-CODBO6CONTENT001,BO6: Campaign Pack 1,PPSA01649,https://sgst.prod.dl.playstation.net/sgst/prod/00/np/PPSA01649_00/c789036c-39fd-47d5-9e1f-d71e8058630f-version.xml,ps5,
EP0002-PPSA07950_00-CODBO6CONTENT002,BO6: Campaign Pack 2,PPSA07950,https://sgst.prod.dl.playstation.net/sgst/prod/00/np/PPSA07950_00/4c4d5312-e602-424b-baef-3e3a4bbfc48f-version.xml,ps5,game
UP0002-PPSA01649_00-CODBO6CONTENT002,BO6: Campaign Pack 2,PPSA01649,https://sgst.prod.dl.playstation.net/sgst/prod/00/np/PPSA01649_00/c789036c-39fd-47d5-9e1f-d71e8058630f-version.xml,ps5,
UP0002-PPSA01649_00-CODBO6CONTENT009,BO6: Multiplayer Pack,PPSA01649,https://sgst.prod.dl.playstation.net/sgst/prod/00/np/PPSA01649_00/c789036c-39fd-47d5-9e1f-d71e8058630f-version.xml,ps5,game
UP0002-PPSA01649_00-CODBO6CONTENT006,BO6: Shared Content Pack 1,PPSA01649,https://sgst.prod.dl.playstation.net/sgst/prod/00/np/PPSA01649_00/c789036c-39fd-47d5-9e1f-d71e8058630f-version.xml,ps5,game
EP0002-PPSA07950_00-CODBO6CONTENT006,BO6: Shared Content Pack 1,PPSA07950,https://sgst.prod.dl.playstation.net/sgst/prod/00/np/PPSA07950_00/4c4d5312-e602-424b-baef-3e3a4bbfc48f-version.xml,ps5,game
UP0002-PPSA01649_00-CODBO6CONTENT007,BO6: Shared Content Pack 2,PPSA01649,https://sgst.prod.dl.playstation.net/sgst/prod/00/np/PPSA01649_00/c789036c-39fd-47d5-9e1f-d71e8058630f-version.xml,ps5,
EP0002-PPSA07950_00-CODWZ23DLCPACK01,BO7: Warzone,PPSA07950,https://sgst.prod.dl.playstation.net/sgst/prod/00/np/PPSA07950_00/4c4d5312-e602-424b-baef-3e3a4bbfc48f-version.xml,ps5,game
UP0002-PPSA01649_00-CODWZ23DLCPACK01,BO7: Warzone,PPSA01649,https://sgst.prod.dl.playstation.net/sgst/prod/00/np/PPSA01649_00/c789036c-39fd-47d5-9e1f-d71e8058630f-version.xml,ps5,
UP1018-PPSA01695_00-BACK4BLOOD000000,Back 4 Blood,PPSA01695,https://sgst.prod.dl.playstation.net/sgst/prod/00/np/PPSA01695_00/29f18321-1e3e-40d0-b290-85e967a32f0b-version.xml,ps5,game
EP0082-PPSA04988_00-PWSBTF0000000001,Back to the Future Special Pack,PPSA04988,https://sgst.prod.dl.playstation.net/sgst/prod/00/np/PPSA04988_00/ebc690a4-34de-4ee1-8e6f-7f39676fc297-version.xml,ps5,game
JP3568-PPSA26658_00-0766386491739967,Bad Cheese,PPSA26658,https://sgst.prod.dl.playstation.net/sgst/prod/00/np/PPSA26658_00/f232845b-5a33-4a9e-8b3c-a6788ca7b401-version.xml,ps5,game
EP2866-PPSA23364_00-TSW5KINZIGTALBAH,Bahnstrecke: Frankfurt - Fulda,PPSA23364,https://sgst.prod.dl.playstation.net/sgst/prod/00/np/PPSA23364_00/405410c0-0f31-4ec3-8f71-8985fd1c7573-version.xml,ps5,game
EP0896-PPSA04077_00-RGBAIQUHUNDREDSO,Bai Qu: Hundreds of Melodies,PPSA04077,https://sgst.prod.dl.playstation.net/sgst/prod/00/np/PPSA04077_00/71104777-bfa9-4569-8b02-e5edab6e9183-version.xml,ps5,game
UP3639-PPSA21401_00-0767712965312971,Balatro,PPSA21401,https://sgst.prod.dl.playstation.net/sgst/prod/00/np/PPSA21401_00/65246432-8baf-4c25-90dc-852aad76ac2b-version.xml,ps5,game
EP1001-PPSA01463_00-00ONGSIEEBFCZANE,Bane Flynt,PPSA01463,https://sgst.prod.dl.playstation.net/sgst/prod/00/np/PPSA01463_00/4e400b2f-9fec-400c-97ab-307b529adb57-version.xml,ps5,game
UP6963-PPSA11115_00-XXXXXXXXXXXBOBUS,Bang-On Balls: Chronicles,PPSA11115,https://sgst.prod.dl.playstation.net/sgst/prod/00/np/PPSA11115_00/b330a476-2d35-4ef3-9a2c-c9702ac2b3ac-version.xml,ps5,game
UP4133-PPSA10054_00-NEWWORLDGAME0000,Banishers: Ghosts of New Eden,PPSA10054,https://sgst.prod.dl.playstation.net/sgst/prod/00/np/PPSA10054_00/f262ec09-9675-4f6b-9d1f-727b7eb76bc7-version.xml,ps5,game
UP3004-PPSA03093_00-BASSMASTERFPS5US,Bassmaster Fishing 2022,PPSA03093,https://sgst.prod.dl.playstation.net/sgst/prod/00/np/PPSA03093_00/ad093a74-b950-4f13-9fbf-a77f7b38db8b-version.xml,ps5,game
UP6261-PPSA27019_00-SLUS204950000000,Battle Engine Aquila,PPSA27019,https://sgst.prod.dl.playstation.net/sgst/prod/00/np/PPSA27019_00/bd1cf664-b8a0-410c-90d5-3c663cd0b783-version.xml,ps5,game
UP0700-PPSA10595_00-TK800MAPY1GST001,Battle Stage: PHOENIX GATE (FINAL FANTASY XVI),PPSA10595,https://sgst.prod.dl.playstation.net/sgst/prod/00/np/PPSA10595_00/0343b8b2-3038-4177-ad33-b129114c5362-version.xml,ps5,
UP6312-PPSA18654_00-0832620513464690,Battle for Greece,PPSA18654,https://sgst.prod.dl.playstation.net/sgst/prod/00/np/PPSA18654_00/935e23b3-169e-439b-99d8-ae2b8b534b37-version.xml,ps5,game
UP0006-PPSA23924_00-LOREMIPSUMX00000,Battlefield Labs,PPSA23924,https://sgst.prod.dl.playstation.net/sgst/prod/00/np/PPSA23924_00/7d556724-8534-4ee2-9b1d-bdb791134919-version.xml,ps5,game
UP0006-PPSA23924_00-BFLABSCONTENT001,Battlefield Labs - Content 1,PPSA23924,https://sgst.prod.dl.playstation.net/sgst/prod/00/np/PPSA23924_00/7d556724-8534-4ee2-9b1d-bdb791134919-version.xml,ps5,game
UP0006-PPSA23924_00-BFLABSCONTENT002,Battlefield Labs - Content 2,PPSA23924,https://sgst.prod.dl.playstation.net/sgst/prod/00/np/PPSA23924_00/7d556724-8534-4ee2-9b1d-bdb791134919-version.xml,ps5,game
UP0006-PPSA23924_00-BFLABSCONTENT003,Battlefield Labs - Content 3,PPSA23924,https://sgst.prod.dl.playstation.net/sgst/prod/00/np/PPSA23924_00/7d556724-8534-4ee2-9b1d-bdb791134919-version.xml,ps5,game
UP0006-PPSA23924_00-BFLABSMARKER0001,Battlefield Labs Marker,PPSA23924,https://sgst.prod.dl.playstation.net/sgst/prod/00/np/PPSA23924_00/7d556724-8534-4ee2-9b1d-bdb791134919-version.xml,ps5,game
UP0006-PPSA19534_00-CONTENTMARKER002,Battlefield Marker,PPSA19534,https://sgst.prod.dl.playstation.net/sgst/prod/00/np/PPSA19534_00/2c0cca31-5f7b-45ea-8a3f-51a686579c21-version.xml,ps5,
EP0006-PPSA01465_00-KINGSTONGAME0000,Battlefield™ 2042,PPSA01465,https://sgst.prod.dl.playstation.net/sgst/prod/00/np/PPSA01465_00/304ba4ae-5ac0-4bfc-be01-77664c22d4b5-version.xml,ps5,game
UP0006-PPSA01464_00-KINGSTONGAME0000,Battlefield™ 2042,PPSA01464,https://sgst.prod.dl.playstation.net/sgst/prod/00/np/PPSA01464_00/887e9766-84cd-47b5-9e4c-5795d4ff0f44-version.xml,ps5,game
UP0006-PPSA19534_00-GLACIERGAME00000,Battlefield™ 6,PPSA19534,https://sgst.prod.dl.playstation.net/sgst/prod/00/np/PPSA19534_00/2c0cca31-5f7b-45ea-8a3f-51a686579c21-version.xml,ps5,
UP0006-PPSA19534_00-HDCONTENTPACK000,Battlefield™ 6 HD Content,PPSA19534,https://sgst.prod.dl.playstation.net/sgst/prod/00/np/PPSA19534_00/2c0cca31-5f7b-45ea-8a3f-51a686579c21-version.xml,ps5,
UP0006-PPSA28176_00-GLAEVENT00000000,Battlefield™ 6 Open Beta,PPSA28176,https://sgst.prod.dl.playstation.net/sgst/prod/00/np/PPSA28176_00/8e1e0195-1e05-4132-bb07-e79c010f31cb-version.xml,ps5,
UP0006-PPSA19534_00-CONTENTPACK00004,Battlefield™ REDSEC,PPSA19534,https://sgst.prod.dl.playstation.net/sgst/prod/00/np/PPSA19534_00/2c0cca31-5f7b-45ea-8a3f-51a686579c21-version.xml,ps5,
UP0006-PPSA19534_00-HDCONTENTPACK004,Battlefield™ REDSEC HD Textures,PPSA19534,https://sgst.prod.dl.playstation.net/sgst/prod/00/np/PPSA19534_00/2c0cca31-5f7b-45ea-8a3f-51a686579c21-version.xml,ps5,
EP4064-PPSA05367_00-3752942452250452,Before We Leave,PPSA05367,https://sgst.prod.dl.playstation.net/sgst/prod/00/np/PPSA05367_00/b6a2fb6b-ce96-4356-a502-99b9f132e8ba-version.xml,ps5,game
UP3824-PPSA08358_00-BEN10POWERTRIP00,Ben 10: Uma super viagem,PPSA08358,https://sgst.prod.dl.playstation.net/sgst/prod/00/np/PPSA08358_00/eedf1c11-1b4d-44b1-9032-e0cd6c787c98-version.xml,ps5,game
EP5519-PPSA27624_00-XXXXXXXXXXXXXXXX,Bendy and the Dark Revival,PPSA27624,https://sgst.prod.dl.playstation.net/sgst/prod/00/np/PPSA27624_00/fa47ccb4-49c5-4892-954d-a2859e995c01-version.xml,ps5,game
EP5050-PPSA20313_00-0749601018471028,Besiege,PPSA20313,https://sgst.prod.dl.playstation.net/sgst/prod/00/np/PPSA20313_00/7e75acdf-2435-43d1-8614-358453f8c508-version.xml,ps5,game
EP4902-PPSA05061_00-5935925705003159,Beyond Enemy Lines - Remastered Edition,PPSA05061,https://sgst.prod.dl.playstation.net/sgst/prod/00/np/PPSA05061_00/08fd2399-f1ff-4f2e-983b-98278a237c87-version.xml,ps5,game
EP4886-PPSA19856_00-0064327538250729,Bio Inc. Redemption,PPSA19856,https://sgst.prod.dl.playstation.net/sgst/prod/00/np/PPSA19856_00/9c897bcf-034c-4b0d-8409-350a7c44545d-version.xml,ps5,game
UP4389-PPSA06255_00-BIOMUTANT0000000,Biomutant,PPSA06255,https://sgst.prod.dl.playstation.net/sgst/prod/00/np/PPSA06255_00/164519f2-01fe-4275-ba2a-8230d0223afc-version.xml,ps5,game
EP4389-PPSA06254_00-BIOMUTANT0000000,Biomutant,PPSA06254,https://sgst.prod.dl.playstation.net/sgst/prod/00/np/PPSA06254_00/4c5b45fa-f394-4d9c-8bb6-42d0533ce75c-version.xml,ps5,
UP5082-PPSA03351_00-5622514198253603,Biophage Skin,PPSA03351,https://sgst.prod.dl.playstation.net/sgst/prod/00/np/PPSA03351_00/15440660-0c84-4097-baac-a6468e9131b7-version.xml,ps5,
UP6007-PPSA24590_00-0607604799725823,Biped,PPSA24590,https://sgst.prod.dl.playstation.net/sgst/prod/00/np/PPSA24590_00/5b69314e-591b-449d-905c-c7dcecd2b724-version.xml,ps5,game
EP9000-PPSA01288_00-SABABISCUITDAY01,Biscuit Day Costume,PPSA01288,https://sgst.prod.dl.playstation.net/sgst/prod/00/np/PPSA01288_00/1db8a953-699b-47e8-8082-799b1eea8118-version.xml,ps5,game
UP9000-PPSA01289_00-SABABISCUITDAY01,Biscuit Day Costume,PPSA01289,https://sgst.prod.dl.playstation.net/sgst/prod/00/np/PPSA01289_00/0c1789e3-10b1-41eb-8ede-c159db8ef1e7-version.xml,ps5,
UP2005-PPSA04800_00-BISHOUJOBATTLECP,Bishoujo Battle Cyber Panic!,PPSA04800,https://sgst.prod.dl.playstation.net/sgst/prod/00/np/PPSA04800_00/64432f1c-6314-49e6-a02d-d1acac8eb199-version.xml,ps5,game
UP2005-PPSA04481_00-BISHOUJOBATTLEMS,Bishoujo Battle Mahjong Solitaire,PPSA04481,https://sgst.prod.dl.playstation.net/sgst/prod/00/np/PPSA04481_00/2645fab0-10fd-4505-a5b5-824dc31db344-version.xml,ps5,game
HP6545-PPSA23226_00-GAME000000000000,Black Myth: Wukong,PPSA23226,https://sgst.prod.dl.playstation.net/sgst/prod/00/np/PPSA23226_00/ad1493d1-2b42-4333-aa4e-e945a4d15cf5-version.xml,ps5,game
EP5733-PPSA03469_00-9596288286869352,Blackwind,PPSA03469,https://sgst.prod.dl.playstation.net/sgst/prod/00/np/PPSA03469_00/09375dfe-926f-4913-9058-46d7093e4c84-version.xml,ps5,game
UP9000-PPSA11137_00-ULUS101240000000,Blade Dancer: Lineage of Light,PPSA11137,https://sgst.prod.dl.playstation.net/sgst/prod/00/np/PPSA11137_00/0cd23829-ce8b-492c-b572-0c58285c0a43-version.xml,ps5,game
EP7947-PPSA10819_00-1907741267813674,Blade of Darkness,PPSA10819,https://sgst.prod.dl.playstation.net/sgst/prod/00/np/PPSA10819_00/2080020e-e2f8-4663-830a-ad50c055fb3d-version.xml,ps5,game
EP4040-PPSA30073_00-DEMOBLADESOFFIRE,Blades of Fire Demo,PPSA30073,https://sgst.prod.dl.playstation.net/sgst/prod/00/np/PPSA30073_00/c58c0fdf-bef9-4b83-a5ee-350d8e09d2b5-version.xml,ps5,
UP4064-PPSA13580_00-BLASPHEMOUS20000,Blasphemous 2,PPSA13580,https://sgst.prod.dl.playstation.net/sgst/prod/00/np/PPSA13580_00/9e68e9ce-4789-40ad-b363-6d288a190c56-version.xml,ps5,game
UP6312-PPSA18653_00-0675758490162064,Blessings,PPSA18653,https://sgst.prod.dl.playstation.net/sgst/prod/00/np/PPSA18653_00/974334bd-776e-4ecd-a271-c0021cfb48e9-version.xml,ps5,game
UP6665-PPSA08556_00-BB30000000000000,Blood Bowl 3,PPSA08556,https://sgst.prod.dl.playstation.net/sgst/prod/00/np/PPSA08556_00/69f522d9-61ba-4748-b932-bba9a13935b5-version.xml,ps5,game
EP6260-PPSA05975_00-BLOODRAYNE2RVPS5,BloodRayne 2: ReVamped,PPSA05975,https://sgst.prod.dl.playstation.net/sgst/prod/00/np/PPSA05975_00/98ba0653-fb2d-41e4-a741-fc1a6eb5f1e3-version.xml,ps5,game
EP6260-PPSA03365_00-9663954018076774,BloodRayne Betrayal: Fresh Bites,PPSA03365,https://sgst.prod.dl.playstation.net/sgst/prod/00/np/PPSA03365_00/eb08b264-53d1-404b-9972-b1375b4ce92e-version.xml,ps5,game
EP6260-PPSA05916_00-BLOODRAYNE1RVPS5,BloodRayne: ReVamped,PPSA05916,https://sgst.prod.dl.playstation.net/sgst/prod/00/np/PPSA05916_00/6c26f25a-4fd6-4248-8a97-61740eeaa067-version.xml,ps5,game
UP6261-PPSA05915_00-BLOODRAYNE1RVPS5,BloodRayne: ReVamped,PPSA05915,https://sgst.prod.dl.playstation.net/sgst/prod/00/np/PPSA05915_00/612b7b23-8659-49c9-b22b-2d0fe23078a3-version.xml,ps5,game
EP6776-PPSA07327_00-2461242312720302,Bloodwash,PPSA07327,https://sgst.prod.dl.playstation.net/sgst/prod/00/np/PPSA07327_00/3a2b7fe4-4601-4325-8e7f-c37bd01b669d-version.xml,ps5,game
EP2187-PPSA25009_00-BLUEPRINCE000000,Blue Prince,PPSA25009,https://sgst.prod.dl.playstation.net/sgst/prod/00/np/PPSA25009_00/357d6813-95fc-4f6a-a6b5-839a7184c973-version.xml,ps5,game
UP3824-PPSA09955_00-BUEYBASEGAME0001,Bluey: o video game,PPSA09955,https://sgst.prod.dl.playstation.net/sgst/prod/00/np/PPSA09955_00/332b2b3b-b152-4e73-ad1b-a8351f6fb4bc-version.xml,ps5,game
UP6322-PPSA18605_00-ADDCONT00000DLC3,Boiling Point,PPSA18605,https://sgst.prod.dl.playstation.net/sgst/prod/00/np/PPSA18605_00/75dbd221-8368-4199-bc17-797469e11d02-version.xml,ps5,game
UP2557-PPSA11326_00-BOMBRUSHCYBRFUNK,Bomb Rush Cyberfunk,PPSA11326,https://sgst.prod.dl.playstation.net/sgst/prod/00/np/PPSA11326_00/3da449d9-697a-4ad1-b155-3b58186d8c71-version.xml,ps5,game
EP1001-PPSA01463_00-00000ONGSIEEDLC5,Borderlands 3: Designer's Cut,PPSA01463,https://sgst.prod.dl.playstation.net/sgst/prod/00/np/PPSA01463_00/4e400b2f-9fec-400c-97ab-307b529adb57-version.xml,ps5,game
EP1001-PPSA01463_00-00000ONGSIEEDLC6,Borderlands 3: Director's Cut,PPSA01463,https://sgst.prod.dl.playstation.net/sgst/prod/00/np/PPSA01463_00/4e400b2f-9fec-400c-97ab-307b529adb57-version.xml,ps5,game
UP1001-PPSA01462_00-0000000OAKNGSIEA,Borderlands® 3,PPSA01462,https://sgst.prod.dl.playstation.net/sgst/prod/00/np/PPSA01462_00/ed616f4d-c5de-47b3-a7ad-68ce8224f91e-version.xml,ps5,game
EP1001-PPSA01463_00-0000000OAKNGSIEE,Borderlands® 3,PPSA01463,https://sgst.prod.dl.playstation.net/sgst/prod/00/np/PPSA01463_00/4e400b2f-9fec-400c-97ab-307b529adb57-version.xml,ps5,game
UP1309-PPSA14458_00-BORNOFBREADSIEA5,Born Of Bread,PPSA14458,https://sgst.prod.dl.playstation.net/sgst/prod/00/np/PPSA14458_00/8e84bd09-2c35-4c3c-942f-f743055aa018-version.xml,ps5,game
EP1001-PPSA01463_00-00000ONGSIEEDLC3,Bounty of Blood,PPSA01463,https://sgst.prod.dl.playstation.net/sgst/prod/00/np/PPSA01463_00/4e400b2f-9fec-400c-97ab-307b529adb57-version.xml,ps5,game
UP1001-PPSA01462_00-00000ONGSIEADLC3,Bounty of Blood,PPSA01462,https://sgst.prod.dl.playstation.net/sgst/prod/00/np/PPSA01462_00/ed616f4d-c5de-47b3-a7ad-68ce8224f91e-version.xml,ps5,game
UP6406-PPSA17567_00-0143146863591416,Box To The Beat VR Demo,PPSA17567,https://sgst.prod.dl.playstation.net/sgst/prod/00/np/PPSA17567_00/9b43c87c-24fc-4c80-b409-832b4ebb9435-version.xml,ps5,
UP1018-PPSA01617_00-BRAZILEDSKIN0000,Brazil Exclusive Skin,PPSA01617,https://sgst.prod.dl.playstation.net/sgst/prod/00/np/PPSA01617_00/22fce07e-73c2-4d0a-b988-305dccf7a86d-version.xml,ps5,game
EP2520-PPSA03868_00-BREWMASTERAUROCH,Brewmaster: Beer Brewing Simulator,PPSA03868,https://sgst.prod.dl.playstation.net/sgst/prod/00/np/PPSA03868_00/3b03fb67-888a-453c-821d-be1b0f7794fe-version.xml,ps5,game
EP0822-PPSA02346_00-BCTWDSIEE0000000,Bridge Constructor: The Walking Dead,PPSA02346,https://sgst.prod.dl.playstation.net/sgst/prod/00/np/PPSA02346_00/1371b751-074c-4b8b-b9e5-295885bbaea6-version.xml,ps5,game
UP1675-PPSA06640_00-SYPS5BRIGHTLIGHT,Bright Lights of Svetlov,PPSA06640,https://sgst.prod.dl.playstation.net/sgst/prod/00/np/PPSA06640_00/290b1c54-3e96-45f2-9c64-472e6c909d4d-version.xml,ps5,game
EP0122-PPSA07404_00-1670251608273720,Bright Memory: Infinite,PPSA07404,https://sgst.prod.dl.playstation.net/sgst/prod/00/np/PPSA07404_00/a646e0ca-eb71-42f3-8cde-cce0cafcb7b6-version.xml,ps5,game
UP0969-PPSA06624_00-BMI0000000000000,Bright Memory: Infinite,PPSA06624,https://sgst.prod.dl.playstation.net/sgst/prod/00/np/PPSA06624_00/b7c7aedb-11e6-4a3d-b062-6e9e88bd8e7a-version.xml,ps5,
EP5733-PPSA05008_00-9319449668698946,Broken Lines,PPSA05008,https://sgst.prod.dl.playstation.net/sgst/prod/00/np/PPSA05008_00/a5d72e8d-e2ca-4a2f-8615-c761b105671e-version.xml,ps5,game
UP4425-PPSA18472_00-BROTATOSIEA00000,Brotato,PPSA18472,https://sgst.prod.dl.playstation.net/sgst/prod/00/np/PPSA18472_00/04d48d05-c99b-42ea-8b5c-e312e82a81a7-version.xml,ps5,game
UP4040-PPSA14501_00-BROTHERSFORPS5US,Brothers: A Tale of Two Sons Remake,PPSA14501,https://sgst.prod.dl.playstation.net/sgst/prod/00/np/PPSA14501_00/6ec8b119-51dd-4ba3-a7a5-56b8c8444224-version.xml,ps5,game
UP0182-PPSA28021_00-BUBSYPURRFECTPS5,Bubsy In: The Purrfect Collection,PPSA28021,https://sgst.prod.dl.playstation.net/sgst/prod/00/np/PPSA28021_00/4cfe1f36-2e6e-4a6a-9623-7e22c482d416-version.xml,ps5,game
HP2104-PPSA01540_00-BSNAX16543620005,Bugsnax,PPSA01540,https://sgst.prod.dl.playstation.net/sgst/prod/00/np/PPSA01540_00/690e86b6-62fb-4a4e-97e1-0296f05218ba-version.xml,ps5,
EP7290-PPSA05496_00-7569653556464617,Builder's Journey,PPSA05496,https://sgst.prod.dl.playstation.net/sgst/prod/00/np/PPSA05496_00/4053df48-6777-4759-a860-430b3661b827-version.xml,ps5,game
EP9000-PPSA01288_00-SABABUMBLEBEE001,Bumblebee Costume,PPSA01288,https://sgst.prod.dl.playstation.net/sgst/prod/00/np/PPSA01288_00/1db8a953-699b-47e8-8082-799b1eea8118-version.xml,ps5,game
UP9000-PPSA01289_00-SABABUMBLEBEE001,Bumblebee Costume,PPSA01289,https://sgst.prod.dl.playstation.net/sgst/prod/00/np/PPSA01289_00/0c1789e3-10b1-41eb-8ede-c159db8ef1e7-version.xml,ps5,
EP8209-PPSA03740_00-BUNNYRAIDERS0000,Bunny Raiders,PPSA03740,https://sgst.prod.dl.playstation.net/sgst/prod/00/np/PPSA03740_00/79143be5-20fc-40b2-97ca-56b0a981e67d-version.xml,ps5,game
UP2565-PPSA06775_00-BUSSIMXXXXXXXXXX,Bus Simulator 21 Next Stop,PPSA06775,https://sgst.prod.dl.playstation.net/sgst/prod/00/np/PPSA06775_00/91c220ac-08cb-4fb2-8566-7fdbfdcf5012-version.xml,ps5,game
EP2430-PPSA06776_00-BUSSIMXXXXXXXXXX,Bus Simulator 21 Next Stop,PPSA06776,https://sgst.prod.dl.playstation.net/sgst/prod/00/np/PPSA06776_00/83415b20-8c63-4f49-9db4-cde24c4db09a-version.xml,ps5,game
EP1001-PPSA01463_00-ONGCOSMETICSIEE1,Butt Stallion Pack,PPSA01463,https://sgst.prod.dl.playstation.net/sgst/prod/00/np/PPSA01463_00/4e400b2f-9fec-400c-97ab-307b529adb57-version.xml,ps5,game
EP1001-PPSA01493_00-0000DAFEUPS5SPCP,Butt Stallion Pack,PPSA01493,https://sgst.prod.dl.playstation.net/sgst/prod/00/np/PPSA01493_00/35a4e113-87fc-43fe-b7fc-b93a72223736-version.xml,ps5,game
UP1001-PPSA01462_00-ONGCOSMETICSIEA1,Butt Stallion Pack,PPSA01462,https://sgst.prod.dl.playstation.net/sgst/prod/00/np/PPSA01462_00/ed616f4d-c5de-47b3-a7ad-68ce8224f91e-version.xml,ps5,game
EP6493-PPSA01975_00-1123761846452424,CANAL+,PPSA01975,https://sgst.prod.dl.playstation.net/sgst/prod/00/np/PPSA01975_00/ff47d29a-3ffc-4b69-8f0c-df3900e5101c-version.xml,ps5,game
EP6776-PPSA18854_00-0300698335791204,CHRISTMAS MASSACRE,PPSA18854,https://sgst.prod.dl.playstation.net/sgst/prod/00/np/PPSA18854_00/95fd541c-26e7-4a2a-859a-af3f7053016a-version.xml,ps5,game
UP4064-PPSA21130_00-CONSCRIPT0000000,CONSCRIPT,PPSA21130,https://sgst.prod.dl.playstation.net/sgst/prod/00/np/PPSA21130_00/8cab4887-0b0b-4a0d-b157-164c6fae7ad6-version.xml,ps5,game
UP0082-PPSA07809_00-CRISISCORE000000,CRISIS CORE –FINAL FANTASY VII– REUNION,PPSA07809,https://sgst.prod.dl.playstation.net/sgst/prod/00/np/PPSA07809_00/392e94ac-1bd9-43e1-94d7-57159b37908f-version.xml,ps5,game
UP0082-PPSA01903_00-3297462976701482,Cactuar Summoning Materia,PPSA01903,https://sgst.prod.dl.playstation.net/sgst/prod/00/np/PPSA01903_00/403b8eef-f2b4-456a-bfb9-42b3d0eb1402-version.xml,ps5,game
HP0082-PPSA01773_00-3297462976701482,Cactuar Summoning Materia,PPSA01773,https://sgst.prod.dl.playstation.net/sgst/prod/00/np/PPSA01773_00/5f3f96a2-cf9f-4f96-a22c-2cb8e47f4ae6-version.xml,ps5,
EP0082-PPSA01911_00-3297462976701482,Cactuar Summoning Materia,PPSA01911,https://sgst.prod.dl.playstation.net/sgst/prod/00/np/PPSA01911_00/ae7d9b2c-2db9-4d73-992a-dd0d1b8603b1-version.xml,ps5,
UP8437-PPSA13885_00-0913940063599855,Cactus Cowboy - Plants At War,PPSA13885,https://sgst.prod.dl.playstation.net/sgst/prod/00/np/PPSA13885_00/cc3955dc-f08b-4852-8b87-3749a13c3de9-version.xml,ps5,
EP0771-PPSA28768_00-CAIRNDEMOJUN2025,Cairn Demo,PPSA28768,https://sgst.prod.dl.playstation.net/sgst/prod/00/np/PPSA28768_00/127930ac-8a9e-4b11-86b3-e8eab02c73b1-version.xml,ps5,
UP9000-PPSA01289_00-SABAANNIVERSARY1,Cake Day Costume,PPSA01289,https://sgst.prod.dl.playstation.net/sgst/prod/00/np/PPSA01289_00/0c1789e3-10b1-41eb-8ede-c159db8ef1e7-version.xml,ps5,
UP0002-PPSA01649_00-COREGAME00000001,Call of Duty®,PPSA01649,https://sgst.prod.dl.playstation.net/sgst/prod/00/np/PPSA01649_00/c789036c-39fd-47d5-9e1f-d71e8058630f-version.xml,ps5,game
EP0002-PPSA07950_00-COREGAME00000001,Call of Duty®,PPSA07950,https://sgst.prod.dl.playstation.net/sgst/prod/00/np/PPSA07950_00/4c4d5312-e602-424b-baef-3e3a4bbfc48f-version.xml,ps5,
EP0002-PPSA07950_00-CODBO6STUB000001,Call of Duty® - BO6: Content License 1,PPSA07950,https://sgst.prod.dl.playstation.net/sgst/prod/00/np/PPSA07950_00/4c4d5312-e602-424b-baef-3e3a4bbfc48f-version.xml,ps5,game
UP0002-PPSA01649_00-CODBO6STUB000001,Call of Duty® - BO6: Content License 1,PPSA01649,https://sgst.prod.dl.playstation.net/sgst/prod/00/np/PPSA01649_00/c789036c-39fd-47d5-9e1f-d71e8058630f-version.xml,ps5,
UP0002-PPSA23012_00-MW2GAME000000001,Call of Duty® Modern Warfare 2,PPSA23012,https://sgst.prod.dl.playstation.net/sgst/prod/00/np/PPSA23012_00/77ff6f9d-cf13-40e4-b645-3cde6ae512ae-version.xml,ps5,
UP0002-PPSA24263_00-MW3GAME000000001,Call of Duty® Modern Warfare 3,PPSA24263,https://sgst.prod.dl.playstation.net/sgst/prod/00/np/PPSA24263_00/2aae6c5d-9db1-4880-b04a-d98a255e2604-version.xml,ps5,
EP0002-PPSA24264_00-MW3GAME000000001,Call of Duty® Modern Warfare 3,PPSA24264,https://sgst.prod.dl.playstation.net/sgst/prod/00/np/PPSA24264_00/6b5dd4c3-1a58-429e-b176-56321aa5dd62-version.xml,ps5,game
UP0002-PPSA34501_00-CODBO1GAME000001,Call of Duty®: Black Ops,PPSA34501,https://sgst.prod.dl.playstation.net/sgst/prod/00/np/PPSA34501_00/8d4b8814-608d-4f63-b4c7-9d78fc146e61-version.xml,ps5,game
EP0002-PPSA07950_00-CODBO6DIGITAL000,Call of Duty®: Black Ops 6 - Digital Premium License,PPSA07950,https://sgst.prod.dl.playstation.net/sgst/prod/00/np/PPSA07950_00/4c4d5312-e602-424b-baef-3e3a4bbfc48f-version.xml,ps5,game
UP0002-PPSA01649_00-CODBO6DIGITAL000,Call of Duty®: Black Ops 6 - Digital Premium License,PPSA01649,https://sgst.prod.dl.playstation.net/sgst/prod/00/np/PPSA01649_00/c789036c-39fd-47d5-9e1f-d71e8058630f-version.xml,ps5,
UP0002-PPSA01649_00-CODBO6UPGRADE001,Call of Duty®: Black Ops 6 - Upgrade Entitlement 01,PPSA01649,https://sgst.prod.dl.playstation.net/sgst/prod/00/np/PPSA01649_00/c789036c-39fd-47d5-9e1f-d71e8058630f-version.xml,ps5,
UP0002-PPSA01628_00-CODCWTHEGAME0001,Call of Duty®: Black Ops Cold War,PPSA01628,https://sgst.prod.dl.playstation.net/sgst/prod/00/np/PPSA01628_00/c3b86344-f439-477e-b5f6-fd1daad00ed0-version.xml,ps5,game
HP0002-PPSA02053_00-CODCWTHEGAME0001,Call of Duty®: Black Ops Cold War,PPSA02053,https://sgst.prod.dl.playstation.net/sgst/prod/00/np/PPSA02053_00/6dfc08d0-ccaf-42b9-b90f-283fb95714eb-version.xml,ps5,
EP0002-PPSA02050_00-CODCWTHEGAME0001,Call of Duty®: Black Ops Cold War,PPSA02050,https://sgst.prod.dl.playstation.net/sgst/prod/00/np/PPSA02050_00/57b60853-3595-4aa6-8831-36b5d604ffd1-version.xml,ps5,game
UP0002-PPSA01628_00-CODCWCONTENTSP01,Call of Duty®: Black Ops Cold War - Campaign 1,PPSA01628,https://sgst.prod.dl.playstation.net/sgst/prod/00/np/PPSA01628_00/c3b86344-f439-477e-b5f6-fd1daad00ed0-version.xml,ps5,game
HP0002-PPSA02053_00-CODCWCONTENTSP01,Call of Duty®: Black Ops Cold War - Campaign 1,PPSA02053,https://sgst.prod.dl.playstation.net/sgst/prod/00/np/PPSA02053_00/6dfc08d0-ccaf-42b9-b90f-283fb95714eb-version.xml,ps5,
EP0002-PPSA02050_00-CODCWCONTENTSP01,Call of Duty®: Black Ops Cold War - Campaign 1,PPSA02050,https://sgst.prod.dl.playstation.net/sgst/prod/00/np/PPSA02050_00/57b60853-3595-4aa6-8831-36b5d604ffd1-version.xml,ps5,game
UP0002-PPSA01628_00-CODCWCONTENTSP02,Call of Duty®: Black Ops Cold War - Campaign 2,PPSA01628,https://sgst.prod.dl.playstation.net/sgst/prod/00/np/PPSA01628_00/c3b86344-f439-477e-b5f6-fd1daad00ed0-version.xml,ps5,game
HP0002-PPSA02053_00-CODCWCONTENTSP02,Call of Duty®: Black Ops Cold War - Campaign 2,PPSA02053,https://sgst.prod.dl.playstation.net/sgst/prod/00/np/PPSA02053_00/6dfc08d0-ccaf-42b9-b90f-283fb95714eb-version.xml,ps5,
EP0002-PPSA02050_00-CODCWCONTENTSP02,Call of Duty®: Black Ops Cold War - Campaign 2,PPSA02050,https://sgst.prod.dl.playstation.net/sgst/prod/00/np/PPSA02050_00/57b60853-3595-4aa6-8831-36b5d604ffd1-version.xml,ps5,game
UP0002-PPSA01628_00-CODCWCONTENTSP03,Call of Duty®: Black Ops Cold War - Campaign 3,PPSA01628,https://sgst.prod.dl.playstation.net/sgst/prod/00/np/PPSA01628_00/c3b86344-f439-477e-b5f6-fd1daad00ed0-version.xml,ps5,game
HP0002-PPSA02053_00-CODCWCONTENTSP03,Call of Duty®: Black Ops Cold War - Campaign 3,PPSA02053,https://sgst.prod.dl.playstation.net/sgst/prod/00/np/PPSA02053_00/6dfc08d0-ccaf-42b9-b90f-283fb95714eb-version.xml,ps5,
EP0002-PPSA02050_00-CODCWCONTENTSP03,Call of Duty®: Black Ops Cold War - Campaign 3,PPSA02050,https://sgst.prod.dl.playstation.net/sgst/prod/00/np/PPSA02050_00/57b60853-3595-4aa6-8831-36b5d604ffd1-version.xml,ps5,game
EP0002-PPSA02050_00-CODCWHIRESPACK01,Call of Duty®: Black Ops Cold War - Multiplayer High Resolution Pack,PPSA02050,https://sgst.prod.dl.playstation.net/sgst/prod/00/np/PPSA02050_00/57b60853-3595-4aa6-8831-36b5d604ffd1-version.xml,ps5,game
UP0002-PPSA01628_00-CODCWHIRESPACK02,Call of Duty®: Black Ops Cold War - Zombies High Resolution Pack,PPSA01628,https://sgst.prod.dl.playstation.net/sgst/prod/00/np/PPSA01628_00/c3b86344-f439-477e-b5f6-fd1daad00ed0-version.xml,ps5,
UP0002-PPSA34502_00-CODBO2GAME000001,Call of Duty®: Black Ops II,PPSA34502,https://sgst.prod.dl.playstation.net/sgst/prod/00/np/PPSA34502_00/98e3c95d-fc2a-4988-8edf-b5d596d7f2e5-version.xml,ps5,game
UP0002-PPSA34502_00-CODBO2SEASONPASS,Call of Duty®: Black Ops II - Season Pass,PPSA34502,https://sgst.prod.dl.playstation.net/sgst/prod/00/np/PPSA34502_00/98e3c95d-fc2a-4988-8edf-b5d596d7f2e5-version.xml,ps5,game
UP0002-PPSA34502_00-CODBO2CSMTICPACK,Call of Duty®: Black Ops II: - Cosmetic Pack,PPSA34502,https://sgst.prod.dl.playstation.net/sgst/prod/00/np/PPSA34502_00/98e3c95d-fc2a-4988-8edf-b5d596d7f2e5-version.xml,ps5,game
UP0002-PPSA34501_00-CODBO1SEASONPASS,Call of Duty®: Black Ops: - Season Pass,PPSA34501,https://sgst.prod.dl.playstation.net/sgst/prod/00/np/PPSA34501_00/8d4b8814-608d-4f63-b4c7-9d78fc146e61-version.xml,ps5,game
UP0002-PPSA01649_00-CODMW2STUB000001,Call of Duty®: Modern Warfare II - Content License 1,PPSA01649,https://sgst.prod.dl.playstation.net/sgst/prod/00/np/PPSA01649_00/c789036c-39fd-47d5-9e1f-d71e8058630f-version.xml,ps5,game
EP0002-PPSA07950_00-CODMW2STUB000001,Call of Duty®: Modern Warfare II - Content License 1,PPSA07950,https://sgst.prod.dl.playstation.net/sgst/prod/00/np/PPSA07950_00/4c4d5312-e602-424b-baef-3e3a4bbfc48f-version.xml,ps5,game
UP0002-PPSA01649_00-CODMW2STUB000002,Call of Duty®: Modern Warfare II - Content License 2,PPSA01649,https://sgst.prod.dl.playstation.net/sgst/prod/00/np/PPSA01649_00/c789036c-39fd-47d5-9e1f-d71e8058630f-version.xml,ps5,game
EP0002-PPSA07950_00-CODMW2STUB000002,Call of Duty®: Modern Warfare II - Content License 2,PPSA07950,https://sgst.prod.dl.playstation.net/sgst/prod/00/np/PPSA07950_00/4c4d5312-e602-424b-baef-3e3a4bbfc48f-version.xml,ps5,game
UP0002-PPSA01649_00-CODMW2STUB000003,Call of Duty®: Modern Warfare II - Content License 3,PPSA01649,https://sgst.prod.dl.playstation.net/sgst/prod/00/np/PPSA01649_00/c789036c-39fd-47d5-9e1f-d71e8058630f-version.xml,ps5,game
EP0002-PPSA07950_00-CODMW2STUB000003,Call of Duty®: Modern Warfare II - Content License 3,PPSA07950,https://sgst.prod.dl.playstation.net/sgst/prod/00/np/PPSA07950_00/4c4d5312-e602-424b-baef-3e3a4bbfc48f-version.xml,ps5,game
UP0002-PPSA01649_00-CODMW2STUB000004,Call of Duty®: Modern Warfare II - Content License 4,PPSA01649,https://sgst.prod.dl.playstation.net/sgst/prod/00/np/PPSA01649_00/c789036c-39fd-47d5-9e1f-d71e8058630f-version.xml,ps5,game
EP0002-PPSA07950_00-CODMW2STUB000004,Call of Duty®: Modern Warfare II - Content License 4,PPSA07950,https://sgst.prod.dl.playstation.net/sgst/prod/00/np/PPSA07950_00/4c4d5312-e602-424b-baef-3e3a4bbfc48f-version.xml,ps5,
UP0002-PPSA01649_00-CODMW2STUB000005,Call of Duty®: Modern Warfare II - Content License 5,PPSA01649,https://sgst.prod.dl.playstation.net/sgst/prod/00/np/PPSA01649_00/c789036c-39fd-47d5-9e1f-d71e8058630f-version.xml,ps5,game
EP0002-PPSA07950_00-CODMW2STUB000005,Call of Duty®: Modern Warfare II - Content License 5,PPSA07950,https://sgst.prod.dl.playstation.net/sgst/prod/00/np/PPSA07950_00/4c4d5312-e602-424b-baef-3e3a4bbfc48f-version.xml,ps5,game
UP0002-PPSA01649_00-CODMW2STUB000006,Call of Duty®: Modern Warfare II - Content License 6,PPSA01649,https://sgst.prod.dl.playstation.net/sgst/prod/00/np/PPSA01649_00/c789036c-39fd-47d5-9e1f-d71e8058630f-version.xml,ps5,game
EP0002-PPSA07950_00-CODMW2STUB000006,Call of Duty®: Modern Warfare II - Content License 6,PPSA07950,https://sgst.prod.dl.playstation.net/sgst/prod/00/np/PPSA07950_00/4c4d5312-e602-424b-baef-3e3a4bbfc48f-version.xml,ps5,game
UP0002-PPSA01649_00-CODMW2DIGITAL000,Call of Duty®: Modern Warfare II - Digital Premium License,PPSA01649,https://sgst.prod.dl.playstation.net/sgst/prod/00/np/PPSA01649_00/c789036c-39fd-47d5-9e1f-d71e8058630f-version.xml,ps5,game
EP0002-PPSA07950_00-CODMW2DIGITAL000,Call of Duty®: Modern Warfare II - Digital Premium License,PPSA07950,https://sgst.prod.dl.playstation.net/sgst/prod/00/np/PPSA07950_00/4c4d5312-e602-424b-baef-3e3a4bbfc48f-version.xml,ps5,game
UP0002-PPSA01649_00-CODMW2DIGITAL001,Call of Duty®: Modern Warfare II - PS5 Digital Premium License Breakout,PPSA01649,https://sgst.prod.dl.playstation.net/sgst/prod/00/np/PPSA01649_00/c789036c-39fd-47d5-9e1f-d71e8058630f-version.xml,ps5,
UP0002-PPSA01649_00-CODMW2UPGRADE001,Call of Duty®: Modern Warfare II - Upgrade Entitlement 01,PPSA01649,https://sgst.prod.dl.playstation.net/sgst/prod/00/np/PPSA01649_00/c789036c-39fd-47d5-9e1f-d71e8058630f-version.xml,ps5,game
EP0002-PPSA07950_00-CODMW2CONTENT005,Call of Duty®: Modern Warfare II - Warzone 2,PPSA07950,https://sgst.prod.dl.playstation.net/sgst/prod/00/np/PPSA07950_00/4c4d5312-e602-424b-baef-3e3a4bbfc48f-version.xml,ps5,
UP0002-PPSA01649_00-CODMW2WZ20000000,Call of Duty®: Modern Warfare II - Warzone 2 License,PPSA01649,https://sgst.prod.dl.playstation.net/sgst/prod/00/np/PPSA01649_00/c789036c-39fd-47d5-9e1f-d71e8058630f-version.xml,ps5,game
EP0002-PPSA07950_00-CODMW2WZ20000000,Call of Duty®: Modern Warfare II - Warzone 2 License,PPSA07950,https://sgst.prod.dl.playstation.net/sgst/prod/00/np/PPSA07950_00/4c4d5312-e602-424b-baef-3e3a4bbfc48f-version.xml,ps5,
UP0002-PPSA01649_00-CODMW3STUB000001,Call of Duty®: Modern Warfare III - Content License 1,PPSA01649,https://sgst.prod.dl.playstation.net/sgst/prod/00/np/PPSA01649_00/c789036c-39fd-47d5-9e1f-d71e8058630f-version.xml,ps5,game
EP0002-PPSA07950_00-CODMW3STUB000001,Call of Duty®: Modern Warfare III - Content License 1,PPSA07950,https://sgst.prod.dl.playstation.net/sgst/prod/00/np/PPSA07950_00/4c4d5312-e602-424b-baef-3e3a4bbfc48f-version.xml,ps5,game
UP0002-PPSA01649_00-CODMW3STUB000002,Call of Duty®: Modern Warfare III - Content License 2,PPSA01649,https://sgst.prod.dl.playstation.net/sgst/prod/00/np/PPSA01649_00/c789036c-39fd-47d5-9e1f-d71e8058630f-version.xml,ps5,game
UP0002-PPSA01649_00-CODMW3STUB000003,Call of Duty®: Modern Warfare III - Content License 3,PPSA01649,https://sgst.prod.dl.playstation.net/sgst/prod/00/np/PPSA01649_00/c789036c-39fd-47d5-9e1f-d71e8058630f-version.xml,ps5,game
UP0002-PPSA01649_00-CODMW3STUB000004,Call of Duty®: Modern Warfare III - Content License 4,PPSA01649,https://sgst.prod.dl.playstation.net/sgst/prod/00/np/PPSA01649_00/c789036c-39fd-47d5-9e1f-d71e8058630f-version.xml,ps5,game
UP0002-PPSA01649_00-CODMW3STUB000005,Call of Duty®: Modern Warfare III - Content License 5,PPSA01649,https://sgst.prod.dl.playstation.net/sgst/prod/00/np/PPSA01649_00/c789036c-39fd-47d5-9e1f-d71e8058630f-version.xml,ps5,game
UP0002-PPSA01649_00-CODMW3DIGITAL000,Call of Duty®: Modern Warfare III - Digital Premium License,PPSA01649,https://sgst.prod.dl.playstation.net/sgst/prod/00/np/PPSA01649_00/c789036c-39fd-47d5-9e1f-d71e8058630f-version.xml,ps5,game
UP0002-PPSA01649_00-CODMW3DIGITAL001,Call of Duty®: Modern Warfare III - PS5 Digital Premium License Breakout,PPSA01649,https://sgst.prod.dl.playstation.net/sgst/prod/00/np/PPSA01649_00/c789036c-39fd-47d5-9e1f-d71e8058630f-version.xml,ps5,
EP0002-PPSA07950_00-CODMW3DIGITAL001,Call of Duty®: Modern Warfare III - PS5 Digital Premium License Breakout,PPSA07950,https://sgst.prod.dl.playstation.net/sgst/prod/00/np/PPSA07950_00/4c4d5312-e602-424b-baef-3e3a4bbfc48f-version.xml,ps5,game
UP0002-PPSA01649_00-CODMW3UPGRADE001,Call of Duty®: Modern Warfare III - Upgrade Entitlement 01,PPSA01649,https://sgst.prod.dl.playstation.net/sgst/prod/00/np/PPSA01649_00/c789036c-39fd-47d5-9e1f-d71e8058630f-version.xml,ps5,game
UP2320-PPSA01545_00-CALLOFTHESEA0000,Call of the Sea,PPSA01545,https://sgst.prod.dl.playstation.net/sgst/prod/00/np/PPSA01545_00/2f3c7a72-f2e3-4109-902b-81bfd3e41ab4-version.xml,ps5,game
EP2187-PPSA01546_00-CALLOFTHESEA0000,Call of the Sea,PPSA01546,https://sgst.prod.dl.playstation.net/sgst/prod/00/np/PPSA01546_00/ede0d65b-0d15-4043-9437-c217ca661ed4-version.xml,ps5,game
EP6776-PPSA19186_00-0501685892906532,Cannibal Abduction,PPSA19186,https://sgst.prod.dl.playstation.net/sgst/prod/00/np/PPSA19186_00/506bb679-e60e-4d92-9c23-808d8ebb3fa1-version.xml,ps5,game
HP1276-PPSA02784_00-CDTPS5NEXTGEN000,Cant Drive This,PPSA02784,https://sgst.prod.dl.playstation.net/sgst/prod/00/np/PPSA02784_00/9d369fc4-ef30-44a4-ac78-8145a8f4fdc6-version.xml,ps5,
UP7949-PPSA24779_00-0000CAPTAINBLOOD,Captain Blood,PPSA24779,https://sgst.prod.dl.playstation.net/sgst/prod/00/np/PPSA24779_00/143d43a3-2651-4609-8f1b-efe9c36829dd-version.xml,ps5,game
UP0082-PPSA01903_00-9111566396681348,Carbuncle Summoning Materia,PPSA01903,https://sgst.prod.dl.playstation.net/sgst/prod/00/np/PPSA01903_00/403b8eef-f2b4-456a-bfb9-42b3d0eb1402-version.xml,ps5,game
HP0082-PPSA01773_00-9111566396681348,Carbuncle Summoning Materia,PPSA01773,https://sgst.prod.dl.playstation.net/sgst/prod/00/np/PPSA01773_00/5f3f96a2-cf9f-4f96-a22c-2cb8e47f4ae6-version.xml,ps5,
EP0082-PPSA01911_00-9111566396681348,Carbuncle Summoning Materia,PPSA01911,https://sgst.prod.dl.playstation.net/sgst/prod/00/np/PPSA01911_00/ae7d9b2c-2db9-4d73-992a-dd0d1b8603b1-version.xml,ps5,
EP8070-PPSA23630_00-0813887504485278,Caretaker,PPSA23630,https://sgst.prod.dl.playstation.net/sgst/prod/00/np/PPSA23630_00/1aab997b-0c66-4b50-bb72-eaa0d77dacf8-version.xml,ps5,game
UB0908-PPSA34876_00-0889746609347442,Carrot Smash,PPSA34876,https://sgst.prod.dl.playstation.net/sgst/prod/00/np/PPSA34876_00/05994316-fede-4f9e-8dfa-c1306f77e9a0-version.xml,ps5,game
EP0096-PPSA15514_00-0909546698516476,Cartel Tycoon,PPSA15514,https://sgst.prod.dl.playstation.net/sgst/prod/00/np/PPSA15514_00/99c15e7f-7abe-4114-921e-2c09efface6c-version.xml,ps5,game
UP5429-PPSA19933_00-0353663746730133,Case Files: Behind Closed Doors,PPSA19933,https://sgst.prod.dl.playstation.net/sgst/prod/00/np/PPSA19933_00/0f814733-c9e4-442c-bf12-963b344f9344-version.xml,ps5,game
EP1018-PPSA01619_00-HQCASSKIN0000000,Cassie Quinn,PPSA01619,https://sgst.prod.dl.playstation.net/sgst/prod/00/np/PPSA01619_00/d13316b3-ee9c-4082-bc86-f8a38f4c1278-version.xml,ps5,game
UP9000-PPSA01289_00-SABACASUALCLOTH1,Casual Clothing Pack,PPSA01289,https://sgst.prod.dl.playstation.net/sgst/prod/00/np/PPSA01289_00/0c1789e3-10b1-41eb-8ede-c159db8ef1e7-version.xml,ps5,
UP9000-PPSA01289_00-SABACAT000000001,Cat Costume,PPSA01289,https://sgst.prod.dl.playstation.net/sgst/prod/00/np/PPSA01289_00/0c1789e3-10b1-41eb-8ede-c159db8ef1e7-version.xml,ps5,
UP7581-PPSA15065_00-CQ300000000PS5US,Cat Quest III,PPSA15065,https://sgst.prod.dl.playstation.net/sgst/prod/00/np/PPSA15065_00/c202103e-c885-4a7a-896d-ab0d12266d74-version.xml,ps5,game
EP6690-PPSA03914_00-1712168238867706,Catlateral Damage: Remeowstered,PPSA03914,https://sgst.prod.dl.playstation.net/sgst/prod/00/np/PPSA03914_00/c43efefb-660d-4a74-ae4d-572369de5c95-version.xml,ps5,game
UP9000-PPSA01289_00-SABACELEBRATION1,Celebrations Emote Pack,PPSA01289,https://sgst.prod.dl.playstation.net/sgst/prod/00/np/PPSA01289_00/0c1789e3-10b1-41eb-8ede-c159db8ef1e7-version.xml,ps5,
EP2402-PPSA14154_00-CELEBRITIESEUPS5,Celebrities Hacked,PPSA14154,https://sgst.prod.dl.playstation.net/sgst/prod/00/np/PPSA14154_00/52106ceb-62cb-4456-8c53-91320afb57af-version.xml,ps5,game
UP2538-PPSA14691_00-CELEBRITIESUSPS5,Celebrities Hacked,PPSA14691,https://sgst.prod.dl.playstation.net/sgst/prod/00/np/PPSA14691_00/82eed303-0853-4161-bd09-c5e864386ade-version.xml,ps5,
UP2165-PPSA05317_00-TCMX0004XCSAWPK1,Chainsaw Pack 1,PPSA05317,https://sgst.prod.dl.playstation.net/sgst/prod/00/np/PPSA05317_00/2169230b-f5d8-4558-823d-cc1c94036fe5-version.xml,ps5,
UP2165-PPSA05317_00-TCMX0035XCSAWPK2,Chainsaw Pack 2,PPSA05317,https://sgst.prod.dl.playstation.net/sgst/prod/00/np/PPSA05317_00/2169230b-f5d8-4558-823d-cc1c94036fe5-version.xml,ps5,
UP0700-PPSA10595_00-TK800COSGOLDSUIT,Character Costume: Gold Suit Pack,PPSA10595,https://sgst.prod.dl.playstation.net/sgst/prod/00/np/PPSA10595_00/0343b8b2-3038-4177-ad33-b129114c5362-version.xml,ps5,
UP2047-PPSA03098_00-DI2CP3PS5SIEA000,Character Pack Three,PPSA03098,https://sgst.prod.dl.playstation.net/sgst/prod/00/np/PPSA03098_00/012a9f32-2f50-4363-a740-28cb4ccf19d5-version.xml,ps5,
EP7947-PPSA13990_00-ZZZZZZZZZZZZZZZZ,Chasm: The Rift,PPSA13990,https://sgst.prod.dl.playstation.net/sgst/prod/00/np/PPSA13990_00/b8682ba7-b123-4424-b8ef-c93ea5ea8ea8-version.xml,ps5,game
UP5580-PPSA04747_00-CHERNOBYLPS5SIEA,Chernobylite,PPSA04747,https://sgst.prod.dl.playstation.net/sgst/prod/00/np/PPSA04747_00/b43e9486-c79f-46ee-8e49-ea347aa3e387-version.xml,ps5,game
UP0406-PPSA03039_00-APP0990000000022,Chicória: Um Conto Colorido,PPSA03039,https://sgst.prod.dl.playstation.net/sgst/prod/00/np/PPSA03039_00/9b0f68ab-3062-4c8d-9935-9b09cd0247d9-version.xml,ps5,game
EP1018-PPSA01696_00-000000000000DLC2,Children of the Worm,PPSA01696,https://sgst.prod.dl.playstation.net/sgst/prod/00/np/PPSA01696_00/1f653dd2-8f28-495c-8275-13e8d4933c1c-version.xml,ps5,game
UP0115-PPSA02183_00-3211965506283656,Chivalry 2,PPSA02183,https://sgst.prod.dl.playstation.net/sgst/prod/00/np/PPSA02183_00/77dede94-691a-4b5f-8f0f-bb7ac6b317a3-version.xml,ps5,game
UP9000-PPSA01289_00-SABACHLOEFRAZER1,Chloe Frazer Costume,PPSA01289,https://sgst.prod.dl.playstation.net/sgst/prod/00/np/PPSA01289_00/0c1789e3-10b1-41eb-8ede-c159db8ef1e7-version.xml,ps5,
UP0082-PPSA01903_00-3777817991979033,Chocobo Chick Summoning Materia,PPSA01903,https://sgst.prod.dl.playstation.net/sgst/prod/00/np/PPSA01903_00/403b8eef-f2b4-456a-bfb9-42b3d0eb1402-version.xml,ps5,game
HP0082-PPSA01773_00-3777817991979033,Chocobo Chick Summoning Materia,PPSA01773,https://sgst.prod.dl.playstation.net/sgst/prod/00/np/PPSA01773_00/5f3f96a2-cf9f-4f96-a22c-2cb8e47f4ae6-version.xml,ps5,
EP0082-PPSA01911_00-3777817991979033,Chocobo Chick Summoning Materia,PPSA01911,https://sgst.prod.dl.playstation.net/sgst/prod/00/np/PPSA01911_00/ae7d9b2c-2db9-4d73-992a-dd0d1b8603b1-version.xml,ps5,
UP2047-PPSA01591_00-CHORUSGAMESHARED,Chorus,PPSA01591,https://sgst.prod.dl.playstation.net/sgst/prod/00/np/PPSA01591_00/02d949d9-f83b-4623-9b8f-75ad05a0e3e5-version.xml,ps5,game
UP2565-PPSA06775_00-CESD66099C130000,Christmas Interior Pack,PPSA06775,https://sgst.prod.dl.playstation.net/sgst/prod/00/np/PPSA06775_00/91c220ac-08cb-4fb2-8566-7fdbfdcf5012-version.xml,ps5,
UP2565-PPSA06775_00-CESD66099C120000,Christmas Skins Pack,PPSA06775,https://sgst.prod.dl.playstation.net/sgst/prod/00/np/PPSA06775_00/91c220ac-08cb-4fb2-8566-7fdbfdcf5012-version.xml,ps5,
UP9000-PPSA01289_00-SABACHRISTMASTR1,Christmas Tree Costume,PPSA01289,https://sgst.prod.dl.playstation.net/sgst/prod/00/np/PPSA01289_00/0c1789e3-10b1-41eb-8ede-c159db8ef1e7-version.xml,ps5,
UP4139-PPSA09193_00-CITIESSKYLINESNA,Cities: Skylines Remastered,PPSA09193,https://sgst.prod.dl.playstation.net/sgst/prod/00/np/PPSA09193_00/3ef5419d-839b-467e-8dff-911f021d435c-version.xml,ps5,game
UP5480-PPSA13630_00-CITIZENSLEEPER01,Citizen Sleeper,PPSA13630,https://sgst.prod.dl.playstation.net/sgst/prod/00/np/PPSA13630_00/7c7b14ec-336b-476e-8da1-fb500873755b-version.xml,ps5,game
EP8921-PPSA23616_00-CITIZENSLEEPER02,Citizen Sleeper 2,PPSA23616,https://sgst.prod.dl.playstation.net/sgst/prod/00/np/PPSA23616_00/4b36f96a-f5c3-4010-88c5-73f1a15c40a1-version.xml,ps5,game
UP6312-PPSA17525_00-TECHTESTSKIN0001,Civilian Anya Character Skin,PPSA17525,https://sgst.prod.dl.playstation.net/sgst/prod/00/np/PPSA17525_00/b48c30f7-2d54-48eb-90fb-1580c6054276-version.xml,ps5,
EP7579-PPSA17599_00-EXP33000000PS5EU,Clair Obscur: Expedition 33,PPSA17599,https://sgst.prod.dl.playstation.net/sgst/prod/00/np/PPSA17599_00/3bba042f-8d9f-4346-8fde-18de4680c01d-version.xml,ps5,
EP0102-PPSA04289_00-BH20000COSDLC007,"Claire Costume: ""'98""",PPSA04289,https://sgst.prod.dl.playstation.net/sgst/prod/00/np/PPSA04289_00/fb052acf-32a6-4152-9847-b39596142059-version.xml,ps5,game
UP0102-PPSA04288_00-BH20000COSDLC007,"Claire Costume: ""'98""",PPSA04288,https://sgst.prod.dl.playstation.net/sgst/prod/00/np/PPSA04288_00/408d6ed4-2b3c-4786-ba54-cd064d740f83-version.xml,ps5,
EP0102-PPSA04289_00-BH20000COSDLC005,"Claire Costume: ""Elza Walker""",PPSA04289,https://sgst.prod.dl.playstation.net/sgst/prod/00/np/PPSA04289_00/fb052acf-32a6-4152-9847-b39596142059-version.xml,ps5,game
EP0102-PPSA04289_00-BH20000COSDLC003,"Claire Costume: ""Military""",PPSA04289,https://sgst.prod.dl.playstation.net/sgst/prod/00/np/PPSA04289_00/fb052acf-32a6-4152-9847-b39596142059-version.xml,ps5,game
EP0102-PPSA04289_00-BH20000COSDLC004,"Claire Costume: ""Noir""",PPSA04289,https://sgst.prod.dl.playstation.net/sgst/prod/00/np/PPSA04289_00/fb052acf-32a6-4152-9847-b39596142059-version.xml,ps5,game
UP0102-PPSA04288_00-BH20000COSDLC004,"Claire Costume: ""Noir""",PPSA04288,https://sgst.prod.dl.playstation.net/sgst/prod/00/np/PPSA04288_00/408d6ed4-2b3c-4786-ba54-cd064d740f83-version.xml,ps5,
UP9000-PPSA01289_00-SABACLANK0000001,Clank Costume,PPSA01289,https://sgst.prod.dl.playstation.net/sgst/prod/00/np/PPSA01289_00/0c1789e3-10b1-41eb-8ede-c159db8ef1e7-version.xml,ps5,
EP6665-PPSA05057_00-CLASH00000000000,Clash : Artifacts of Chaos,PPSA05057,https://sgst.prod.dl.playstation.net/sgst/prod/00/np/PPSA05057_00/29a9ab1b-4b14-4529-a905-1b3f9f97db04-version.xml,ps5,game
UP6665-PPSA05058_00-CLASH00000000000,Clash : Artifacts of Chaos,PPSA05058,https://sgst.prod.dl.playstation.net/sgst/prod/00/np/PPSA05058_00/b160f0e2-8b22-4987-8037-1a4a27e7fd70-version.xml,ps5,game
EP0001-PPSA20397_00-DLCEXPANSION0001,Claws of Awaji - Assassin's Creed® Shadows,PPSA20397,https://sgst.prod.dl.playstation.net/sgst/prod/00/np/PPSA20397_00/83d07c60-c33d-46e4-86fd-1ce3b1920cd9-version.xml,ps5,game
UP1260-PPSA02496_00-CLOUDPUNKPS50001,Cloudpunk,PPSA02496,https://sgst.prod.dl.playstation.net/sgst/prod/00/np/PPSA02496_00/2fa9d949-3528-475e-b0f2-11b36503f023-version.xml,ps5,
UP2470-PPSA08765_00-COCOONSIEA000000,Cocoon,PPSA08765,https://sgst.prod.dl.playstation.net/sgst/prod/00/np/PPSA08765_00/d8034433-f8c3-48bd-b9f6-f5dcfdf1f60b-version.xml,ps5,
UP5258-PPSA07052_00-2240926562133962,Coffee Talk Episode 2: Hibiscus & Butterfly,PPSA07052,https://sgst.prod.dl.playstation.net/sgst/prod/00/np/PPSA07052_00/908d9aa2-7845-48df-be2e-dc996b177d26-version.xml,ps5,game
UP5258-PPSA07056_00-5059957550022516,CoffeeTalk,PPSA07056,https://sgst.prod.dl.playstation.net/sgst/prod/00/np/PPSA07056_00/055ec5d0-8b9f-4c68-be90-4b48db4bfb64-version.xml,ps5,game
EP1001-PPSA01493_00-0000DAFEUPS5DLC1,Coiled Captors,PPSA01493,https://sgst.prod.dl.playstation.net/sgst/prod/00/np/PPSA01493_00/35a4e113-87fc-43fe-b7fc-b93a72223736-version.xml,ps5,game
UP0001-PPSA02734_00-XDFP0000000000S2,Combat Pack,PPSA02734,https://sgst.prod.dl.playstation.net/sgst/prod/00/np/PPSA02734_00/3b6d52dd-a123-496d-83cd-cbc8e5386240-version.xml,ps5,
EP0700-PPSA07930_00-UNKNOWN90000DLC5,Companion Pack,PPSA07930,https://sgst.prod.dl.playstation.net/sgst/prod/00/np/PPSA07930_00/85e06dd0-0206-45aa-bf3e-a85982b5f0bd-version.xml,ps5,game
EP0896-PPSA02277_00-RATACONCEPTDESTR,Concept Destruction,PPSA02277,https://sgst.prod.dl.playstation.net/sgst/prod/00/np/PPSA02277_00/b0eb6c58-2b70-4977-bd87-ffd140809d3e-version.xml,ps5,game
HP2005-PPSA02298_00-CONCEPTDESTRUCTN,Concept Destruction,PPSA02298,https://sgst.prod.dl.playstation.net/sgst/prod/00/np/PPSA02298_00/4469b2cd-ce51-44e8-b1fd-37063bfc2dcb-version.xml,ps5,game
UP0891-PPSA02278_00-RATACONCEPTDESTR,Concept Destruction,PPSA02278,https://sgst.prod.dl.playstation.net/sgst/prod/00/np/PPSA02278_00/c79f82c2-3b0a-4534-b6f0-448130b6c9cc-version.xml,ps5,game
UP0177-PPSA10872_00-ADDCONTENT000009,Conjunto MF EX P4G,PPSA10872,https://sgst.prod.dl.playstation.net/sgst/prod/00/np/PPSA10872_00/10014934-646e-4587-b9eb-0ec87f59f666-version.xml,ps5,game
UP0177-PPSA10872_00-ADDCONTENT000010,Conjunto MF EX P5R,PPSA10872,https://sgst.prod.dl.playstation.net/sgst/prod/00/np/PPSA10872_00/10014934-646e-4587-b9eb-0ec87f59f666-version.xml,ps5,game
UP0177-PPSA10872_00-ADDCONTENT000011,Conjunto Traje Veludo e MF,PPSA10872,https://sgst.prod.dl.playstation.net/sgst/prod/00/np/PPSA10872_00/10014934-646e-4587-b9eb-0ec87f59f666-version.xml,ps5,game
UP2565-PPSA04379_00-8001017598364664,Construction Simulator,PPSA04379,https://sgst.prod.dl.playstation.net/sgst/prod/00/np/PPSA04379_00/f992278e-47c1-4e68-b7fc-5bbaf5d38450-version.xml,ps5,game
EP2430-PPSA04383_00-5354442459740074,Construction Simulator,PPSA04383,https://sgst.prod.dl.playstation.net/sgst/prod/00/np/PPSA04383_00/d91893b7-03e2-40c4-98b4-83909614b275-version.xml,ps5,game
EP0101-PPSA15924_00-GALUGADEMO0PS5EU,Contra: Operation Galuga Demo,PPSA15924,https://sgst.prod.dl.playstation.net/sgst/prod/00/np/PPSA15924_00/715eed32-6a74-42ca-9a11-72bbf6cac176-version.xml,ps5,
UP5082-PPSA03351_00-6936523649765904,Contraband Pack,PPSA03351,https://sgst.prod.dl.playstation.net/sgst/prod/00/np/PPSA03351_00/15440660-0c84-4097-baac-a6468e9131b7-version.xml,ps5,
EP4040-PPSA01951_00-CONTROLUEPS50000,Control Ultimate Edition,PPSA01951,https://sgst.prod.dl.playstation.net/sgst/prod/00/np/PPSA01951_00/708b12d3-6dfb-41f4-ac73-2d0d4a4567b7-version.xml,ps5,
EP0132-PPSA20068_00-0676325654423013,"Cook, Serve, Delicious!",PPSA20068,https://sgst.prod.dl.playstation.net/sgst/prod/00/np/PPSA20068_00/8c7b5a73-ce63-4e6b-91d8-329f8f818b95-version.xml,ps5,game
EP0132-PPSA20063_00-0033325603012619,"Cook, Serve, Delicious! 2!!",PPSA20063,https://sgst.prod.dl.playstation.net/sgst/prod/00/np/PPSA20063_00/f9c7a56f-025d-4a12-a5e7-bd5279b49264-version.xml,ps5,game
EP0132-PPSA20066_00-0337818523115413,"Cook, Serve, Delicious! 3?!",PPSA20066,https://sgst.prod.dl.playstation.net/sgst/prod/00/np/PPSA20066_00/58a9aefa-3019-49ee-ac35-76de00034de6-version.xml,ps5,game
UP9000-PPSA18836_00-SCUS943560000000,Cool Boarders,PPSA18836,https://sgst.prod.dl.playstation.net/sgst/prod/00/np/PPSA18836_00/06c6a7b8-d0a1-4c88-88ed-3379d0796f6c-version.xml,ps5,game
EB0474-PPSA18346_00-COPYCATXXXXXXXXX,Copycat,PPSA18346,https://sgst.prod.dl.playstation.net/sgst/prod/00/np/PPSA18346_00/013d352c-d8ef-4ad6-b9e7-6dc042b7ea36-version.xml,ps5,game
EP2520-PPSA19417_00-0407635045707470,Core Keeper,PPSA19417,https://sgst.prod.dl.playstation.net/sgst/prod/00/np/PPSA19417_00/94d92467-abb8-478f-af83-3d43e09821dd-version.xml,ps5,game
UP0082-PPSA01903_00-3532953099116487,Corneo Armlet,PPSA01903,https://sgst.prod.dl.playstation.net/sgst/prod/00/np/PPSA01903_00/403b8eef-f2b4-456a-bfb9-42b3d0eb1402-version.xml,ps5,game
HP0082-PPSA01773_00-3532953099116487,Corneo Armlet,PPSA01773,https://sgst.prod.dl.playstation.net/sgst/prod/00/np/PPSA01773_00/5f3f96a2-cf9f-4f96-a22c-2cb8e47f4ae6-version.xml,ps5,
EP0082-PPSA01911_00-3532953099116487,Corneo Armlet,PPSA01911,https://sgst.prod.dl.playstation.net/sgst/prod/00/np/PPSA01911_00/ae7d9b2c-2db9-4d73-992a-dd0d1b8603b1-version.xml,ps5,
UP0002-PPSA02432_00-CB4THEGAME000001,Crash Bandicoot 4: It's About Time,PPSA02432,https://sgst.prod.dl.playstation.net/sgst/prod/00/np/PPSA02432_00/c567a5d4-f65a-4887-abc7-d180149974bb-version.xml,ps5,game
EP0002-PPSA02433_00-CB4THEGAME000001,Crash Bandicoot 4: It's About Time,PPSA02433,https://sgst.prod.dl.playstation.net/sgst/prod/00/np/PPSA02433_00/ea0033fe-5b78-4821-8bb5-5c682f66b76d-version.xml,ps5,game
UP0002-PPSA02432_00-CB4DIGPACK000001,Crash Bandicoot 4: It's About Time Digital Purchase Pack,PPSA02432,https://sgst.prod.dl.playstation.net/sgst/prod/00/np/PPSA02432_00/c567a5d4-f65a-4887-abc7-d180149974bb-version.xml,ps5,game
EP0002-PPSA02433_00-CB4DIGPACK000001,Crash Bandicoot 4: It's About Time Digital Purchase Pack,PPSA02433,https://sgst.prod.dl.playstation.net/sgst/prod/00/np/PPSA02433_00/ea0033fe-5b78-4821-8bb5-5c682f66b76d-version.xml,ps5,game
UP6665-PPSA16343_00-C240000000000000,Cricket 24,PPSA16343,https://sgst.prod.dl.playstation.net/sgst/prod/00/np/PPSA16343_00/75f513d6-d74d-4803-8946-215cd462a9b4-version.xml,ps5,game
UP4040-PPSA06381_00-UPSIEACAREXBEARX,Crime Boss: Rockay City,PPSA06381,https://sgst.prod.dl.playstation.net/sgst/prod/00/np/PPSA06381_00/29301db4-73f3-4456-a0c5-9c1a07269b9d-version.xml,ps5,game
UP5877-PPSA30322_00-0840505695730903,CrimeBound Chronicles,PPSA30322,https://sgst.prod.dl.playstation.net/sgst/prod/00/np/PPSA30322_00/c47bf7e0-5b2f-44a6-93e7-c2948a6ae777-version.xml,ps5,game
UP4735-PPSA02121_00-CRISTALES0000000,Cris Tales,PPSA02121,https://sgst.prod.dl.playstation.net/sgst/prod/00/np/PPSA02121_00/1f58b486-5918-4a6d-abb7-e38c8d77ac06-version.xml,ps5,game
HP2005-PPSA04594_00-CRISISWING000000,Crisis Wing,PPSA04594,https://sgst.prod.dl.playstation.net/sgst/prod/00/np/PPSA04594_00/232cf955-9f01-4800-bcdc-87b2e3f3b768-version.xml,ps5,
UB1036-PPSA30595_00-0757974460104531,Croc Legend of the Gobbos Platinum Edition,PPSA30595,https://sgst.prod.dl.playstation.net/sgst/prod/00/np/PPSA30595_00/fe590878-2f9f-4d32-bce3-ceb6e3329e1a-version.xml,ps5,game
UP0895-PPSA03235_00-3376510518243321,CrossCode,PPSA03235,https://sgst.prod.dl.playstation.net/sgst/prod/00/np/PPSA03235_00/366703ba-4438-4118-93b0-c720f5c7850d-version.xml,ps5,game
EP4432-PPSA02186_00-0000000000000000,Crossout,PPSA02186,https://sgst.prod.dl.playstation.net/sgst/prod/00/np/PPSA02186_00/bb42c98b-8d20-4b0f-a19c-8a51c9e48468-version.xml,ps5,game
UP6093-PPSA19067_00-0438761103283229,Crow Country,PPSA19067,https://sgst.prod.dl.playstation.net/sgst/prod/00/np/PPSA19067_00/998fa3a3-f807-46e6-a81c-d8f06270cbf1-version.xml,ps5,game
UP6093-PPSA19320_00-0067009921549802,Crow Country Demo,PPSA19320,https://sgst.prod.dl.playstation.net/sgst/prod/00/np/PPSA19320_00/34f12f31-3c83-4146-9260-0e5485b43a35-version.xml,ps5,
UP2074-PPSA01926_00-8219658353431987,Crunchyroll,PPSA01926,https://sgst.prod.dl.playstation.net/sgst/prod/00/np/PPSA01926_00/acd43b24-d258-4831-a33b-9a93f1328021-version.xml,ps5,game
EP8805-PPSA01942_00-1645039196347446,Crunchyroll,PPSA01942,https://sgst.prod.dl.playstation.net/sgst/prod/00/np/PPSA01942_00/6ba44197-d444-4029-b8fc-9117c8c81b0f-version.xml,ps5,
UP4139-PPSA02307_00-0000000000000000,Crusader Kings III,PPSA02307,https://sgst.prod.dl.playstation.net/sgst/prod/00/np/PPSA02307_00/6861024e-60c4-4d57-b8c0-7cc942925c80-version.xml,ps5,game
EP2005-PPSA07742_00-COTSL4KEDITION00,Crypt of the Serpent King Remastered 4K Edition,PPSA07742,https://sgst.prod.dl.playstation.net/sgst/prod/00/np/PPSA07742_00/48be06dc-d58c-455e-8375-3fe779c98428-version.xml,ps5,game
UP3643-PPSA06464_00-CULTOFTHELAMB000,Cult Of The Lamb,PPSA06464,https://sgst.prod.dl.playstation.net/sgst/prod/00/np/PPSA06464_00/81e6e576-342e-4bfc-a5a1-1af2371ecf47-version.xml,ps5,game
UP3643-PPSA06464_00-CULTISTPAC000000,Cultist Pack DLC,PPSA06464,https://sgst.prod.dl.playstation.net/sgst/prod/00/np/PPSA06464_00/81e6e576-342e-4bfc-a5a1-1af2371ecf47-version.xml,ps5,game
EP0082-PPSA10665_00-ADDCONT000000101,Cuorefiero,PPSA10665,https://sgst.prod.dl.playstation.net/sgst/prod/00/np/PPSA10665_00/10c0dc9f-a5bc-42b8-9605-883647e7e1ca-version.xml,ps5,
UP7076-PPSA17847_00-XXXXXXXXXXXXXXAC,Cupboards & Drawers,PPSA17847,https://sgst.prod.dl.playstation.net/sgst/prod/00/np/PPSA17847_00/356365b7-a9d7-4a4c-838d-ba1282240a2d-version.xml,ps5,game
EP9000-PPSA01288_00-SABAVALENTINES01,Cupid Costume,PPSA01288,https://sgst.prod.dl.playstation.net/sgst/prod/00/np/PPSA01288_00/1db8a953-699b-47e8-8082-799b1eea8118-version.xml,ps5,game
UP9000-PPSA01289_00-SABAVALENTINES01,Cupid Costume,PPSA01289,https://sgst.prod.dl.playstation.net/sgst/prod/00/np/PPSA01289_00/0c1789e3-10b1-41eb-8ede-c159db8ef1e7-version.xml,ps5,
EP0700-PPSA02594_00-SMGTDPCURCUTHA01,Curator's Cut,PPSA02594,https://sgst.prod.dl.playstation.net/sgst/prod/00/np/PPSA02594_00/5fa5cb6a-a8a5-4147-846e-2fd87bea25e7-version.xml,ps5,game
UP0700-PPSA05922_00-SMGTDPCURCUTDM01,Curator's Cut,PPSA05922,https://sgst.prod.dl.playstation.net/sgst/prod/00/np/PPSA05922_00/a6804c0d-8173-4e31-8f8a-623dbf3e771e-version.xml,ps5,game
UP0700-PPSA06646_00-SMGTDPCURCUTLH01,Curator's Cut,PPSA06646,https://sgst.prod.dl.playstation.net/sgst/prod/00/np/PPSA06646_00/9d116db2-f9a0-4e15-b398-613d25476aa2-version.xml,ps5,game
UP0700-PPSA02595_00-SMGTDPCURCUTHA01,Curator's Cut,PPSA02595,https://sgst.prod.dl.playstation.net/sgst/prod/00/np/PPSA02595_00/845e9c3f-6616-4d24-b893-43f68e30b227-version.xml,ps5,
UP0700-PPSA06489_00-DPACURATORSCUT00,Curator's Cut,PPSA06489,https://sgst.prod.dl.playstation.net/sgst/prod/00/np/PPSA06489_00/5d948cd3-69cb-4185-9fd1-488a6c1bf18c-version.xml,ps5,
EP8070-PPSA21886_00-0742726749317715,Cursed Feed,PPSA21886,https://sgst.prod.dl.playstation.net/sgst/prod/00/np/PPSA21886_00/73eee9a7-fac6-45b1-a3b6-cf24a2bbc8ee-version.xml,ps5,game
UP5180-PPSA08411_00-CURSEDTOGOLFP5US,Cursed to Golf,PPSA08411,https://sgst.prod.dl.playstation.net/sgst/prod/00/np/PPSA08411_00/9969bfce-d05e-418d-b3a2-fd3820173c67-version.xml,ps5,game
EP2402-PPSA08034_00-CUTIESHACKEDEU51,Cuties Hacked,PPSA08034,https://sgst.prod.dl.playstation.net/sgst/prod/00/np/PPSA08034_00/868f01c6-714f-439f-891e-b4647c075fd2-version.xml,ps5,game
EP2402-PPSA18503_00-CUTIESHGAMEPS5EU,Cuties Hacked Premium Edition,PPSA18503,https://sgst.prod.dl.playstation.net/sgst/prod/00/np/PPSA18503_00/1858f5c0-d72a-474d-bd72-61c6dee99c3b-version.xml,ps5,game
UP2538-PPSA18505_00-CUTIESHGAMEPS5US,Cuties Hacked Premium Edition,PPSA18505,https://sgst.prod.dl.playstation.net/sgst/prod/00/np/PPSA18505_00/6ff066b6-fe7c-4ec2-8b2c-1d9494d08ff9-version.xml,ps5,game
EP0896-PPSA15467_00-CYBERCITIZENSHRG,Cyber Citizen Shockman,PPSA15467,https://sgst.prod.dl.playstation.net/sgst/prod/00/np/PPSA15467_00/845d4d8b-af5f-424b-a4fe-7d21c523f5f6-version.xml,ps5,game
UP4497-PPSA03974_00-0000000000000CP1,Cyberpunk 2077,PPSA03974,https://sgst.prod.dl.playstation.net/sgst/prod/00/np/PPSA03974_00/ab312155-fb2d-447d-9040-5c9fe1ab82d1-version.xml,ps5,game
EP4497-PPSA04029_00-0000000000000N22,Cyberpunk 2077,PPSA04029,https://sgst.prod.dl.playstation.net/sgst/prod/00/np/PPSA04029_00/ec290d4a-77a8-4060-888f-44335151e45b-version.xml,ps5,
UP4497-PPSA03974_00-EXPANSION1000000,Cyberpunk 2077: Phantom Liberty,PPSA03974,https://sgst.prod.dl.playstation.net/sgst/prod/00/np/PPSA03974_00/ab312155-fb2d-447d-9040-5c9fe1ab82d1-version.xml,ps5,game
UP8236-PPSA19115_00-0015587721224151,DAVE THE DIVER,PPSA19115,https://sgst.prod.dl.playstation.net/sgst/prod/00/np/PPSA19115_00/1f602edf-92e4-4787-af44-be2e21a1242c-version.xml,ps5,game
EP8427-PPSA19116_00-0022182838930901,DAVE THE DIVER - DREDGE Content Pack,PPSA19116,https://sgst.prod.dl.playstation.net/sgst/prod/00/np/PPSA19116_00/a8633d04-5660-430b-8e0b-255597743cb0-version.xml,ps5,game
UP8236-PPSA19115_00-0022182838930901,DAVE THE DIVER - DREDGE Content Pack,PPSA19115,https://sgst.prod.dl.playstation.net/sgst/prod/00/np/PPSA19115_00/1f602edf-92e4-4787-af44-be2e21a1242c-version.xml,ps5,game
UP8236-PPSA19115_00-0215443120330132,DAVE THE DIVER - Godzilla Content Pack,PPSA19115,https://sgst.prod.dl.playstation.net/sgst/prod/00/np/PPSA19115_00/1f602edf-92e4-4787-af44-be2e21a1242c-version.xml,ps5,game
UP8236-PPSA19115_00-0305012714356282,DAVE THE DIVER - Ichiban's Holiday Content Pack,PPSA19115,https://sgst.prod.dl.playstation.net/sgst/prod/00/np/PPSA19115_00/1f602edf-92e4-4787-af44-be2e21a1242c-version.xml,ps5,game
JA0014-PPSA02080_00-6296785828844631,DAZN,PPSA02080,https://sgst.prod.dl.playstation.net/sgst/prod/00/np/PPSA02080_00/88231354-9b47-4917-a644-b5e27d03de54-version.xml,ps5,
EP8819-PPSA02078_00-5349039255425945,DAZN,PPSA02078,https://sgst.prod.dl.playstation.net/sgst/prod/00/np/PPSA02078_00/a9af0d39-d2a2-4e79-8518-482639984e01-version.xml,ps5,game
EP1018-PPSA01619_00-DLC5SKINPACK0000,DC Elseworlds Pack,PPSA01619,https://sgst.prod.dl.playstation.net/sgst/prod/00/np/PPSA01619_00/d13316b3-ee9c-4082-bc86-f8a38f4c1278-version.xml,ps5,game
UP3824-PPSA07079_00-SUPERPETSGAME001,DC Liga dos Superpets: The Adventures of Krypto and Ace,PPSA07079,https://sgst.prod.dl.playstation.net/sgst/prod/00/np/PPSA07079_00/48b9c391-0337-423b-b13b-46ed14906e2e-version.xml,ps5,game
UP1023-PPSA06929_00-DMX0000000000000,DEADCRAFT,PPSA06929,https://sgst.prod.dl.playstation.net/sgst/prod/00/np/PPSA06929_00/0d703418-57bd-442a-aa24-32b04f3058a2-version.xml,ps5,game
UP0700-PPSA18708_00-DEATHNOTE0000000,DEATH NOTE Killer Within,PPSA18708,https://sgst.prod.dl.playstation.net/sgst/prod/00/np/PPSA18708_00/4104f19c-f88e-4301-ae2c-162bba5851fc-version.xml,ps5,game
JP9000-PPSA02015_00-DS2OTB0000000001,DEATH STRANDING 2: ON THE BEACH,PPSA02015,https://sgst.prod.dl.playstation.net/sgst/prod/00/np/PPSA02015_00/8726a76c-fb1e-4d44-a163-2bbda015eb47-version.xml,ps5,
UP9000-PPSA01969_00-DEATHSTRANDINGUS,DEATH STRANDING DIRECTOR'S CUT,PPSA01969,https://sgst.prod.dl.playstation.net/sgst/prod/00/np/PPSA01969_00/0d504e63-8deb-4cdd-b7c6-ca5ce6e1836d-version.xml,ps5,game
UP1003-PPSA01302_00-DEATHLOOP0000000,DEATHLOOP,PPSA01302,https://sgst.prod.dl.playstation.net/sgst/prod/00/np/PPSA01302_00/e241c45f-3fab-473b-80d0-faddd07ea897-version.xml,ps5,game
EP0082-PPSA13803_00-FF16DEMO00000000,DEMO DI FINAL FANTASY XVI,PPSA13803,https://sgst.prod.dl.playstation.net/sgst/prod/00/np/PPSA13803_00/b534601b-c967-441a-a628-92bf8d660820-version.xml,ps5,
UP4001-PPSA01552_00-DIRTFIVEPS5EDITI,DIRT5,PPSA01552,https://sgst.prod.dl.playstation.net/sgst/prod/00/np/PPSA01552_00/013a769d-9ef5-471f-bd56-202763fe0379-version.xml,ps5,game
EP4001-PPSA01551_00-DIRTFIVEPS5EDITI,DIRT5,PPSA01551,https://sgst.prod.dl.playstation.net/sgst/prod/00/np/PPSA01551_00/945ec86b-3049-42eb-8e10-c3e1bf0a1378-version.xml,ps5,game
EP4001-PPSA01551_00-2380141839085565,DIRT5 Amplified,PPSA01551,https://sgst.prod.dl.playstation.net/sgst/prod/00/np/PPSA01551_00/945ec86b-3049-42eb-8e10-c3e1bf0a1378-version.xml,ps5,game
UP5082-PPSA03351_00-0751981247248332,DLC 2,PPSA03351,https://sgst.prod.dl.playstation.net/sgst/prod/00/np/PPSA03351_00/15440660-0c84-4097-baac-a6468e9131b7-version.xml,ps5,
UP5082-PPSA03351_00-9349557958996138,DLC 3,PPSA03351,https://sgst.prod.dl.playstation.net/sgst/prod/00/np/PPSA03351_00/15440660-0c84-4097-baac-a6468e9131b7-version.xml,ps5,
EP1003-PPSA01982_00-DOOM05PS50000000,DOOM Eternal,PPSA01982,https://sgst.prod.dl.playstation.net/sgst/prod/00/np/PPSA01982_00/3d399cee-e416-44b0-bd6a-ad5f39c25dd1-version.xml,ps5,game
UP1003-PPSA01981_00-DOOM05PS50000000,DOOM Eternal,PPSA01981,https://sgst.prod.dl.playstation.net/sgst/prod/00/np/PPSA01981_00/9ba90eb3-f2ee-47d3-8763-df8dc6464987-version.xml,ps5,game
UP1003-PPSA01981_00-DETERNALCAMPAIGN,DOOM Eternal Campaign,PPSA01981,https://sgst.prod.dl.playstation.net/sgst/prod/00/np/PPSA01981_00/9ba90eb3-f2ee-47d3-8763-df8dc6464987-version.xml,ps5,game
EP1003-PPSA01982_00-DOOMETERNALDLC01,DOOM Eternal The Ancient Gods Part One,PPSA01982,https://sgst.prod.dl.playstation.net/sgst/prod/00/np/PPSA01982_00/3d399cee-e416-44b0-bd6a-ad5f39c25dd1-version.xml,ps5,game
UP1003-PPSA01981_00-DOOMETERNALDLC01,DOOM Eternal The Ancient Gods Part One,PPSA01981,https://sgst.prod.dl.playstation.net/sgst/prod/00/np/PPSA01981_00/9ba90eb3-f2ee-47d3-8763-df8dc6464987-version.xml,ps5,
EP1003-PPSA01982_00-DOOMETERNALDLC02,DOOM Eternal The Ancient Gods Part Two,PPSA01982,https://sgst.prod.dl.playstation.net/sgst/prod/00/np/PPSA01982_00/3d399cee-e416-44b0-bd6a-ad5f39c25dd1-version.xml,ps5,game
UP1003-PPSA01981_00-DOOMETERNALDLC02,DOOM Eternal The Ancient Gods Part Two,PPSA01981,https://sgst.prod.dl.playstation.net/sgst/prod/00/np/PPSA01981_00/9ba90eb3-f2ee-47d3-8763-df8dc6464987-version.xml,ps5,
UP1003-PPSA20560_00-DTITAN0000000000,DOOM: The Dark Ages,PPSA20560,https://sgst.prod.dl.playstation.net/sgst/prod/00/np/PPSA20560_00/2d5c9888-8bfa-4aa7-a6be-68f2505d3f00-version.xml,ps5,game
JP0700-PPSA14393_00-MAINGAME00000000,DRAGON BALL GEKISHIN SQUADRA,PPSA14393,https://sgst.prod.dl.playstation.net/sgst/prod/00/np/PPSA14393_00/b0375ce4-e9b9-4a45-badc-7727352cbf8c-version.xml,ps5,game
UP0700-PPSA08587_00-DRAGONBALLXV2000,DRAGON BALL XENOVERSE 2,PPSA08587,https://sgst.prod.dl.playstation.net/sgst/prod/00/np/PPSA08587_00/fe8a8aa9-5386-42f3-8025-2a086635a70e-version.xml,ps5,game
UP0700-PPSA08084_00-ATREMASTER001PS5,DRAGON BALL Z: KAKAROT,PPSA08084,https://sgst.prod.dl.playstation.net/sgst/prod/00/np/PPSA08084_00/fa7729fd-cb26-46ed-8402-52e4e9790378-version.xml,ps5,game
EP0700-PPSA08083_00-ATREMASTER001PS5,DRAGON BALL Z: KAKAROT,PPSA08083,https://sgst.prod.dl.playstation.net/sgst/prod/00/np/PPSA08083_00/db6c2614-b0b6-4dff-937f-cabfecfb2a28-version.xml,ps5,
EP0700-PPSA08083_00-NEWDBZRPG0000016,DRAGON BALL Z: KAKAROT - A NEW POWER AWAKENS Part 1,PPSA08083,https://sgst.prod.dl.playstation.net/sgst/prod/00/np/PPSA08083_00/db6c2614-b0b6-4dff-937f-cabfecfb2a28-version.xml,ps5,
EP0700-PPSA08083_00-NEWDBZRPG0000017,DRAGON BALL Z: KAKAROT - A NEW POWER AWAKENS Part 2,PPSA08083,https://sgst.prod.dl.playstation.net/sgst/prod/00/np/PPSA08083_00/db6c2614-b0b6-4dff-937f-cabfecfb2a28-version.xml,ps5,
EP0700-PPSA08083_00-NEWDBZRPG0000018,DRAGON BALL Z: KAKAROT -TRUNKS- THE WARRIOR OF HOPE,PPSA08083,https://sgst.prod.dl.playstation.net/sgst/prod/00/np/PPSA08083_00/db6c2614-b0b6-4dff-937f-cabfecfb2a28-version.xml,ps5,
UP0700-PPSA15211_00-DRAGONBALLSPARK0,DRAGON BALL: Sparking! ZERO,PPSA15211,https://sgst.prod.dl.playstation.net/sgst/prod/00/np/PPSA15211_00/05e60118-9f8a-44b8-b7a4-fdc87f84d79d-version.xml,ps5,
EP2921-PPSA02590_00-0000000000000005,DREAMERS,PPSA02590,https://sgst.prod.dl.playstation.net/sgst/prod/00/np/PPSA02590_00/2984ae07-8c2d-4a9f-8f03-a1009bd9380d-version.xml,ps5,game
UP4064-PPSA09077_00-0441220012296936,DREDGE,PPSA09077,https://sgst.prod.dl.playstation.net/sgst/prod/00/np/PPSA09077_00/dab2adfc-b586-4e09-a2eb-6c0cb39811c7-version.xml,ps5,game
UP4064-PPSA09077_00-0293888572167844,DREDGE - Blackstone Key,PPSA09077,https://sgst.prod.dl.playstation.net/sgst/prod/00/np/PPSA09077_00/dab2adfc-b586-4e09-a2eb-6c0cb39811c7-version.xml,ps5,game
EP4403-PPSA05134_00-DYSMANTLE0000000,DYSMANTLE,PPSA05134,https://sgst.prod.dl.playstation.net/sgst/prod/00/np/PPSA05134_00/830bf759-9081-4137-9144-60afbdcdaac1-version.xml,ps5,game
UP4403-PPSA05133_00-DYSMANTLE0000000,DYSMANTLE,PPSA05133,https://sgst.prod.dl.playstation.net/sgst/prod/00/np/PPSA05133_00/6ba7c365-84f4-48e7-9b32-79c136a69082-version.xml,ps5,game
UP4882-PPSA14734_00-P21S4XXXXXXXXXXX,Daft Punk - Get Lucky,PPSA14734,https://sgst.prod.dl.playstation.net/sgst/prod/00/np/PPSA14734_00/dc84fbd1-2b13-419c-bc3d-4ba7ea2472bc-version.xml,ps5,game
UP9000-PPSA01289_00-SABADAISY0000001,Daisy Costume,PPSA01289,https://sgst.prod.dl.playstation.net/sgst/prod/00/np/PPSA01289_00/0c1789e3-10b1-41eb-8ede-c159db8ef1e7-version.xml,ps5,
EP4321-PPSA03131_00-7866532544978329,Dark Sky Skin,PPSA03131,https://sgst.prod.dl.playstation.net/sgst/prod/00/np/PPSA03131_00/58f27224-3244-4e39-8e59-587660052f1a-version.xml,ps5,game
UP2619-PPSA19590_00-0191103846959805,Darkest Dungeon II,PPSA19590,https://sgst.prod.dl.playstation.net/sgst/prod/00/np/PPSA19590_00/47e862c6-4b8b-49e3-8c4f-82285d662485-version.xml,ps5,game
UP0101-PPSA28608_00-DARWINPARADOX000,Darwin's Paradox,PPSA28608,https://sgst.prod.dl.playstation.net/sgst/prod/00/np/PPSA28608_00/76913d5b-5a23-42a5-83b4-21f634ef504d-version.xml,ps5,game
UP7594-PPSA28499_00-DATEZFREEMIUMPS5,Date Z: Welcome to Massville High,PPSA28499,https://sgst.prod.dl.playstation.net/sgst/prod/00/np/PPSA28499_00/054dcadf-cbf3-48e0-b5bb-6560e33634ea-version.xml,ps5,game
EP1661-PPSA04046_00-SYPS5DATEJOURNAL,DateJournal,PPSA04046,https://sgst.prod.dl.playstation.net/sgst/prod/00/np/PPSA04046_00/7ca0b9a1-478f-4da6-a4cc-9fd3c7f4f9d3-version.xml,ps5,game
EP6470-PPSA04507_00-DATINGLIFEMILEYX,Dating Life: Miley X Emily,PPSA04507,https://sgst.prod.dl.playstation.net/sgst/prod/00/np/PPSA04507_00/e9d217c7-ba08-4ac7-9d2e-8fed11e40b1a-version.xml,ps5,game
EP2402-PPSA27711_00-DATINGSTORIESAPP,Dating Stories,PPSA27711,https://sgst.prod.dl.playstation.net/sgst/prod/00/np/PPSA27711_00/c7e764b0-9a96-4019-8318-d4c548b8e761-version.xml,ps5,game
EP2402-PPSA27711_00-DATESTORIESAC007,Dating Stories - Amanda Next Door,PPSA27711,https://sgst.prod.dl.playstation.net/sgst/prod/00/np/PPSA27711_00/c7e764b0-9a96-4019-8318-d4c548b8e761-version.xml,ps5,game
EP2402-PPSA29462_00-DATESTORIESAC007,Dating Stories - Amanda Next Door,PPSA29462,https://sgst.prod.dl.playstation.net/sgst/prod/00/np/PPSA29462_00/7c6bb2ac-d64f-4655-bc81-c31312ffe6e7-version.xml,ps5,game
EP2402-PPSA27711_00-DATESTORIESAC001,Dating Stories - At Jackie's Workshop,PPSA27711,https://sgst.prod.dl.playstation.net/sgst/prod/00/np/PPSA27711_00/c7e764b0-9a96-4019-8318-d4c548b8e761-version.xml,ps5,game
EP2402-PPSA27711_00-DATESTORIESAC997,Dating Stories - Blondie Pack,PPSA27711,https://sgst.prod.dl.playstation.net/sgst/prod/00/np/PPSA27711_00/c7e764b0-9a96-4019-8318-d4c548b8e761-version.xml,ps5,game
EP2402-PPSA29462_00-DATESTORIESAC997,Dating Stories - Blondie Pack,PPSA29462,https://sgst.prod.dl.playstation.net/sgst/prod/00/np/PPSA29462_00/7c6bb2ac-d64f-4655-bc81-c31312ffe6e7-version.xml,ps5,game
EP2402-PPSA27711_00-DATESTORIESAC998,Dating Stories - Brunette Pack,PPSA27711,https://sgst.prod.dl.playstation.net/sgst/prod/00/np/PPSA27711_00/c7e764b0-9a96-4019-8318-d4c548b8e761-version.xml,ps5,game
EP2402-PPSA29462_00-DATESTORIESAC998,Dating Stories - Brunette Pack,PPSA29462,https://sgst.prod.dl.playstation.net/sgst/prod/00/np/PPSA29462_00/7c6bb2ac-d64f-4655-bc81-c31312ffe6e7-version.xml,ps5,game
EP2402-PPSA27711_00-DATESTORIESAC004,Dating Stories - Cassidy's Wild West,PPSA27711,https://sgst.prod.dl.playstation.net/sgst/prod/00/np/PPSA27711_00/c7e764b0-9a96-4019-8318-d4c548b8e761-version.xml,ps5,game
EP2402-PPSA29462_00-DATESTORIESAC004,Dating Stories - Cassidy's Wild West,PPSA29462,https://sgst.prod.dl.playstation.net/sgst/prod/00/np/PPSA29462_00/7c6bb2ac-d64f-4655-bc81-c31312ffe6e7-version.xml,ps5,game
EP2402-PPSA27711_00-DATESTORIESAC005,Dating Stories - Kira's Lesson,PPSA27711,https://sgst.prod.dl.playstation.net/sgst/prod/00/np/PPSA27711_00/c7e764b0-9a96-4019-8318-d4c548b8e761-version.xml,ps5,game
EP2402-PPSA29462_00-DATESTORIESAC005,Dating Stories - Kira's Lesson,PPSA29462,https://sgst.prod.dl.playstation.net/sgst/prod/00/np/PPSA29462_00/7c6bb2ac-d64f-4655-bc81-c31312ffe6e7-version.xml,ps5,game
EP2402-PPSA27711_00-DATESTORIESAC006,Dating Stories - Maddie on the Road,PPSA27711,https://sgst.prod.dl.playstation.net/sgst/prod/00/np/PPSA27711_00/c7e764b0-9a96-4019-8318-d4c548b8e761-version.xml,ps5,game
EP2402-PPSA29462_00-DATESTORIESAC006,Dating Stories - Maddie on the Road,PPSA29462,https://sgst.prod.dl.playstation.net/sgst/prod/00/np/PPSA29462_00/7c6bb2ac-d64f-4655-bc81-c31312ffe6e7-version.xml,ps5,game
EP2402-PPSA27711_00-DATESTORIESAC002,Dating Stories - Maria's Carnival,PPSA27711,https://sgst.prod.dl.playstation.net/sgst/prod/00/np/PPSA27711_00/c7e764b0-9a96-4019-8318-d4c548b8e761-version.xml,ps5,game
EP2402-PPSA29462_00-DATESTORIESAC002,Dating Stories - Maria's Carnival,PPSA29462,https://sgst.prod.dl.playstation.net/sgst/prod/00/np/PPSA29462_00/7c6bb2ac-d64f-4655-bc81-c31312ffe6e7-version.xml,ps5,game
EP2402-PPSA27711_00-DATESTORIESAC003,Dating Stories - Maya's Secret Chapter,PPSA27711,https://sgst.prod.dl.playstation.net/sgst/prod/00/np/PPSA27711_00/c7e764b0-9a96-4019-8318-d4c548b8e761-version.xml,ps5,game
EP2402-PPSA29462_00-DATESTORIESAC003,Dating Stories - Maya's Secret Chapter,PPSA29462,https://sgst.prod.dl.playstation.net/sgst/prod/00/np/PPSA29462_00/7c6bb2ac-d64f-4655-bc81-c31312ffe6e7-version.xml,ps5,game
EP2402-PPSA27711_00-DATESTORIESAC008,Dating Stories - Nurse Joy,PPSA27711,https://sgst.prod.dl.playstation.net/sgst/prod/00/np/PPSA27711_00/c7e764b0-9a96-4019-8318-d4c548b8e761-version.xml,ps5,game
EP2402-PPSA29462_00-DATESTORIESAC008,Dating Stories - Nurse Joy,PPSA29462,https://sgst.prod.dl.playstation.net/sgst/prod/00/np/PPSA29462_00/7c6bb2ac-d64f-4655-bc81-c31312ffe6e7-version.xml,ps5,game
EP2402-PPSA27711_00-DATESTORIESAC999,Dating Stories - Ultimate Dating Pack,PPSA27711,https://sgst.prod.dl.playstation.net/sgst/prod/00/np/PPSA27711_00/c7e764b0-9a96-4019-8318-d4c548b8e761-version.xml,ps5,game
EP2402-PPSA29462_00-DATESTORIESAC999,Dating Stories - Ultimate Dating Pack,PPSA29462,https://sgst.prod.dl.playstation.net/sgst/prod/00/np/PPSA29462_00/7c6bb2ac-d64f-4655-bc81-c31312ffe6e7-version.xml,ps5,game
EP2402-PPSA29462_00-DATINGAPPPREMIUM,Dating Stories Premium Edition,PPSA29462,https://sgst.prod.dl.playstation.net/sgst/prod/00/np/PPSA29462_00/7c6bb2ac-d64f-4655-bc81-c31312ffe6e7-version.xml,ps5,game
UP6312-PPSA18654_00-0379108269562971,Dawn of the Dukes,PPSA18654,https://sgst.prod.dl.playstation.net/sgst/prod/00/np/PPSA18654_00/935e23b3-169e-439b-99d8-ae2b8b534b37-version.xml,ps5,game
UP9000-PPSA09695_00-NPUG803290000000,Daxter,PPSA09695,https://sgst.prod.dl.playstation.net/sgst/prod/00/np/PPSA09695_00/97892793-0432-4611-b665-e144e55c8426-version.xml,ps5,game
UP4016-PPSA15552_00-DEADCELLS0000000,Dead Cells,PPSA15552,https://sgst.prod.dl.playstation.net/sgst/prod/00/np/PPSA15552_00/414c599b-586b-4028-8517-44a1fd35b57f-version.xml,ps5,game
UP2047-PPSA03098_00-DEADISLAND000000,Dead Island 2,PPSA03098,https://sgst.prod.dl.playstation.net/sgst/prod/00/np/PPSA03098_00/012a9f32-2f50-4363-a740-28cb4ccf19d5-version.xml,ps5,game
UP2047-PPSA03098_00-DI2SE1PS5SIEA000,Dead Island 2 - Haus,PPSA03098,https://sgst.prod.dl.playstation.net/sgst/prod/00/np/PPSA03098_00/012a9f32-2f50-4363-a740-28cb4ccf19d5-version.xml,ps5,
UP2047-PPSA03098_00-DI2SE2PS5SIEA000,Dead Island 2 - Sola,PPSA03098,https://sgst.prod.dl.playstation.net/sgst/prod/00/np/PPSA03098_00/012a9f32-2f50-4363-a740-28cb4ccf19d5-version.xml,ps5,
EP4062-PPSA02807_00-SRDLC0000009SIEE,Dead Island 2 FREE Cosmetic Pack,PPSA02807,https://sgst.prod.dl.playstation.net/sgst/prod/00/np/PPSA02807_00/a10182dd-333a-4aaf-8f5e-de3c10183a56-version.xml,ps5,game
UP2047-PPSA02813_00-SRDLC0000009SIEA,Dead Island 2 FREE Cosmetic Pack,PPSA02813,https://sgst.prod.dl.playstation.net/sgst/prod/00/np/PPSA02813_00/27cb3e53-2732-4f5b-a909-b12f18009395-version.xml,ps5,
UP0102-PPSA22257_00-DEADRISINGDEMO01,Dead Rising Deluxe Remaster Demo,PPSA22257,https://sgst.prod.dl.playstation.net/sgst/prod/00/np/PPSA22257_00/e2a3ee22-a49b-4a41-9dc0-47a4ec89b2da-version.xml,ps5,
UP0006-PPSA03845_00-DSBDLXUPGRADE000,Dead Space Digital Deluxe Edition Upgrade,PPSA03845,https://sgst.prod.dl.playstation.net/sgst/prod/00/np/PPSA03845_00/d98bae3f-d589-465d-8984-d387d3ad41d8-version.xml,ps5,
EP0006-PPSA03846_00-BEYONDPS5GAME000,Dead Space™,PPSA03846,https://sgst.prod.dl.playstation.net/sgst/prod/00/np/PPSA03846_00/a5d89e27-60b5-4672-b81b-f927a3e8b2d1-version.xml,ps5,game
UP3509-PPSA02048_00-DEADBYDAYLIGHT00,Dead by Daylight,PPSA02048,https://sgst.prod.dl.playstation.net/sgst/prod/00/np/PPSA02048_00/47a0c194-46c9-4547-b82f-aaaf7340cb49-version.xml,ps5,game
UP3509-PPSA02048_00-CHAPTERCHURROS00,Dead by Daylight: Dungeons & Dragons Chapter,PPSA02048,https://sgst.prod.dl.playstation.net/sgst/prod/00/np/PPSA02048_00/47a0c194-46c9-4547-b82f-aaaf7340cb49-version.xml,ps5,
UP3509-PPSA02048_00-CHAPTERUMBRA0000,Dead by Daylight: End Transmission Chapter,PPSA02048,https://sgst.prod.dl.playstation.net/sgst/prod/00/np/PPSA02048_00/47a0c194-46c9-4547-b82f-aaaf7340cb49-version.xml,ps5,
UP3509-PPSA02048_00-CHAPTERKETCHUP00,Dead by Daylight: Five Nights at Freddy's Chapter,PPSA02048,https://sgst.prod.dl.playstation.net/sgst/prod/00/np/PPSA02048_00/47a0c194-46c9-4547-b82f-aaaf7340cb49-version.xml,ps5,game
UP3509-PPSA02048_00-CHAPTEROMANK0000,Dead by Daylight: Ghost Face,PPSA02048,https://sgst.prod.dl.playstation.net/sgst/prod/00/np/PPSA02048_00/47a0c194-46c9-4547-b82f-aaaf7340cb49-version.xml,ps5,
UP3509-PPSA02048_00-CHAPTERHUBBLE000,Dead by Daylight: HOUR OF THE WITCH Chapter,PPSA02048,https://sgst.prod.dl.playstation.net/sgst/prod/00/np/PPSA02048_00/47a0c194-46c9-4547-b82f-aaaf7340cb49-version.xml,ps5,
UP3509-PPSA02048_00-THECANNIBAL00000,Dead by Daylight: Leatherface™,PPSA02048,https://sgst.prod.dl.playstation.net/sgst/prod/00/np/PPSA02048_00/47a0c194-46c9-4547-b82f-aaaf7340cb49-version.xml,ps5,
UP3509-PPSA02048_00-CHAPTERWALES0000,Dead by Daylight: Silent Hill Chapter,PPSA02048,https://sgst.prod.dl.playstation.net/sgst/prod/00/np/PPSA02048_00/47a0c194-46c9-4547-b82f-aaaf7340cb49-version.xml,ps5,
UP3509-PPSA02048_00-CHAPTERHALLOWEEN,Dead by Daylight: The HALLOWEEN® Chapter,PPSA02048,https://sgst.prod.dl.playstation.net/sgst/prod/00/np/PPSA02048_00/47a0c194-46c9-4547-b82f-aaaf7340cb49-version.xml,ps5,
EP2627-PPSA22668_00-DEADLINKPS500000,Deadlink,PPSA22668,https://sgst.prod.dl.playstation.net/sgst/prod/00/np/PPSA22668_00/928deb04-e593-4f3c-9953-1a1d28b4a5ea-version.xml,ps5,game
EP8070-PPSA19909_00-0395415848382488,Death Motel,PPSA19909,https://sgst.prod.dl.playstation.net/sgst/prod/00/np/PPSA19909_00/1be6e61f-9308-4fa5-8b63-11ec09cf9746-version.xml,ps5,game
UP3643-PPSA05303_00-0000000000000000,Death's Door,PPSA05303,https://sgst.prod.dl.playstation.net/sgst/prod/00/np/PPSA05303_00/55d6e1d3-a789-441e-8697-4d1712c4b11e-version.xml,ps5,game
EP3643-PPSA05304_00-0000000000000000,Death's Door,PPSA05304,https://sgst.prod.dl.playstation.net/sgst/prod/00/np/PPSA05304_00/181d5270-0b3a-465c-92d9-cc6f7dbe03e9-version.xml,ps5,
UP0115-PPSA05408_00-7962076650946286,Deceive Inc.,PPSA05408,https://sgst.prod.dl.playstation.net/sgst/prod/00/np/PPSA05408_00/bdba3a69-d462-4009-a185-4b9bbd8158d7-version.xml,ps5,game
UP4664-PPSA02967_00-DRGFULLGAMEPS5US,Deep Rock Galactic,PPSA02967,https://sgst.prod.dl.playstation.net/sgst/prod/00/np/PPSA02967_00/65ba1d90-0ed8-4e5f-90a2-1b8394280200-version.xml,ps5,game
EP4837-PPSA02962_00-DRGFULLGAMEPS5EU,Deep Rock Galactic,PPSA02962,https://sgst.prod.dl.playstation.net/sgst/prod/00/np/PPSA02962_00/2dcb8d7f-84e3-4677-b434-ca6b12070bba-version.xml,ps5,game
EP2377-PPSA04519_00-0339215954685392,Deliver Us Mars,PPSA04519,https://sgst.prod.dl.playstation.net/sgst/prod/00/np/PPSA04519_00/b9bc3b14-8986-42ba-bfb6-d3be80c83f25-version.xml,ps5,game
UP2514-PPSA04520_00-5569621071826587,Deliver Us Mars,PPSA04520,https://sgst.prod.dl.playstation.net/sgst/prod/00/np/PPSA04520_00/3bf22b2c-f2ff-4b97-bb27-c24609f8da4f-version.xml,ps5,game
EP4382-PPSA04138_00-DUTMPS5000000000,Deliver Us The Moon,PPSA04138,https://sgst.prod.dl.playstation.net/sgst/prod/00/np/PPSA04138_00/47d998a0-e88c-4873-a8a0-a836f00982d6-version.xml,ps5,game
UP4382-PPSA04137_00-DUTMPS5000000000,Deliver Us The Moon,PPSA04137,https://sgst.prod.dl.playstation.net/sgst/prod/00/np/PPSA04137_00/06a6a03f-c528-4427-9902-194058a0046e-version.xml,ps5,game
UP5104-PPSA28881_00-0555800169353087,Delta Force,PPSA28881,https://sgst.prod.dl.playstation.net/sgst/prod/00/np/PPSA28881_00/d58bf1bc-b0fa-442e-af34-67db07694831-version.xml,ps5,
UP1001-PPSA05813_00-DELUXESKUCONTENT,Deluxe Content,PPSA05813,https://sgst.prod.dl.playstation.net/sgst/prod/00/np/PPSA05813_00/518d478d-a398-4a60-bf30-985a0dd180ce-version.xml,ps5,
JP0720-PPSA27625_00-FANTASYLIFEIAC02,Deluxe Edition,PPSA27625,https://sgst.prod.dl.playstation.net/sgst/prod/00/np/PPSA27625_00/394b8bdf-edfd-4c78-8d8a-b0bbf754afa5-version.xml,ps5,game
UP1018-PPSA02223_00-GKPS5DIGI0000DLX,Deluxe Edition Digital,PPSA02223,https://sgst.prod.dl.playstation.net/sgst/prod/00/np/PPSA02223_00/b3d027fc-4d9a-48b2-b624-cdad4f0b9e03-version.xml,ps5,
UP1477-PPSA02571_00-DELUXEUPGRADE000,Deluxe Upgrade,PPSA02571,https://sgst.prod.dl.playstation.net/sgst/prod/00/np/PPSA02571_00/76b21f28-40c8-46a6-8548-d012a0837178-version.xml,ps5,
EP0102-PPSA04289_00-BH20000GUNDLC001,"Deluxe Weapon: ""Samurai Edge - Albert Model""",PPSA04289,https://sgst.prod.dl.playstation.net/sgst/prod/00/np/PPSA04289_00/fb052acf-32a6-4152-9847-b39596142059-version.xml,ps5,game
UP0102-PPSA07411_00-RE4RDLC000000009,Deluxe Weapon: 'Sentinel Nine',PPSA07411,https://sgst.prod.dl.playstation.net/sgst/prod/00/np/PPSA07411_00/1dba2283-d401-4ba8-a562-4ac92fd8fcdb-version.xml,ps5,
UP0102-PPSA07411_00-RE4RDLC000000010,Deluxe Weapon: 'Skull Shaker',PPSA07411,https://sgst.prod.dl.playstation.net/sgst/prod/00/np/PPSA07411_00/1dba2283-d401-4ba8-a562-4ac92fd8fcdb-version.xml,ps5,
EP4108-PPSA29601_00-NIOH3DEMO0000000,Demo alpha di Nioh 3,PPSA29601,https://sgst.prod.dl.playstation.net/sgst/prod/00/np/PPSA29601_00/8d335323-93ca-457b-8d54-69d9374a2716-version.xml,ps5,
UP9000-PPSA01342_00-DEMONSSOULS00000,Demon's Souls,PPSA01342,https://sgst.prod.dl.playstation.net/sgst/prod/00/np/PPSA01342_00/395a8ad3-0720-4ab6-bc70-c7e818879595-version.xml,ps5,game
EP1762-PPSA06877_00-DEMONPS500000000,Demon's Tier+,PPSA06877,https://sgst.prod.dl.playstation.net/sgst/prod/00/np/PPSA06877_00/c2d63dfe-3a6d-4fc9-8b15-2e5b988896fa-version.xml,ps5,game
UP3971-PPSA15428_00-DESPELOTEXXXXXXX,Despelote,PPSA15428,https://sgst.prod.dl.playstation.net/sgst/prod/00/np/PPSA15428_00/bba1cbb2-07f3-490d-a2f3-c2163d51b51f-version.xml,ps5,game
UP0002-PPSA02409_00-DESTINYTHEGAME02,Destiny 2,PPSA02409,https://sgst.prod.dl.playstation.net/sgst/prod/00/np/PPSA02409_00/e10c70a7-b498-417e-a8af-3bf567f09693-version.xml,ps5,game
EP0002-PPSA02410_00-DESTINYTHEGAME02,Destiny 2,PPSA02410,https://sgst.prod.dl.playstation.net/sgst/prod/00/np/PPSA02410_00/ae9740e2-acc7-48b9-8d6e-88d61d721314-version.xml,ps5,game
UP0002-PPSA02409_00-D230PACK00000001,Destiny 2 Pacote 30º Aniver. da Bungie,PPSA02409,https://sgst.prod.dl.playstation.net/sgst/prod/00/np/PPSA02409_00/e10c70a7-b498-417e-a8af-3bf567f09693-version.xml,ps5,game
UP0002-PPSA02409_00-D2FINALSHAPE0001,Destiny 2: A Forma Final,PPSA02409,https://sgst.prod.dl.playstation.net/sgst/prod/00/np/PPSA02409_00/e10c70a7-b498-417e-a8af-3bf567f09693-version.xml,ps5,game
UP0002-PPSA02409_00-D2BEYONDLIGHT001,Destiny 2: Além da Luz,PPSA02409,https://sgst.prod.dl.playstation.net/sgst/prod/00/np/PPSA02409_00/e10c70a7-b498-417e-a8af-3bf567f09693-version.xml,ps5,game
UP0002-PPSA02409_00-D2SHADOWKEEP0001,Destiny 2: Fortaleza das Sombras,PPSA02409,https://sgst.prod.dl.playstation.net/sgst/prod/00/np/PPSA02409_00/e10c70a7-b498-417e-a8af-3bf567f09693-version.xml,ps5,game
UP0002-PPSA02409_00-D2LIGHTFALL00001,Destiny 2: Lightfall,PPSA02409,https://sgst.prod.dl.playstation.net/sgst/prod/00/np/PPSA02409_00/e10c70a7-b498-417e-a8af-3bf567f09693-version.xml,ps5,game
UP0002-PPSA02409_00-D2LFDELUXE000001,Destiny 2: Lightfall Annual Pass Upgrade,PPSA02409,https://sgst.prod.dl.playstation.net/sgst/prod/00/np/PPSA02409_00/e10c70a7-b498-417e-a8af-3bf567f09693-version.xml,ps5,game
UP0002-PPSA02409_00-D2LFEMOTE0000001,Destiny 2: Lightfall Exotic Emote,PPSA02409,https://sgst.prod.dl.playstation.net/sgst/prod/00/np/PPSA02409_00/e10c70a7-b498-417e-a8af-3bf567f09693-version.xml,ps5,game
UP0002-PPSA02409_00-D2LFWEAPON000001,Destiny 2: Lightfall Exotic Weapon,PPSA02409,https://sgst.prod.dl.playstation.net/sgst/prod/00/np/PPSA02409_00/e10c70a7-b498-417e-a8af-3bf567f09693-version.xml,ps5,game
UP0002-PPSA02409_00-D2LFPREPACK00001,Destiny 2: Lightfall Pre-Order Pack,PPSA02409,https://sgst.prod.dl.playstation.net/sgst/prod/00/np/PPSA02409_00/e10c70a7-b498-417e-a8af-3bf567f09693-version.xml,ps5,game
UP0002-PPSA02409_00-D2LFPREMIUM00001,Destiny 2: Lightfall Premium Pack,PPSA02409,https://sgst.prod.dl.playstation.net/sgst/prod/00/np/PPSA02409_00/e10c70a7-b498-417e-a8af-3bf567f09693-version.xml,ps5,game
EP0002-PPSA02410_00-D2BEYONDLIGHT001,Destiny 2: Oltre la Luce,PPSA02410,https://sgst.prod.dl.playstation.net/sgst/prod/00/np/PPSA02410_00/ae9740e2-acc7-48b9-8d6e-88d61d721314-version.xml,ps5,
UP0002-PPSA02409_00-DESTINY2FORSAKEN,Destiny 2: Renegados,PPSA02409,https://sgst.prod.dl.playstation.net/sgst/prod/00/np/PPSA02409_00/e10c70a7-b498-417e-a8af-3bf567f09693-version.xml,ps5,game
UP0002-PPSA02409_00-D2FSAPUPGRADE001,Destiny 2: The Final Shape Annual Pass Upgrade,PPSA02409,https://sgst.prod.dl.playstation.net/sgst/prod/00/np/PPSA02409_00/e10c70a7-b498-417e-a8af-3bf567f09693-version.xml,ps5,
UP0002-PPSA02409_00-D2FSWEAPON000001,Destiny 2: The Final Shape Exotic Weapon,PPSA02409,https://sgst.prod.dl.playstation.net/sgst/prod/00/np/PPSA02409_00/e10c70a7-b498-417e-a8af-3bf567f09693-version.xml,ps5,
UP0002-PPSA02409_00-D2FSPREPACK00001,Destiny 2: The Final Shape Pre-Order Pack,PPSA02409,https://sgst.prod.dl.playstation.net/sgst/prod/00/np/PPSA02409_00/e10c70a7-b498-417e-a8af-3bf567f09693-version.xml,ps5,game
UP0002-PPSA02409_00-D2WITCHQUEEN0001,Destiny 2: The Witch Queen,PPSA02409,https://sgst.prod.dl.playstation.net/sgst/prod/00/np/PPSA02409_00/e10c70a7-b498-417e-a8af-3bf567f09693-version.xml,ps5,game
EP0002-PPSA02410_00-D2WITCHQUEEN0001,Destiny 2 : La Reine Sorcière,PPSA02410,https://sgst.prod.dl.playstation.net/sgst/prod/00/np/PPSA02410_00/ae9740e2-acc7-48b9-8d6e-88d61d721314-version.xml,ps5,game
UP4389-PPSA05398_00-DAH2REPRODBEDUS0,Destroy All Humans! 2 - Reprobed,PPSA05398,https://sgst.prod.dl.playstation.net/sgst/prod/00/np/PPSA05398_00/cca7eb50-9d0a-4215-af1f-98f188b9e09f-version.xml,ps5,game
UP9000-PPSA02712_00-F2PPROGRESSION00,Destruction AllStars - New Progression,PPSA02712,https://sgst.prod.dl.playstation.net/sgst/prod/00/np/PPSA02712_00/af189fb6-c3b7-4e28-8d1b-8a903157a54c-version.xml,ps5,game
UP9000-PPSA02712_00-CHALLENGESRSBASE,Destruction AllStars: Série de Desafios Base,PPSA02712,https://sgst.prod.dl.playstation.net/sgst/prod/00/np/PPSA02712_00/af189fb6-c3b7-4e28-8d1b-8a903157a54c-version.xml,ps5,game
HP9000-PPSA02714_00-DALLSTARSPLUS001,Destruction AllStars™,PPSA02714,https://sgst.prod.dl.playstation.net/sgst/prod/00/np/PPSA02714_00/17a25d3b-edfe-4150-ba40-b6b5d402cd0c-version.xml,ps5,
HP0177-PPSA03792_00-DETECTIVEEP00001,Detective Essentials Pack,PPSA03792,https://sgst.prod.dl.playstation.net/sgst/prod/00/np/PPSA03792_00/d506252c-2166-4c92-b4b4-f72c708d2707-version.xml,ps5,game
UP8490-PPSA27664_00-SLUS201110000000,Deus Ex: The Conspiracy,PPSA27664,https://sgst.prod.dl.playstation.net/sgst/prod/00/np/PPSA27664_00/17d4e3bf-b84e-4a9b-ac58-6afc040bb3f5-version.xml,ps5,game
EP1245-PPSA03003_00-5237456648762342,Devastator,PPSA03003,https://sgst.prod.dl.playstation.net/sgst/prod/00/np/PPSA03003_00/d5f07fef-a2ea-438c-a59f-eb58e54c70ca-version.xml,ps5,game
UP0102-PPSA01442_00-DMC5000000000001,Devil May Cry 5 Special Edition,PPSA01442,https://sgst.prod.dl.playstation.net/sgst/prod/00/np/PPSA01442_00/226b7866-2cb4-488e-b169-667861a18b76-version.xml,ps5,game
EP0177-PPSA03261_00-DEVILSDLCPACK000,Devils Brigade DLC Pack,PPSA03261,https://sgst.prod.dl.playstation.net/sgst/prod/00/np/PPSA03261_00/2fe423bb-9050-441e-9b03-75093555e313-version.xml,ps5,game
UP0002-PPSA02442_00-DIABLOIVFULLPS50,Diablo IV,PPSA02442,https://sgst.prod.dl.playstation.net/sgst/prod/00/np/PPSA02442_00/084e9a20-547e-414f-9974-1bfa8f09e50b-version.xml,ps5,game
EP0002-PPSA05264_00-RENEGDBETAPS5000,Diablo IV,PPSA05264,https://sgst.prod.dl.playstation.net/sgst/prod/00/np/PPSA05264_00/375a5297-8b50-4994-b936-a342e597aec9-version.xml,ps5,
EP0002-PPSA03912_00-D2RESURRECTEDPS5,Diablo® II: Resurrected™,PPSA03912,https://sgst.prod.dl.playstation.net/sgst/prod/00/np/PPSA03912_00/e7823ed0-0607-491e-ac61-b57c65d3d54b-version.xml,ps5,game
EP0001-PPSA01490_00-DLCEXPANSION0003,Die Zeichen Ragnaröks,PPSA01490,https://sgst.prod.dl.playstation.net/sgst/prod/00/np/PPSA01490_00/b94df226-94ce-4cac-897a-161efd9124a1-version.xml,ps5,game
UP0700-PPSA24702_00-DIGIMONSTORYTS00,Digimon Story Time Stranger,PPSA24702,https://sgst.prod.dl.playstation.net/sgst/prod/00/np/PPSA24702_00/fb4ddc86-ccbc-480d-84e2-8c99930a2fe0-version.xml,ps5,game
UP0700-PPSA25917_00-DSTS0DEMO0000000,Digimon Story Time Stranger Demo,PPSA25917,https://sgst.prod.dl.playstation.net/sgst/prod/00/np/PPSA25917_00/04373889-b7ab-4941-85ca-1365ca1c2155-version.xml,ps5,game
UP9000-PPSA03016_00-MSM2DDEBONUS0000,Digital Deluxe Edition,PPSA03016,https://sgst.prod.dl.playstation.net/sgst/prod/00/np/PPSA03016_00/002f8b71-1c52-4f96-ae69-bf70edd7a62b-version.xml,ps5,
JP9000-PPSA02015_00-DS2OTBDDECON0001,Digital Deluxe Edition / Collector's Edition Bonus Content,PPSA02015,https://sgst.prod.dl.playstation.net/sgst/prod/00/np/PPSA02015_00/8726a76c-fb1e-4d44-a163-2bbda015eb47-version.xml,ps5,
UP1018-PPSA01695_00-PS5DIGI000000STD,Digital Standard,PPSA01695,https://sgst.prod.dl.playstation.net/sgst/prod/00/np/PPSA01695_00/29f18321-1e3e-40d0-b290-85e967a32f0b-version.xml,ps5,game
UP0102-PPSA07831_00-SLUS009220000000,Dino Crisis,PPSA07831,https://sgst.prod.dl.playstation.net/sgst/prod/00/np/PPSA07831_00/233ec398-d94b-46e3-87f3-e97a9eea50fa-version.xml,ps5,game
UP4395-PPSA04870_00-LMSDINOSAFARIDLC,Dino Safari,PPSA04870,https://sgst.prod.dl.playstation.net/sgst/prod/00/np/PPSA04870_00/5458b8ab-8552-4acd-97d3-f2a440f134db-version.xml,ps5,game
EP6087-PPSA18500_00-0740107014520966,Dinobreak,PPSA18500,https://sgst.prod.dl.playstation.net/sgst/prod/00/np/PPSA18500_00/826e8204-3933-46f7-8217-c57779e7f7b1-version.xml,ps5,game
UP6758-PPSA03268_00-6401393671841114,Disco Elysium,PPSA03268,https://sgst.prod.dl.playstation.net/sgst/prod/00/np/PPSA03268_00/ce8bc8d9-b115-40a4-926c-796220b46bdd-version.xml,ps5,game
EP6757-PPSA03329_00-0902745586622586,Disco Elysium,PPSA03329,https://sgst.prod.dl.playstation.net/sgst/prod/00/np/PPSA03329_00/edc89457-ce0a-48df-bfd2-175a458ea026-version.xml,ps5,game
UP4389-PPSA15656_00-EPICMICKEYREMAKE,Disney Epic Mickey: Rebrushed,PPSA15656,https://sgst.prod.dl.playstation.net/sgst/prod/00/np/PPSA15656_00/376dda4f-05cc-4faf-a61e-1a1b92d927af-version.xml,ps5,game
EP2006-PPSA09298_00-1368252437716395,Disney Speedstorm,PPSA09298,https://sgst.prod.dl.playstation.net/sgst/prod/00/np/PPSA09298_00/2b341242-9853-4e05-ac17-c09e24fadd26-version.xml,ps5,game
UP1082-PPSA01604_00-9645002241283602,Disney+,PPSA01604,https://sgst.prod.dl.playstation.net/sgst/prod/00/np/PPSA01604_00/cf1c2c21-6614-4272-a477-914856e2a3d9-version.xml,ps5,game
EP1006-PPSA01605_00-1213698939117427,Disney+,PPSA01605,https://sgst.prod.dl.playstation.net/sgst/prod/00/np/PPSA01605_00/b192b89d-8025-4dde-82e9-9810cd0be87e-version.xml,ps5,game
UP1082-PPSA14381_00-SLUS011920000000,Disney•Pixar Buzz Lightyear of Star Command,PPSA14381,https://sgst.prod.dl.playstation.net/sgst/prod/00/np/PPSA14381_00/78eb50f8-1950-45ac-9607-b2c9d59afa43-version.xml,ps5,game
UP1082-PPSA07371_00-SLUS008930000000,Disney•Pixar Toy Story 2: Buzz Lightyear to the Rescue!,PPSA07371,https://sgst.prod.dl.playstation.net/sgst/prod/00/np/PPSA07371_00/c63a8b21-4b84-42a7-b6b6-c80184b8143a-version.xml,ps5,game
UP1082-PPSA07373_00-ULUS105070000000,Disney•Pixar Toy Story 3,PPSA07373,https://sgst.prod.dl.playstation.net/sgst/prod/00/np/PPSA07373_00/97e9959d-d249-4185-ba79-bf0ac032b329-version.xml,ps5,game
UP1082-PPSA14378_00-ULUS104300000000,Disney•Pixar Up,PPSA14378,https://sgst.prod.dl.playstation.net/sgst/prod/00/np/PPSA14378_00/d500efa1-dee9-4ffd-afed-6012e84573f1-version.xml,ps5,game
UP0334-PPSA04188_00-DIVINEKNOCKOUTXX,Divine Knockout,PPSA04188,https://sgst.prod.dl.playstation.net/sgst/prod/00/np/PPSA04188_00/dd339478-9fe0-4391-8eee-4a5e818cc66e-version.xml,ps5,game
EP0331-PPSA04189_00-DIVINEKNOCKOUTXX,Divine Knockout,PPSA04189,https://sgst.prod.dl.playstation.net/sgst/prod/00/np/PPSA04189_00/065478d2-3c27-428c-a761-ee0b5e693b29-version.xml,ps5,
EP3383-PPSA06866_00-ORIGINALSIN2XPS5,Divinity: Original Sin 2 - Definitive Edition,PPSA06866,https://sgst.prod.dl.playstation.net/sgst/prod/00/np/PPSA06866_00/411a4bcc-9639-4fb7-ba5a-ca4298a28fa8-version.xml,ps5,game
UP9000-PPSA01289_00-SABADOG000000001,Dog Costume,PPSA01289,https://sgst.prod.dl.playstation.net/sgst/prod/00/np/PPSA01289_00/0c1789e3-10b1-41eb-8ede-c159db8ef1e7-version.xml,ps5,
UP0604-PPSA03732_00-DOKIDOKILITCLUBP,Doki Doki Literature Club Plus,PPSA03732,https://sgst.prod.dl.playstation.net/sgst/prod/00/np/PPSA03732_00/5024c2dc-77d9-4d07-be50-662c121facb2-version.xml,ps5,game
UP2107-PPSA02069_00-DSTCEPS5PORTSIEA,Don't Starve Together: Console Edition,PPSA02069,https://sgst.prod.dl.playstation.net/sgst/prod/00/np/PPSA02069_00/b1370c22-11d8-445e-9094-910965e2ba10-version.xml,ps5,game
EP2107-PPSA02070_00-DSTCEPS5PORTSIEE,Don't Starve Together: Console Edition,PPSA02070,https://sgst.prod.dl.playstation.net/sgst/prod/00/np/PPSA02070_00/ffbf08a8-8dab-42d2-9a7b-7f5748bce28b-version.xml,ps5,game
EP0896-PPSA03760_00-RGDONUTSNJUSTICE,Donuts'n'Justice,PPSA03760,https://sgst.prod.dl.playstation.net/sgst/prod/00/np/PPSA03760_00/b1589bc3-c74e-4190-bf20-64c428a4d2d8-version.xml,ps5,game
EP2955-PPSA16019_00-DDGBASEGAME00000,Double Dragon Gaiden : Rise of the Dragons,PPSA16019,https://sgst.prod.dl.playstation.net/sgst/prod/00/np/PPSA16019_00/a8e859eb-38a8-43aa-9981-03f29da8ea5c-version.xml,ps5,game
JP0036-PPSA23000_00-DDRAGONREVIVE000,Double Dragon Revive,PPSA23000,https://sgst.prod.dl.playstation.net/sgst/prod/00/np/PPSA23000_00/c1434940-2e63-4bea-bc37-25a3f9d34667-version.xml,ps5,game
EP1018-PPSA01619_00-DLC3SKINPACK0000,Double Feature Skin Pack,PPSA01619,https://sgst.prod.dl.playstation.net/sgst/prod/00/np/PPSA01619_00/d13316b3-ee9c-4082-bc86-f8a38f4c1278-version.xml,ps5,game
UP0006-PPSA01390_00-DRAGONAGE0400000,Dragon Age™: The Veilguard,PPSA01390,https://sgst.prod.dl.playstation.net/sgst/prod/00/np/PPSA01390_00/c5f292a4-87e4-41cf-8517-992951080b77-version.xml,ps5,game
UP0700-PPSA08587_00-DBXV2CHADAIMAPAC,Dragon Ball DAIMA pack,PPSA08587,https://sgst.prod.dl.playstation.net/sgst/prod/00/np/PPSA08587_00/fe8a8aa9-5386-42f3-8025-2a086635a70e-version.xml,ps5,game
UP0700-PPSA15211_00-DBSZ0CHADAIMAPC1,Dragon Ball DAIMA: Character Pack 1,PPSA15211,https://sgst.prod.dl.playstation.net/sgst/prod/00/np/PPSA15211_00/05e60118-9f8a-44b8-b7a4-fdc87f84d79d-version.xml,ps5,
UP0700-PPSA15211_00-DBSZ0CHADAIMAPC2,Dragon Ball DAIMA: Character Pack 2,PPSA15211,https://sgst.prod.dl.playstation.net/sgst/prod/00/np/PPSA15211_00/05e60118-9f8a-44b8-b7a4-fdc87f84d79d-version.xml,ps5,
EP1001-PPSA01493_00-0000DAFEUPS5CGUP,Dragon Lord Pack,PPSA01493,https://sgst.prod.dl.playstation.net/sgst/prod/00/np/PPSA01493_00/35a4e113-87fc-43fe-b7fc-b93a72223736-version.xml,ps5,game
UP1001-PPSA01492_00-0000DAFNAPS5CGUP,Dragon Lord Pack,PPSA01492,https://sgst.prod.dl.playstation.net/sgst/prod/00/np/PPSA01492_00/ecb75d50-782a-4f27-a368-38e43bfa8006-version.xml,ps5,game
UP1850-PPSA01953_00-DREAMOFTHEBEAST0,Dream of the Beast,PPSA01953,https://sgst.prod.dl.playstation.net/sgst/prod/00/np/PPSA01953_00/693ad410-7926-431d-bb5f-127a86b5fad9-version.xml,ps5,game
UP9000-PPSA23797_00-SLUS204630000000,Dropship: United Peace Force,PPSA23797,https://sgst.prod.dl.playstation.net/sgst/prod/00/np/PPSA23797_00/26d4c3f1-3e0c-4083-9c03-1565b521d74b-version.xml,ps5,game
EP1936-PPSA03750_00-7895378879821504,Dustwind - The Last Resort,PPSA03750,https://sgst.prod.dl.playstation.net/sgst/prod/00/np/PPSA03750_00/c0d24874-b700-4c89-998f-0e54e000285c-version.xml,ps5,game
EP1936-PPSA29135_00-0000000000000000,Dustwind: Resistance,PPSA29135,https://sgst.prod.dl.playstation.net/sgst/prod/00/np/PPSA29135_00/af1ac285-5406-45cd-946a-687733fab256-version.xml,ps5,game
EP2911-PPSA02262_00-EXPANSIONPASSPS5,Dying Light 2 - Expansion Pass 1,PPSA02262,https://sgst.prod.dl.playstation.net/sgst/prod/00/np/PPSA02262_00/cb229d4f-31c2-4a50-a689-2de12adeca70-version.xml,ps5,game
UP3050-PPSA02261_00-EXPANSIONPASSPS5,Dying Light 2 - Expansion Pass 1,PPSA02261,https://sgst.prod.dl.playstation.net/sgst/prod/00/np/PPSA02261_00/41f7336e-6f64-4117-97b8-aa7b601af62f-version.xml,ps5,
EP2911-PPSA02262_00-HALLOWEENCLOWN00,Dying Light 2 - Halloween Clown,PPSA02262,https://sgst.prod.dl.playstation.net/sgst/prod/00/np/PPSA02262_00/cb229d4f-31c2-4a50-a689-2de12adeca70-version.xml,ps5,game
EP2911-PPSA02262_00-000PEACEKEEPER01,Dying Light 2 Stay Human: Authority pack—part 1/3,PPSA02262,https://sgst.prod.dl.playstation.net/sgst/prod/00/np/PPSA02262_00/cb229d4f-31c2-4a50-a689-2de12adeca70-version.xml,ps5,game
UP3050-PPSA02261_00-000PEACEKEEPER01,Dying Light 2 Stay Human: Authority pack—part 1/3,PPSA02261,https://sgst.prod.dl.playstation.net/sgst/prod/00/np/PPSA02261_00/41f7336e-6f64-4117-97b8-aa7b601af62f-version.xml,ps5,
EP2911-PPSA02262_00-000PEACEKEEPER02,Dying Light 2 Stay Human: Authority pack—part 2/3,PPSA02262,https://sgst.prod.dl.playstation.net/sgst/prod/00/np/PPSA02262_00/cb229d4f-31c2-4a50-a689-2de12adeca70-version.xml,ps5,game
UP3050-PPSA02261_00-000PEACEKEEPER02,Dying Light 2 Stay Human: Authority pack—part 2/3,PPSA02261,https://sgst.prod.dl.playstation.net/sgst/prod/00/np/PPSA02261_00/41f7336e-6f64-4117-97b8-aa7b601af62f-version.xml,ps5,
EP2911-PPSA02262_00-000PEACEKEEPER03,Dying Light 2 Stay Human: Authority pack—part 3/3,PPSA02262,https://sgst.prod.dl.playstation.net/sgst/prod/00/np/PPSA02262_00/cb229d4f-31c2-4a50-a689-2de12adeca70-version.xml,ps5,game
UP3050-PPSA02261_00-000PEACEKEEPER03,Dying Light 2 Stay Human: Authority pack—part 3/3,PPSA02261,https://sgst.prod.dl.playstation.net/sgst/prod/00/np/PPSA02261_00/41f7336e-6f64-4117-97b8-aa7b601af62f-version.xml,ps5,
UP3050-PPSA02261_00-ARTBOOK000000001,Dying Light 2 Stay Human: Goodies Pack — Arts,PPSA02261,https://sgst.prod.dl.playstation.net/sgst/prod/00/np/PPSA02261_00/41f7336e-6f64-4117-97b8-aa7b601af62f-version.xml,ps5,
EP2911-PPSA02262_00-000000SURVIVOR01,Dying Light 2 Stay Human: Ronin pack—part 1/3,PPSA02262,https://sgst.prod.dl.playstation.net/sgst/prod/00/np/PPSA02262_00/cb229d4f-31c2-4a50-a689-2de12adeca70-version.xml,ps5,game
UP3050-PPSA02261_00-000000SURVIVOR01,Dying Light 2 Stay Human: Ronin pack—part 1/3,PPSA02261,https://sgst.prod.dl.playstation.net/sgst/prod/00/np/PPSA02261_00/41f7336e-6f64-4117-97b8-aa7b601af62f-version.xml,ps5,
EP2911-PPSA02262_00-000000SURVIVOR02,Dying Light 2 Stay Human: Ronin pack—part 2/3,PPSA02262,https://sgst.prod.dl.playstation.net/sgst/prod/00/np/PPSA02262_00/cb229d4f-31c2-4a50-a689-2de12adeca70-version.xml,ps5,game
UP3050-PPSA02261_00-000000SURVIVOR02,Dying Light 2 Stay Human: Ronin pack—part 2/3,PPSA02261,https://sgst.prod.dl.playstation.net/sgst/prod/00/np/PPSA02261_00/41f7336e-6f64-4117-97b8-aa7b601af62f-version.xml,ps5,
EP2911-PPSA02262_00-000000SURVIVOR03,Dying Light 2 Stay Human: Ronin pack—part 3/3,PPSA02262,https://sgst.prod.dl.playstation.net/sgst/prod/00/np/PPSA02262_00/cb229d4f-31c2-4a50-a689-2de12adeca70-version.xml,ps5,game
UP3050-PPSA02261_00-000000SURVIVOR03,Dying Light 2 Stay Human: Ronin pack—part 3/3,PPSA02261,https://sgst.prod.dl.playstation.net/sgst/prod/00/np/PPSA02261_00/41f7336e-6f64-4117-97b8-aa7b601af62f-version.xml,ps5,
UP3050-PPSA02261_00-SOUNDTRACK000PS5,Dying Light 2 Stay Human: Soundtrack,PPSA02261,https://sgst.prod.dl.playstation.net/sgst/prod/00/np/PPSA02261_00/41f7336e-6f64-4117-97b8-aa7b601af62f-version.xml,ps5,
EP2911-PPSA02262_00-DLC1PREORDER0000,Dying Light 2 Stay Human: The Aristocrat Pack,PPSA02262,https://sgst.prod.dl.playstation.net/sgst/prod/00/np/PPSA02262_00/cb229d4f-31c2-4a50-a689-2de12adeca70-version.xml,ps5,game
UP3050-PPSA02261_00-DL2GAME0000000US,Dying Light 2: Stay Human,PPSA02261,https://sgst.prod.dl.playstation.net/sgst/prod/00/np/PPSA02261_00/41f7336e-6f64-4117-97b8-aa7b601af62f-version.xml,ps5,game
EP2911-PPSA02262_00-DL2GAME0000000EU,Dying Light 2: Stay Human,PPSA02262,https://sgst.prod.dl.playstation.net/sgst/prod/00/np/PPSA02262_00/cb229d4f-31c2-4a50-a689-2de12adeca70-version.xml,ps5,game
UP6312-PPSA18654_00-0487468779370321,Dynasties of India,PPSA18654,https://sgst.prod.dl.playstation.net/sgst/prod/00/np/PPSA18654_00/935e23b3-169e-439b-99d8-ae2b8b534b37-version.xml,ps5,game
UP0006-PPSA13393_00-EASPORTSFC2024BG,EA SPORTS FC 24,PPSA13393,https://sgst.prod.dl.playstation.net/sgst/prod/00/np/PPSA13393_00/3b24a5c8-0c4a-4f58-9d7b-e938f5981eeb-version.xml,ps5,game
UP0006-PPSA13394_00-EASPORTSFC2024BG,EA SPORTS FC 24,PPSA13394,https://sgst.prod.dl.playstation.net/sgst/prod/00/np/PPSA13394_00/79d9e18f-3bee-423e-aeff-b90e0e88c552-version.xml,ps5,game
EP0006-PPSA13392_00-EASPORTSFC2024BG,EA SPORTS FC 24,PPSA13392,https://sgst.prod.dl.playstation.net/sgst/prod/00/np/PPSA13392_00/b0533dbe-e086-49fb-93b9-58800deba347-version.xml,ps5,
EP0006-PPSA13385_00-EASPORTSFC2024BG,EA SPORTS FC 24,PPSA13385,https://sgst.prod.dl.playstation.net/sgst/prod/00/np/PPSA13385_00/086b2bb6-0b21-4010-8cae-527665bb0308-version.xml,ps5,game
EP0006-PPSA20050_00-EASPORTSFC2025BG,EA SPORTS FC 25,PPSA20050,https://sgst.prod.dl.playstation.net/sgst/prod/00/np/PPSA20050_00/36854f5b-b424-46e8-8010-77e4f74504f3-version.xml,ps5,game
EP0006-PPSA20050_00-FULLGAMEUNLOCK00,EA SPORTS FC 25 Unlock,PPSA20050,https://sgst.prod.dl.playstation.net/sgst/prod/00/np/PPSA20050_00/36854f5b-b424-46e8-8010-77e4f74504f3-version.xml,ps5,game
UP0006-PPSA27360_00-EASPORTSFC2026BG,EA SPORTS FC 26,PPSA27360,https://sgst.prod.dl.playstation.net/sgst/prod/00/np/PPSA27360_00/685a9712-807f-49e7-b2e1-2969cbfdda45-version.xml,ps5,game
UP0006-PPSA27360_00-FULLGAMEUNLOCK00,EA SPORTS FC 26 Unlock,PPSA27360,https://sgst.prod.dl.playstation.net/sgst/prod/00/np/PPSA27360_00/685a9712-807f-49e7-b2e1-2969cbfdda45-version.xml,ps5,game
UP0006-PPSA03540_00-EASPORTSUFC5GAME,EA SPORTS™ UFC® 5,PPSA03540,https://sgst.prod.dl.playstation.net/sgst/prod/00/np/PPSA03540_00/38cf0b80-7b3c-4c39-ac34-e7c4f27ff63f-version.xml,ps5,game
EP0006-PPSA03541_00-EASPORTSUFC5GAME,EA SPORTS™ UFC® 5,PPSA03541,https://sgst.prod.dl.playstation.net/sgst/prod/00/np/PPSA03541_00/2e226f32-b2ae-462f-ae23-951d3bb8c5b6-version.xml,ps5,game
UP0006-PPSA06093_00-WRC2023PS5GAME00,EA SPORTS™ WRC,PPSA06093,https://sgst.prod.dl.playstation.net/sgst/prod/00/np/PPSA06093_00/29a305d2-2634-41f0-ae27-adcf1d4551bf-version.xml,ps5,game
UP0700-PPSA25380_00-ERSL000000000000,ELDEN RING NIGHTREIGN,PPSA25380,https://sgst.prod.dl.playstation.net/sgst/prod/00/np/PPSA25380_00/82433725-6d5a-4963-a531-a593cb59313e-version.xml,ps5,
HP0700-PPSA04608_00-ELDENRING0000000,ELDEN RING™,PPSA04608,https://sgst.prod.dl.playstation.net/sgst/prod/00/np/PPSA04608_00/f8330fbd-57f0-4184-a6a6-954e0bcbd4da-version.xml,ps5,
EP0700-PPSA04609_00-ELDENRINGBONUS01,ELDEN RING™ Bonus Gesture,PPSA04609,https://sgst.prod.dl.playstation.net/sgst/prod/00/np/PPSA04609_00/525e1d65-fd8d-4a4f-8b2d-25ab1b3a7c3c-version.xml,ps5,
UP0700-PPSA04610_00-ELDENRINGBONUS01,ELDEN RING™ Bonus Gesture,PPSA04610,https://sgst.prod.dl.playstation.net/sgst/prod/00/np/PPSA04610_00/22de9920-5cad-49c8-9016-4ea25ef13e9d-version.xml,ps5,
HP0700-PPSA04608_00-ELDENRINGDLC0000,ELDEN RING™ Shadow of the Erdtree,PPSA04608,https://sgst.prod.dl.playstation.net/sgst/prod/00/np/PPSA04608_00/f8330fbd-57f0-4184-a6a6-954e0bcbd4da-version.xml,ps5,
EP0700-PPSA04609_00-ELDENRINGDLC0000,ELDEN RING™ Shadow of the Erdtree,PPSA04609,https://sgst.prod.dl.playstation.net/sgst/prod/00/np/PPSA04609_00/525e1d65-fd8d-4a4f-8b2d-25ab1b3a7c3c-version.xml,ps5,
UP0700-PPSA04610_00-ELDENRINGDLC0000,ELDEN RING™ Shadow of the Erdtree,PPSA04610,https://sgst.prod.dl.playstation.net/sgst/prod/00/np/PPSA04610_00/22de9920-5cad-49c8-9016-4ea25ef13e9d-version.xml,ps5,
UP0700-PPSA04610_00-ELDENRINGBONUS02,ELDEN RING™ Shadow of the Erdtree Bonus Gesture,PPSA04610,https://sgst.prod.dl.playstation.net/sgst/prod/00/np/PPSA04610_00/22de9920-5cad-49c8-9016-4ea25ef13e9d-version.xml,ps5,
UP0177-PPSA08876_00-ENDLESSDUNGEONNA,ENDLESS™ Dungeon,PPSA08876,https://sgst.prod.dl.playstation.net/sgst/prod/00/np/PPSA08876_00/21f71c38-0a78-4695-87d7-07d6efe01b19-version.xml,ps5,game
UP0177-PPSA08876_00-DHELITESKINPACK0,"ENDLESS™ Dungeon - Pacote de Visuais ""Die-Hard Elite""",PPSA08876,https://sgst.prod.dl.playstation.net/sgst/prod/00/np/PPSA08876_00/21f71c38-0a78-4695-87d7-07d6efe01b19-version.xml,ps5,game
EP9000-PPSA01474_00-ENTCARBONOXARMOR,ENTITLEMENT_CARBONOX_ARMOR,PPSA01474,https://sgst.prod.dl.playstation.net/sgst/prod/00/np/PPSA01474_00/98b56a86-c0bb-48b1-b50b-89655eb04188-version.xml,ps5,
EP9000-PPSA01474_00-ENTPIXELIZER0000,ENTITLEMENT_PIXELIZER,PPSA01474,https://sgst.prod.dl.playstation.net/sgst/prod/00/np/PPSA01474_00/98b56a86-c0bb-48b1-b50b-89655eb04188-version.xml,ps5,
EP9000-PPSA01288_00-SABAEASTERBUNNY1,Easter Bunny Costume,PPSA01288,https://sgst.prod.dl.playstation.net/sgst/prod/00/np/PPSA01288_00/1db8a953-699b-47e8-8082-799b1eea8118-version.xml,ps5,game
UP9000-PPSA01289_00-SABAEASTERBUNNY1,Easter Bunny Costume,PPSA01289,https://sgst.prod.dl.playstation.net/sgst/prod/00/np/PPSA01289_00/0c1789e3-10b1-41eb-8ede-c159db8ef1e7-version.xml,ps5,
UP2565-PPSA06775_00-CESD66099C170000,Easter Interior Pack,PPSA06775,https://sgst.prod.dl.playstation.net/sgst/prod/00/np/PPSA06775_00/91c220ac-08cb-4fb2-8566-7fdbfdcf5012-version.xml,ps5,
UP2565-PPSA06775_00-CESD66099C160000,Easter Skins Pack,PPSA06775,https://sgst.prod.dl.playstation.net/sgst/prod/00/np/PPSA06775_00/91c220ac-08cb-4fb2-8566-7fdbfdcf5012-version.xml,ps5,
EP4062-PPSA25636_00-ECHOESOFTHEEND25,Echoes of the End,PPSA25636,https://sgst.prod.dl.playstation.net/sgst/prod/00/np/PPSA25636_00/c477bc6f-4e5f-44e2-9df9-1a99ea5b460e-version.xml,ps5,game
EP3036-PPSA13737_00-0492129687439402,Ed-0: Zombie Uprising,PPSA13737,https://sgst.prod.dl.playstation.net/sgst/prod/00/np/PPSA13737_00/bebdf7fa-bf01-4316-ac9b-7be9c3f19ff3-version.xml,ps5,game
UP3536-PPSA01916_00-PERSISTENCEX2020,Edição Aprimorada De The Persistence,PPSA01916,https://sgst.prod.dl.playstation.net/sgst/prod/00/np/PPSA01916_00/aab0051e-335a-4c41-ac0d-ee05b798bc68-version.xml,ps5,game
EP0700-PPSA02745_00-TOADLCPSM0003PS5,Eerie Echoes Training,PPSA02745,https://sgst.prod.dl.playstation.net/sgst/prod/00/np/PPSA02745_00/9aedb751-6ff7-4a24-b007-23239e20c866-version.xml,ps5,game
UP4040-PPSA04721_00-EIYUDEN100HEROES,Eiyuden Chronicle: Hundred Heroes,PPSA04721,https://sgst.prod.dl.playstation.net/sgst/prod/00/np/PPSA04721_00/e777d89b-422e-4e6e-9e68-c2f530522ce7-version.xml,ps5,game
UP4040-PPSA04717_00-EIYUDENRISINGPS5,Eiyuden Chronicle: Rising,PPSA04717,https://sgst.prod.dl.playstation.net/sgst/prod/00/np/PPSA04717_00/95381e7e-b1f3-439d-93d9-a940529193e2-version.xml,ps5,game
EP6170-PPSA23728_00-ELDERBORN0000000,Elderborn,PPSA23728,https://sgst.prod.dl.playstation.net/sgst/prod/00/np/PPSA23728_00/8aafcbbe-117f-400d-a7d9-b953896fa456-version.xml,ps5,game
UP6965-PPSA04049_00-7687793675498205,Eldest Souls,PPSA04049,https://sgst.prod.dl.playstation.net/sgst/prod/00/np/PPSA04049_00/459bf11d-73b5-49b1-9ecf-9373bfd76993-version.xml,ps5,game
UP8448-PPSA16248_00-0869329016266039,Electrician Simulator,PPSA16248,https://sgst.prod.dl.playstation.net/sgst/prod/00/np/PPSA16248_00/6a2a2b2f-cc81-4679-bb51-15b15a9bc49a-version.xml,ps5,game
UP4389-PPSA03804_00-ELEX2US000000000,Elex II,PPSA03804,https://sgst.prod.dl.playstation.net/sgst/prod/00/np/PPSA03804_00/e8af8623-d8a1-4284-a3f9-82275ef806a1-version.xml,ps5,game
EP4389-PPSA03803_00-ELEX2EU000000000,Elex II,PPSA03803,https://sgst.prod.dl.playstation.net/sgst/prod/00/np/PPSA03803_00/b9f18017-0825-442a-aaa1-d5623cd46b7b-version.xml,ps5,game
UP9000-PPSA01289_00-SABAELLIE0000001,Ellie Costume,PPSA01289,https://sgst.prod.dl.playstation.net/sgst/prod/00/np/PPSA01289_00/0c1789e3-10b1-41eb-8ede-c159db8ef1e7-version.xml,ps5,
EB0324-PPSA21703_00-0600084489103006,Emerald Diorama,PPSA21703,https://sgst.prod.dl.playstation.net/sgst/prod/00/np/PPSA21703_00/38a532c3-a7b9-4695-8b98-5eed82de6e13-version.xml,ps5,game
UP4882-PPSA14734_00-P22S4XXXXXXXXXXX,Eminem - Godzilla,PPSA14734,https://sgst.prod.dl.playstation.net/sgst/prod/00/np/PPSA14734_00/dc84fbd1-2b13-419c-bc3d-4ba7ea2472bc-version.xml,ps5,game
EP9000-PPSA01288_00-SABAEMOTEPACK001,Emote Pack,PPSA01288,https://sgst.prod.dl.playstation.net/sgst/prod/00/np/PPSA01288_00/1db8a953-699b-47e8-8082-799b1eea8118-version.xml,ps5,game
UP9000-PPSA01289_00-SABAEMOTEPACK001,Emote Pack,PPSA01289,https://sgst.prod.dl.playstation.net/sgst/prod/00/np/PPSA01289_00/0c1789e3-10b1-41eb-8ede-c159db8ef1e7-version.xml,ps5,
UP9000-PPSA01289_00-SABAEMOTIONS0001,Emotions Emote Pack,PPSA01289,https://sgst.prod.dl.playstation.net/sgst/prod/00/np/PPSA01289_00/0c1789e3-10b1-41eb-8ede-c159db8ef1e7-version.xml,ps5,
UP6951-PPSA03393_00-ALIENSFIRETEAM01,Endeavor Pass Season 1,PPSA03393,https://sgst.prod.dl.playstation.net/sgst/prod/00/np/PPSA03393_00/71b6e6d3-d7f2-4d68-86e8-5f7304f77033-version.xml,ps5,
UP0977-PPSA08511_00-3064604549696432,Endling,PPSA08511,https://sgst.prod.dl.playstation.net/sgst/prod/00/np/PPSA08511_00/0b249591-56e3-45db-a9c5-8f02d73db16b-version.xml,ps5,game
EP4539-PPSA08509_00-9431509967463596,Endling,PPSA08509,https://sgst.prod.dl.playstation.net/sgst/prod/00/np/PPSA08509_00/a0515c0e-4ba6-412a-a289-b38bbbeef123-version.xml,ps5,game
EP4432-PPSA03051_00-5760264094567222,Enlisted,PPSA03051,https://sgst.prod.dl.playstation.net/sgst/prod/00/np/PPSA03051_00/fe9b9fec-4b1c-412c-947f-34cb82c47b5d-version.xml,ps5,
UP0177-PPSA10872_00-ADDCONTENT000012,Episódio Aigis -A Resposta-,PPSA10872,https://sgst.prod.dl.playstation.net/sgst/prod/00/np/PPSA10872_00/10014934-646e-4587-b9eb-0ec87f59f666-version.xml,ps5,game
UP3824-PPSA08353_00-ICEAGESCARTSNA00,Era do Gelo Aventura Maluca do Scrat!,PPSA08353,https://sgst.prod.dl.playstation.net/sgst/prod/00/np/PPSA08353_00/31b6b35e-d658-4052-a3dd-e0e1039a55c6-version.xml,ps5,game
UP1018-PPSA02182_00-SUICIDESQUADKTJL,Esquadrão Suicida: Mate a Liga da Justiça,PPSA02182,https://sgst.prod.dl.playstation.net/sgst/prod/00/np/PPSA02182_00/63e7e1ba-fc65-42ff-8063-729281f61d5e-version.xml,ps5,game
UB0245-PPSA27032_00-0632928330469796,Eternal Evil,PPSA27032,https://sgst.prod.dl.playstation.net/sgst/prod/00/np/PPSA27032_00/5e85b24b-d2b0-4419-b734-6e05dd148802-version.xml,ps5,game
EP6844-PPSA15893_00-ETERNIGHTS0PS5EU,Eternights,PPSA15893,https://sgst.prod.dl.playstation.net/sgst/prod/00/np/PPSA15893_00/8ce63106-363f-48c9-aad6-985ab8d48917-version.xml,ps5,game
EP9000-PPSA01288_00-SABAEVEN00000001,Even Costume,PPSA01288,https://sgst.prod.dl.playstation.net/sgst/prod/00/np/PPSA01288_00/1db8a953-699b-47e8-8082-799b1eea8118-version.xml,ps5,game
UP9000-PPSA01289_00-SABAEVEN00000001,Even Costume,PPSA01289,https://sgst.prod.dl.playstation.net/sgst/prod/00/np/PPSA01289_00/0c1789e3-10b1-41eb-8ede-c159db8ef1e7-version.xml,ps5,
UP6856-PPSA03523_00-EDUS000000000001,Evil Dead: The Game,PPSA03523,https://sgst.prod.dl.playstation.net/sgst/prod/00/np/PPSA03523_00/60b8ee66-6384-4a1d-9755-397bc52c9b95-version.xml,ps5,game
EP6853-PPSA03521_00-EDEU000000000002,Evil Dead: The Game,PPSA03521,https://sgst.prod.dl.playstation.net/sgst/prod/00/np/PPSA03521_00/94ea2d39-f062-4dd4-aade-b6e59dc2283a-version.xml,ps5,
UP4363-PPSA04170_00-EVILGENIUS200000,Evil Genius 2,PPSA04170,https://sgst.prod.dl.playstation.net/sgst/prod/00/np/PPSA04170_00/ce83b38e-10df-4df6-ba8e-ef62f8cb8bf0-version.xml,ps5,game
UP4133-PPSA02372_00-EVILWESTGAME0000,Evil West,PPSA02372,https://sgst.prod.dl.playstation.net/sgst/prod/00/np/PPSA02372_00/c560c137-6e84-4b12-a620-d6d51318af98-version.xml,ps5,game
EP4133-PPSA02371_00-EVILWESTGAME0000,Evil West,PPSA02371,https://sgst.prod.dl.playstation.net/sgst/prod/00/np/PPSA02371_00/93aa7ca5-a350-423c-b3cb-f072d27ad78c-version.xml,ps5,game
EP4133-PPSA02371_00-EVILWEST0000DLC1,Evil West - Wild Wild East Skin Pack,PPSA02371,https://sgst.prod.dl.playstation.net/sgst/prod/00/np/PPSA02371_00/93aa7ca5-a350-423c-b3cb-f072d27ad78c-version.xml,ps5,game
UP2165-PPSA05317_00-TCMX0003XEXECPK1,Execution Pack 1,PPSA05317,https://sgst.prod.dl.playstation.net/sgst/prod/00/np/PPSA05317_00/2169230b-f5d8-4558-823d-cc1c94036fe5-version.xml,ps5,
EP8070-PPSA22419_00-0862349236113717,ExitSlum11,PPSA22419,https://sgst.prod.dl.playstation.net/sgst/prod/00/np/PPSA22419_00/d01a62f4-9eb9-4e7e-aba4-21f32891c9cf-version.xml,ps5,game
EP0102-PPSA10079_00-EXOPRIMALTRIALXX,Exoprimal Open Beta Test,PPSA10079,https://sgst.prod.dl.playstation.net/sgst/prod/00/np/PPSA10079_00/9384f082-1384-420a-b81b-a175d9e32070-version.xml,ps5,
UP2113-PPSA05003_00-0951689120007979,Exotica Pack,PPSA05003,https://sgst.prod.dl.playstation.net/sgst/prod/00/np/PPSA05003_00/bb4f12a4-31b4-4b95-a6e5-b01a6f839825-version.xml,ps5,
UP2047-PPSA03098_00-DI20EXP0PS50SIEA,Expansion Pass,PPSA03098,https://sgst.prod.dl.playstation.net/sgst/prod/00/np/PPSA03098_00/012a9f32-2f50-4363-a740-28cb4ccf19d5-version.xml,ps5,
UP4133-PPSA17423_00-SNOWRUNNEREXPEDI,Expeditions: A Mudrunner Game,PPSA17423,https://sgst.prod.dl.playstation.net/sgst/prod/00/np/PPSA17423_00/2dbfd80e-614e-4c80-8e0f-efd09ff2ae59-version.xml,ps5,game
UP5999-PPSA03884_00-FISTMAINGAME1000,F.I.S.T.,PPSA03884,https://sgst.prod.dl.playstation.net/sgst/prod/00/np/PPSA03884_00/6e3ffbc2-2d98-46ae-89eb-da3c23ec24f0-version.xml,ps5,game
EP4001-PPSA02696_00-F12021PS5EMASTER,F1® 2021,PPSA02696,https://sgst.prod.dl.playstation.net/sgst/prod/00/np/PPSA02696_00/765bda07-7103-4557-92da-f3834d04fba5-version.xml,ps5,game
UP0006-PPSA09801_00-F12023PS5GAME000,F1® 23,PPSA09801,https://sgst.prod.dl.playstation.net/sgst/prod/00/np/PPSA09801_00/866bbd28-954b-441f-a66b-f928ea3988cb-version.xml,ps5,game
EP0006-PPSA09802_00-F12023PS5GAME000,F1® 23,PPSA09802,https://sgst.prod.dl.playstation.net/sgst/prod/00/np/PPSA09802_00/70cf8f52-9d66-422e-8d9f-36c88df41488-version.xml,ps5,game
JP0720-PPSA27625_00-FANTASYLIFEIGAME,FANTASY LIFE i: The Girl Who Steals Time,PPSA27625,https://sgst.prod.dl.playstation.net/sgst/prod/00/np/PPSA27625_00/394b8bdf-edfd-4c78-8d8a-b0bbf754afa5-version.xml,ps5,game
UP2514-PPSA03766_00-FARCHANGINGTIDES,FAR: Changing Tides,PPSA03766,https://sgst.prod.dl.playstation.net/sgst/prod/00/np/PPSA03766_00/fee7a8c1-22fa-49cb-a5ff-dbcf8fb95bae-version.xml,ps5,game
EP5291-PPSA25944_00-064838567952FBCF,FBC Firebreak,PPSA25944,https://sgst.prod.dl.playstation.net/sgst/prod/00/np/PPSA25944_00/b99372c6-5063-4e05-8597-191e64febfd6-version.xml,ps5,game
UP0082-PPSA01903_00-8094607291671776,FF7R EPISODE INTERmission,PPSA01903,https://sgst.prod.dl.playstation.net/sgst/prod/00/np/PPSA01903_00/403b8eef-f2b4-456a-bfb9-42b3d0eb1402-version.xml,ps5,game
HP0082-PPSA01773_00-8094607291671776,FF7R EPISODE INTERmission,PPSA01773,https://sgst.prod.dl.playstation.net/sgst/prod/00/np/PPSA01773_00/5f3f96a2-cf9f-4f96-a22c-2cb8e47f4ae6-version.xml,ps5,
EP0082-PPSA01911_00-8094607291671776,FF7R EPISODE INTERmission,PPSA01911,https://sgst.prod.dl.playstation.net/sgst/prod/00/np/PPSA01911_00/ae7d9b2c-2db9-4d73-992a-dd0d1b8603b1-version.xml,ps5,
EP0006-PPSA01430_00-FIFAFOOTBALL2021,FIFA 21,PPSA01430,https://sgst.prod.dl.playstation.net/sgst/prod/00/np/PPSA01430_00/123c6865-d129-4284-890c-016710cd30a3-version.xml,ps5,game
UP0006-PPSA01327_00-FIFAFOOTBALL2021,FIFA 21,PPSA01327,https://sgst.prod.dl.playstation.net/sgst/prod/00/np/PPSA01327_00/59c1ad8c-bcce-4818-9dac-c6dd10635f95-version.xml,ps5,game
EP0006-PPSA03177_00-FIFAFOOTBALL2022,FIFA 22,PPSA03177,https://sgst.prod.dl.playstation.net/sgst/prod/00/np/PPSA03177_00/d4614207-8cdb-4fc4-aee7-6e6b35d8167c-version.xml,ps5,game
UP0006-PPSA03182_00-FIFAFOOTBALL2022,FIFA 22,PPSA03182,https://sgst.prod.dl.playstation.net/sgst/prod/00/np/PPSA03182_00/880dea43-7941-4d5d-b0a0-cb36793070e6-version.xml,ps5,game
EP0006-PPSA03179_00-FIFAFOOTBALL2022,FIFA 22,PPSA03179,https://sgst.prod.dl.playstation.net/sgst/prod/00/np/PPSA03179_00/6052c895-9930-4e7a-8a9a-f3e9fc722ca4-version.xml,ps5,
UP0006-PPSA03180_00-FIFAFOOTBALL2022,FIFA 22,PPSA03180,https://sgst.prod.dl.playstation.net/sgst/prod/00/np/PPSA03180_00/415e7187-2ba6-465b-8888-5532817782e1-version.xml,ps5,
EP0006-PPSA03176_00-FIFAFOOTBALL2022,FIFA 22,PPSA03176,https://sgst.prod.dl.playstation.net/sgst/prod/00/np/PPSA03176_00/c93f2a7e-a112-4b54-9157-3db4d1d5b63f-version.xml,ps5,
UP0082-PPSA08666_00-NORTHAMERICA0000,FINAL FANTASY VII REBIRTH,PPSA08666,https://sgst.prod.dl.playstation.net/sgst/prod/00/np/PPSA08666_00/3ac4e2c2-c07f-4c47-adc3-4c352efabe7e-version.xml,ps5,game
EP0082-PPSA18938_00-EUROPE0000000000,FINAL FANTASY VII REBIRTH DEMO,PPSA18938,https://sgst.prod.dl.playstation.net/sgst/prod/00/np/PPSA18938_00/efb6f323-42a9-4fc8-aab3-d70915a3932d-version.xml,ps5,
UP0082-PPSA18937_00-NORTHAMERICA0000,FINAL FANTASY VII REBIRTH DEMO,PPSA18937,https://sgst.prod.dl.playstation.net/sgst/prod/00/np/PPSA18937_00/6a4b2771-b389-4f08-a912-4b64d7060e1d-version.xml,ps5,game
UP0082-PPSA01903_00-7462776201452750,FINAL FANTASY VII REMAKE,PPSA01903,https://sgst.prod.dl.playstation.net/sgst/prod/00/np/PPSA01903_00/403b8eef-f2b4-456a-bfb9-42b3d0eb1402-version.xml,ps5,game
EP0082-PPSA01911_00-2887437947778581,FINAL FANTASY VII REMAKE,PPSA01911,https://sgst.prod.dl.playstation.net/sgst/prod/00/np/PPSA01911_00/ae7d9b2c-2db9-4d73-992a-dd0d1b8603b1-version.xml,ps5,
UP0082-PPSA02954_00-FFXIVONLPS5000NA,FINAL FANTASY XIV Online,PPSA02954,https://sgst.prod.dl.playstation.net/sgst/prod/00/np/PPSA02954_00/3a00e0ca-3bd0-45e2-b332-eb7eb0676a5f-version.xml,ps5,game
EP0082-PPSA10665_00-FF16000000000000,FINAL FANTASY XVI,PPSA10665,https://sgst.prod.dl.playstation.net/sgst/prod/00/np/PPSA10665_00/10c0dc9f-a5bc-42b8-9605-883647e7e1ca-version.xml,ps5,
UP0082-PPSA13802_00-FF16DEMO00000000,FINAL FANTASY XVI DEMO,PPSA13802,https://sgst.prod.dl.playstation.net/sgst/prod/00/np/PPSA13802_00/fb13a20c-df3e-43b0-b941-070bdac79e09-version.xml,ps5,game
EP1001-PPSA01463_00-00ONGSIEEFFCFL4K,FL4K Final Form Pack,PPSA01463,https://sgst.prod.dl.playstation.net/sgst/prod/00/np/PPSA01463_00/4e400b2f-9fec-400c-97ab-307b529adb57-version.xml,ps5,game
UP1001-PPSA01462_00-00ONGSIEAFFCFL4K,FL4K Final Form Pack,PPSA01462,https://sgst.prod.dl.playstation.net/sgst/prod/00/np/PPSA01462_00/ed616f4d-c5de-47b3-a7ad-68ce8224f91e-version.xml,ps5,game
UP9000-PPSA03016_00-MSM2TU1000000000,FLY N' FRESH,PPSA03016,https://sgst.prod.dl.playstation.net/sgst/prod/00/np/PPSA03016_00/002f8b71-1c52-4f96-ae69-bf70edd7a62b-version.xml,ps5,game
UP0082-PPSA18730_00-FOAMSTARS0000000,FOAMSTARS,PPSA18730,https://sgst.prod.dl.playstation.net/sgst/prod/00/np/PPSA18730_00/a8aac2c2-cab4-4f5f-9d25-9e220cd46a65-version.xml,ps5,game
EP0082-PPSA18731_00-FOAMSTARS0000000,FOAMSTARS,PPSA18731,https://sgst.prod.dl.playstation.net/sgst/prod/00/np/PPSA18731_00/4b2afe93-7b08-47d4-a609-1a8ed2389a92-version.xml,ps5,game
HP0082-PPSA18732_00-FOAMSTARS0000000,FOAMSTARS,PPSA18732,https://sgst.prod.dl.playstation.net/sgst/prod/00/np/PPSA18732_00/88d74a2f-8c64-49a1-8a2a-4391f5fbf53e-version.xml,ps5,
EP0082-PPSA18130_00-FOAMSTARSOBPARTY,FOAMSTARS OPEN BETA PARTY,PPSA18130,https://sgst.prod.dl.playstation.net/sgst/prod/00/np/PPSA18130_00/aa246eaf-7ff5-4322-9ca2-fce56e4e02e4-version.xml,ps5,game
UP4127-PPSA27993_00-FOMOGGLOBAL00000,FOMOGRAPHY,PPSA27993,https://sgst.prod.dl.playstation.net/sgst/prod/00/np/PPSA27993_00/2eb2ad4a-20cd-44f9-b6ac-754be52b9bc8-version.xml,ps5,game
UP5155-PPSA07445_00-0126802058141672,FROGUN,PPSA07445,https://sgst.prod.dl.playstation.net/sgst/prod/00/np/PPSA07445_00/0d322839-8514-49b5-8e15-502ac0e20ed5-version.xml,ps5,game
UP1477-PPSA04476_00-XXXXXXXXXXXXXXXX,Fall Guys,PPSA04476,https://sgst.prod.dl.playstation.net/sgst/prod/00/np/PPSA04476_00/698732cc-47af-4510-bdd3-74a45da5fe34-version.xml,ps5,game
EP1464-PPSA04478_00-XXXXXXXXXXXXXXXX,Fall Guys,PPSA04478,https://sgst.prod.dl.playstation.net/sgst/prod/00/np/PPSA04478_00/a93396e2-d9a7-4de1-b9d6-1c952ad9132a-version.xml,ps5,game
EP9000-PPSA01288_00-SABAFALLGUYSFAI1,Fall Guys Fairycorn Costume,PPSA01288,https://sgst.prod.dl.playstation.net/sgst/prod/00/np/PPSA01288_00/1db8a953-699b-47e8-8082-799b1eea8118-version.xml,ps5,game
UP9000-PPSA01289_00-SABAFALLGUYSFAI1,Fall Guys Fairycorn Costume,PPSA01289,https://sgst.prod.dl.playstation.net/sgst/prod/00/np/PPSA01289_00/0c1789e3-10b1-41eb-8ede-c159db8ef1e7-version.xml,ps5,
EP9000-PPSA01288_00-SABAFALLGUYSROO1,Fall Guys Rookie Costume,PPSA01288,https://sgst.prod.dl.playstation.net/sgst/prod/00/np/PPSA01288_00/1db8a953-699b-47e8-8082-799b1eea8118-version.xml,ps5,game
UP9000-PPSA01289_00-SABAFALLGUYSROO1,Fall Guys Rookie Costume,PPSA01289,https://sgst.prod.dl.playstation.net/sgst/prod/00/np/PPSA01289_00/0c1789e3-10b1-41eb-8ede-c159db8ef1e7-version.xml,ps5,
UP1003-PPSA09016_00-FALLOUT4FULLGAME,Fallout 4,PPSA09016,https://sgst.prod.dl.playstation.net/sgst/prod/00/np/PPSA09016_00/bd2291cf-db8f-4492-b808-65f905d627b8-version.xml,ps5,game
EP1003-PPSA09017_00-FALLOUT4DLC00001,Fallout 4 - Automatron,PPSA09017,https://sgst.prod.dl.playstation.net/sgst/prod/00/np/PPSA09017_00/4e0d25cf-cf6a-4239-9d6e-5f84fc9c6feb-version.xml,ps5,game
EP1003-PPSA09017_00-FALLOUT4DLC00004,Fallout 4 - Contraptions Workshop,PPSA09017,https://sgst.prod.dl.playstation.net/sgst/prod/00/np/PPSA09017_00/4e0d25cf-cf6a-4239-9d6e-5f84fc9c6feb-version.xml,ps5,game
EP1003-PPSA09017_00-FALLOUT4DLC00003,Fallout 4 - Far Harbor,PPSA09017,https://sgst.prod.dl.playstation.net/sgst/prod/00/np/PPSA09017_00/4e0d25cf-cf6a-4239-9d6e-5f84fc9c6feb-version.xml,ps5,game
EP1003-PPSA09017_00-FALLOUT4DLC00006,Fallout 4 - NukaWorld,PPSA09017,https://sgst.prod.dl.playstation.net/sgst/prod/00/np/PPSA09017_00/4e0d25cf-cf6a-4239-9d6e-5f84fc9c6feb-version.xml,ps5,game
EP1003-PPSA09017_00-FALLOUT4DLC00005,Fallout 4 - Vault-Tec Workshop,PPSA09017,https://sgst.prod.dl.playstation.net/sgst/prod/00/np/PPSA09017_00/4e0d25cf-cf6a-4239-9d6e-5f84fc9c6feb-version.xml,ps5,game
EP1003-PPSA09017_00-FALLOUT4DLC00002,Fallout 4 - Workshops,PPSA09017,https://sgst.prod.dl.playstation.net/sgst/prod/00/np/PPSA09017_00/4e0d25cf-cf6a-4239-9d6e-5f84fc9c6feb-version.xml,ps5,game
UP9000-PPSA01289_00-SABAFANCYCLOTH01,Fancy Clothing Pack,PPSA01289,https://sgst.prod.dl.playstation.net/sgst/prod/00/np/PPSA01289_00/0c1789e3-10b1-41eb-8ede-c159db8ef1e7-version.xml,ps5,
UP2538-PPSA22142_00-FANTASYGAMEUSPS5,Fantasy Beauties,PPSA22142,https://sgst.prod.dl.playstation.net/sgst/prod/00/np/PPSA22142_00/68178383-9900-4a77-acf9-997f74dc4b4c-version.xml,ps5,game
EP2402-PPSA23878_00-FANTASYPREMEUPS5,Fantasy Beauties Premium Edition,PPSA23878,https://sgst.prod.dl.playstation.net/sgst/prod/00/np/PPSA23878_00/e3ff2770-0a69-4cf4-b7d5-ad8df8eb0db7-version.xml,ps5,game
UP0001-PPSA01876_00-FARCRY6GAME00000,Far Cry® 6,PPSA01876,https://sgst.prod.dl.playstation.net/sgst/prod/00/np/PPSA01876_00/3a946985-ae16-4b60-9cac-05265c41aa21-version.xml,ps5,game
UP4399-PPSA02426_00-1548339055872147,Farming Simulator 22,PPSA02426,https://sgst.prod.dl.playstation.net/sgst/prod/00/np/PPSA02426_00/34802324-5dc9-403a-9feb-7ba1b990342b-version.xml,ps5,game
HP6238-PPSA02428_00-8421141629027302,Farming Simulator 22,PPSA02428,https://sgst.prod.dl.playstation.net/sgst/prod/00/np/PPSA02428_00/a57192b1-d7bc-473f-a912-eacbc9aee884-version.xml,ps5,
EP3999-PPSA07355_00-8967146572806881,Fashion Police Squad,PPSA07355,https://sgst.prod.dl.playstation.net/sgst/prod/00/np/PPSA07355_00/82e04746-3692-4f67-8d10-b4f4a49fbb85-version.xml,ps5,game
UP0283-PPSA30138_00-9ZK7B2LQX5A1N8WR,Fast and Furious Arcade Edition,PPSA30138,https://sgst.prod.dl.playstation.net/sgst/prod/00/np/PPSA30138_00/901f8e5c-5958-4b54-a4e5-934cb011228c-version.xml,ps5,game
UP4108-PPSA07421_00-GAME000000000000,Fate/Samurai Remnant,PPSA07421,https://sgst.prod.dl.playstation.net/sgst/prod/00/np/PPSA07421_00/0c4cb66f-202e-403a-a961-572961f250c8-version.xml,ps5,game
EP4062-PPSA02807_00-SRDLC0000005SIEE,Festive Fun FREE Cosmetic Pack,PPSA02807,https://sgst.prod.dl.playstation.net/sgst/prod/00/np/PPSA02807_00/a10182dd-333a-4aaf-8f5e-de3c10183a56-version.xml,ps5,game
UP2047-PPSA02813_00-SRDLC0000005SIEA,Festive Fun FREE Cosmetic Pack,PPSA02813,https://sgst.prod.dl.playstation.net/sgst/prod/00/np/PPSA02813_00/27cb3e53-2732-4f5b-a909-b12f18009395-version.xml,ps5,
EP5938-PPSA07058_00-FINALVENDETTAPS5,Final Vendetta,PPSA07058,https://sgst.prod.dl.playstation.net/sgst/prod/00/np/PPSA07058_00/e4654741-2d5b-48e4-a08d-6cdbe9d4cf8c-version.xml,ps5,game
UP2565-PPSA06404_00-CESD663730000000,Firefighting Simulator - The Squad,PPSA06404,https://sgst.prod.dl.playstation.net/sgst/prod/00/np/PPSA06404_00/d1ceb6bf-f9e0-4a3a-b09d-a322499fa82f-version.xml,ps5,game
UP0134-PPSA02560_00-FIRSTCLASSTROUBL,First Class Trouble,PPSA02560,https://sgst.prod.dl.playstation.net/sgst/prod/00/np/PPSA02560_00/7f0eb9f7-f5a1-4f29-a1e2-fa846d542629-version.xml,ps5,game
EP0131-PPSA02561_00-FIRSTCLASSTROUBL,First Class Trouble,PPSA02561,https://sgst.prod.dl.playstation.net/sgst/prod/00/np/PPSA02561_00/f135a669-f25b-43e6-aefa-58d3621fb030-version.xml,ps5,game
UP0638-PPSA18328_00-FNAFHELPWANTEDVR,Five Nights At Freddy's: Help Wanted,PPSA18328,https://sgst.prod.dl.playstation.net/sgst/prod/00/np/PPSA18328_00/fc8945cf-d2e8-4d88-a66b-27bc8eb2c623-version.xml,ps5,game
UP0638-PPSA18886_00-FNAFHELPWANTEDP2,Five Nights at Freddy's: Help Wanted 2,PPSA18886,https://sgst.prod.dl.playstation.net/sgst/prod/00/np/PPSA18886_00/bf7948d3-fa16-428d-8d12-f36f498536d0-version.xml,ps5,game
UP0638-PPSA01797_00-FNAFSECUREBREACH,Five Nights at Freddy's: Security Breach,PPSA01797,https://sgst.prod.dl.playstation.net/sgst/prod/00/np/PPSA01797_00/905e5d40-3059-41f1-9833-a20c1569279b-version.xml,ps5,game
EP1877-PPSA05626_00-FOBIA00000000000,Fobia - St. Dinfna Hotel,PPSA05626,https://sgst.prod.dl.playstation.net/sgst/prod/00/np/PPSA05626_00/fd7e1c0f-db30-4af1-a696-eefd992fbc74-version.xml,ps5,game
UP9000-PPSA01289_00-SABAFOOTBALL0001,Football Costume,PPSA01289,https://sgst.prod.dl.playstation.net/sgst/prod/00/np/PPSA01289_00/0c1789e3-10b1-41eb-8ede-c159db8ef1e7-version.xml,ps5,
UP4395-PPSA23088_00-FORTHEKING2SIEA5,For The King II,PPSA23088,https://sgst.prod.dl.playstation.net/sgst/prod/00/np/PPSA23088_00/e7b824f7-1576-4bcb-9480-0e287314dacd-version.xml,ps5,game
UP1260-PPSA02483_00-FORECLOSED000000,Foreclosed,PPSA02483,https://sgst.prod.dl.playstation.net/sgst/prod/00/np/PPSA02483_00/fb70e576-c329-4164-be5f-4629902266ac-version.xml,ps5,game
EP2552-PPSA29035_00-FMF2000000000ALL,Forgive Me Father 2,PPSA29035,https://sgst.prod.dl.playstation.net/sgst/prod/00/np/PPSA29035_00/bdfc7934-7fb4-473d-8a16-306933b49218-version.xml,ps5,game
UP0082-PPSA03982_00-ATHIA00000000001,Forspoken,PPSA03982,https://sgst.prod.dl.playstation.net/sgst/prod/00/np/PPSA03982_00/a72fc521-8cb9-4221-9b84-8a9bf78f0eab-version.xml,ps5,game
EP0082-PPSA05701_00-ATHIADM000000002,Forspoken Demo,PPSA05701,https://sgst.prod.dl.playstation.net/sgst/prod/00/np/PPSA05701_00/8cdfd8ce-2a8a-4bcd-9e46-dea86d02c650-version.xml,ps5,
EP0082-PPSA05999_00-4233505067013756,Forspoken Digital Mini Art Book,PPSA05999,https://sgst.prod.dl.playstation.net/sgst/prod/00/np/PPSA05999_00/87728511-8cbf-458f-9d42-8bbf105549db-version.xml,ps5,game
EP0082-PPSA05995_00-0508448847188587,Forspoken Digital Mini Soundtrack,PPSA05995,https://sgst.prod.dl.playstation.net/sgst/prod/00/np/PPSA05995_00/9d6ed712-d246-4732-9d2b-a8b0170339b4-version.xml,ps5,game
EP0082-PPSA03984_00-5841654339316968,Forspoken: In Tanta We Trust,PPSA03984,https://sgst.prod.dl.playstation.net/sgst/prod/00/np/PPSA03984_00/700533d7-dc7c-4a93-a414-3b980283c432-version.xml,ps5,game
UP0082-PPSA03982_00-5841654339316968,Forspoken: In Tanta We Trust,PPSA03982,https://sgst.prod.dl.playstation.net/sgst/prod/00/np/PPSA03982_00/a72fc521-8cb9-4221-9b84-8a9bf78f0eab-version.xml,ps5,
UP1477-PPSA01922_00-FORTNITETESTING2,Fortnite,PPSA01922,https://sgst.prod.dl.playstation.net/sgst/prod/00/np/PPSA01922_00/cbafb8dc-c780-4137-af2c-2aa0a8e2afc2-version.xml,ps5,game
EP1464-PPSA01923_00-FORTNITETESTING2,Fortnite,PPSA01923,https://sgst.prod.dl.playstation.net/sgst/prod/00/np/PPSA01923_00/b2cabdbe-d5f2-43e1-a108-5b95f380fbdd-version.xml,ps5,game
UP6312-PPSA22327_00-0629872585919347,Forza Horizon 5,PPSA22327,https://sgst.prod.dl.playstation.net/sgst/prod/00/np/PPSA22327_00/22abd014-b3ba-4662-853f-07f9805936aa-version.xml,ps5,game
UP6312-PPSA22327_00-0463223721414223,Forza Horizon 5 1966 Jaguar XJ13,PPSA22327,https://sgst.prod.dl.playstation.net/sgst/prod/00/np/PPSA22327_00/22abd014-b3ba-4662-853f-07f9805936aa-version.xml,ps5,game
UP6312-PPSA22327_00-0934596870332388,Forza Horizon 5 1966 Toronado,PPSA22327,https://sgst.prod.dl.playstation.net/sgst/prod/00/np/PPSA22327_00/22abd014-b3ba-4662-853f-07f9805936aa-version.xml,ps5,game
UP6312-PPSA22327_00-0976841556823550,Forza Horizon 5 1967 Renault 8 Gordini,PPSA22327,https://sgst.prod.dl.playstation.net/sgst/prod/00/np/PPSA22327_00/22abd014-b3ba-4662-853f-07f9805936aa-version.xml,ps5,game
UP6312-PPSA22327_00-0707335485112010,Forza Horizon 5 1970 Mercury Cyclone Spoiler,PPSA22327,https://sgst.prod.dl.playstation.net/sgst/prod/00/np/PPSA22327_00/22abd014-b3ba-4662-853f-07f9805936aa-version.xml,ps5,game
UP6312-PPSA22327_00-0256201210521436,Forza Horizon 5 1973 Lamborghini Espada 400 GT,PPSA22327,https://sgst.prod.dl.playstation.net/sgst/prod/00/np/PPSA22327_00/22abd014-b3ba-4662-853f-07f9805936aa-version.xml,ps5,game
UP6312-PPSA22327_00-0814304943678640,Forza Horizon 5 1982 VW Pickup,PPSA22327,https://sgst.prod.dl.playstation.net/sgst/prod/00/np/PPSA22327_00/22abd014-b3ba-4662-853f-07f9805936aa-version.xml,ps5,game
UP6312-PPSA22327_00-0746667761151168,Forza Horizon 5 1986 Ford Mustang SVO,PPSA22327,https://sgst.prod.dl.playstation.net/sgst/prod/00/np/PPSA22327_00/22abd014-b3ba-4662-853f-07f9805936aa-version.xml,ps5,game
UP6312-PPSA22327_00-0560216147616792,Forza Horizon 5 1992 Mazda 323 GT-R,PPSA22327,https://sgst.prod.dl.playstation.net/sgst/prod/00/np/PPSA22327_00/22abd014-b3ba-4662-853f-07f9805936aa-version.xml,ps5,game
UP6312-PPSA22327_00-0399495877148790,Forza Horizon 5 1993 Jaguar XJ220S,PPSA22327,https://sgst.prod.dl.playstation.net/sgst/prod/00/np/PPSA22327_00/22abd014-b3ba-4662-853f-07f9805936aa-version.xml,ps5,game
UP6312-PPSA22327_00-0708138431232397,Forza Horizon 5 2003 Ford Lightning,PPSA22327,https://sgst.prod.dl.playstation.net/sgst/prod/00/np/PPSA22327_00/22abd014-b3ba-4662-853f-07f9805936aa-version.xml,ps5,game
UP6312-PPSA22327_00-0763299264857540,Forza Horizon 5 2005 MG SV-R,PPSA22327,https://sgst.prod.dl.playstation.net/sgst/prod/00/np/PPSA22327_00/22abd014-b3ba-4662-853f-07f9805936aa-version.xml,ps5,game
UP6312-PPSA22327_00-0788366093876720,Forza Horizon 5 2006 Noble M400,PPSA22327,https://sgst.prod.dl.playstation.net/sgst/prod/00/np/PPSA22327_00/22abd014-b3ba-4662-853f-07f9805936aa-version.xml,ps5,game
UP6312-PPSA22327_00-0000090754046096,Forza Horizon 5 2008 Dodge Magnum,PPSA22327,https://sgst.prod.dl.playstation.net/sgst/prod/00/np/PPSA22327_00/22abd014-b3ba-4662-853f-07f9805936aa-version.xml,ps5,game
UP6312-PPSA22327_00-0206498717439731,Forza Horizon 5 2010 Porsche 911 SC,PPSA22327,https://sgst.prod.dl.playstation.net/sgst/prod/00/np/PPSA22327_00/22abd014-b3ba-4662-853f-07f9805936aa-version.xml,ps5,game
UP6312-PPSA22327_00-0792195595813188,Forza Horizon 5 2014 SafariZ 370Z,PPSA22327,https://sgst.prod.dl.playstation.net/sgst/prod/00/np/PPSA22327_00/22abd014-b3ba-4662-853f-07f9805936aa-version.xml,ps5,game
UP6312-PPSA22327_00-0141472219346118,Forza Horizon 5 2017 #25 Ferrari 488,PPSA22327,https://sgst.prod.dl.playstation.net/sgst/prod/00/np/PPSA22327_00/22abd014-b3ba-4662-853f-07f9805936aa-version.xml,ps5,game
UP6312-PPSA22327_00-0922773472841270,Forza Horizon 5 2017 Ferrari J50,PPSA22327,https://sgst.prod.dl.playstation.net/sgst/prod/00/np/PPSA22327_00/22abd014-b3ba-4662-853f-07f9805936aa-version.xml,ps5,game
UP6312-PPSA22327_00-0224952639828512,Forza Horizon 5 2018 Audi TT RS,PPSA22327,https://sgst.prod.dl.playstation.net/sgst/prod/00/np/PPSA22327_00/22abd014-b3ba-4662-853f-07f9805936aa-version.xml,ps5,game
UP6312-PPSA22327_00-0725398519583721,Forza Horizon 5 2018 Ferrari FXX-K E,PPSA22327,https://sgst.prod.dl.playstation.net/sgst/prod/00/np/PPSA22327_00/22abd014-b3ba-4662-853f-07f9805936aa-version.xml,ps5,game
UP6312-PPSA22327_00-0860109660312840,Forza Horizon 5 2019 Ferrari Monza SP2,PPSA22327,https://sgst.prod.dl.playstation.net/sgst/prod/00/np/PPSA22327_00/22abd014-b3ba-4662-853f-07f9805936aa-version.xml,ps5,game
UP6312-PPSA22327_00-0557821040908354,Forza Horizon 5 2019 Nissan 370Z Nismo,PPSA22327,https://sgst.prod.dl.playstation.net/sgst/prod/00/np/PPSA22327_00/22abd014-b3ba-4662-853f-07f9805936aa-version.xml,ps5,game
UP6312-PPSA22327_00-0861996888127140,Forza Horizon 5 2019 Porsche 911 Speedster,PPSA22327,https://sgst.prod.dl.playstation.net/sgst/prod/00/np/PPSA22327_00/22abd014-b3ba-4662-853f-07f9805936aa-version.xml,ps5,game
UP6312-PPSA22327_00-0481216023941665,Forza Horizon 5 2019 SUBARU STI S209,PPSA22327,https://sgst.prod.dl.playstation.net/sgst/prod/00/np/PPSA22327_00/22abd014-b3ba-4662-853f-07f9805936aa-version.xml,ps5,game
UP6312-PPSA22327_00-0120347822075908,Forza Horizon 5 2019 Toyota Tacoma,PPSA22327,https://sgst.prod.dl.playstation.net/sgst/prod/00/np/PPSA22327_00/22abd014-b3ba-4662-853f-07f9805936aa-version.xml,ps5,game
UP6312-PPSA22327_00-0994465395841660,Forza Horizon 5 2020 Audi RS 3,PPSA22327,https://sgst.prod.dl.playstation.net/sgst/prod/00/np/PPSA22327_00/22abd014-b3ba-4662-853f-07f9805936aa-version.xml,ps5,game
UP6312-PPSA22327_00-0521260476297345,Forza Horizon 5 2020 Audi RS 5,PPSA22327,https://sgst.prod.dl.playstation.net/sgst/prod/00/np/PPSA22327_00/22abd014-b3ba-4662-853f-07f9805936aa-version.xml,ps5,game
UP6312-PPSA22327_00-0441785260829235,Forza Horizon 5 2020 BMW M8 Comp,PPSA22327,https://sgst.prod.dl.playstation.net/sgst/prod/00/np/PPSA22327_00/22abd014-b3ba-4662-853f-07f9805936aa-version.xml,ps5,game
UP6312-PPSA22327_00-0446512303870367,Forza Horizon 5 2020 Lamborghini Huracán EVO,PPSA22327,https://sgst.prod.dl.playstation.net/sgst/prod/00/np/PPSA22327_00/22abd014-b3ba-4662-853f-07f9805936aa-version.xml,ps5,game
UP6312-PPSA22327_00-0728334579776984,Forza Horizon 5 2020 Lexus RC F,PPSA22327,https://sgst.prod.dl.playstation.net/sgst/prod/00/np/PPSA22327_00/22abd014-b3ba-4662-853f-07f9805936aa-version.xml,ps5,game
UP6312-PPSA22327_00-0408598518111992,Forza Horizon 5 2020 Toyota Tundra TRD,PPSA22327,https://sgst.prod.dl.playstation.net/sgst/prod/00/np/PPSA22327_00/22abd014-b3ba-4662-853f-07f9805936aa-version.xml,ps5,game
UP6312-PPSA22327_00-0245852786268593,Forza Horizon 5 2021 Aston Martin DBX,PPSA22327,https://sgst.prod.dl.playstation.net/sgst/prod/00/np/PPSA22327_00/22abd014-b3ba-4662-853f-07f9805936aa-version.xml,ps5,game
UP6312-PPSA22327_00-0029933819992767,Forza Horizon 5 2021 MINI JCW GP,PPSA22327,https://sgst.prod.dl.playstation.net/sgst/prod/00/np/PPSA22327_00/22abd014-b3ba-4662-853f-07f9805936aa-version.xml,ps5,game
UP6312-PPSA22327_00-0966236156645857,Forza Horizon 5 2021 McLaren 620R,PPSA22327,https://sgst.prod.dl.playstation.net/sgst/prod/00/np/PPSA22327_00/22abd014-b3ba-4662-853f-07f9805936aa-version.xml,ps5,game
UP6312-PPSA22327_00-0320166071666580,Forza Horizon 5 2021 VW Golf R,PPSA22327,https://sgst.prod.dl.playstation.net/sgst/prod/00/np/PPSA22327_00/22abd014-b3ba-4662-853f-07f9805936aa-version.xml,ps5,game
UP6312-PPSA22327_00-0267979170037653,Forza Horizon 5 Formula Drift Pack,PPSA22327,https://sgst.prod.dl.playstation.net/sgst/prod/00/np/PPSA22327_00/22abd014-b3ba-4662-853f-07f9805936aa-version.xml,ps5,game
UP6312-PPSA22327_00-0164331293960121,Forza Horizon 5 Premium VIP,PPSA22327,https://sgst.prod.dl.playstation.net/sgst/prod/00/np/PPSA22327_00/22abd014-b3ba-4662-853f-07f9805936aa-version.xml,ps5,game
UP6312-PPSA22327_00-0449262936825257,Forza Horizon 5 VIP Membership,PPSA22327,https://sgst.prod.dl.playstation.net/sgst/prod/00/np/PPSA22327_00/22abd014-b3ba-4662-853f-07f9805936aa-version.xml,ps5,game
UP6312-PPSA22327_00-0362426353328986,Forza Horizon 5 Welcome Pack,PPSA22327,https://sgst.prod.dl.playstation.net/sgst/prod/00/np/PPSA22327_00/22abd014-b3ba-4662-853f-07f9805936aa-version.xml,ps5,game
UP6312-PPSA22327_00-0856915277215410,Forza Horizon 5: Hot Wheels,PPSA22327,https://sgst.prod.dl.playstation.net/sgst/prod/00/np/PPSA22327_00/22abd014-b3ba-4662-853f-07f9805936aa-version.xml,ps5,game
UP6312-PPSA22327_00-0925417042257385,Forza Horizon 5: JDM Jewels Car Pack,PPSA22327,https://sgst.prod.dl.playstation.net/sgst/prod/00/np/PPSA22327_00/22abd014-b3ba-4662-853f-07f9805936aa-version.xml,ps5,
UP6312-PPSA22327_00-0452740867176078,Forza Horizon 5: Rally Adventure,PPSA22327,https://sgst.prod.dl.playstation.net/sgst/prod/00/np/PPSA22327_00/22abd014-b3ba-4662-853f-07f9805936aa-version.xml,ps5,game
HP7588-PPSA26492_00-FRAGPUNKBGNE0000,FragPunk,PPSA26492,https://sgst.prod.dl.playstation.net/sgst/prod/00/np/PPSA26492_00/a4cf563c-52a1-4778-8dca-10eac7cf9302-version.xml,ps5,
EP0896-PPSA33739_00-MORTFILESULFATRG,Fred & Jeff: The Atomic Sulfate,PPSA33739,https://sgst.prod.dl.playstation.net/sgst/prod/00/np/PPSA33739_00/c566226e-7871-449f-95bf-fae4f91f1d19-version.xml,ps5,game
UP2064-PPSA06088_00-4315282519010823,Freevee,PPSA06088,https://sgst.prod.dl.playstation.net/sgst/prod/00/np/PPSA06088_00/c3636dd8-6028-4d5d-a3c8-c26c3949f98f-version.xml,ps5,
UP9000-PPSA01289_00-SABAFREYA0000001,Freya Costume,PPSA01289,https://sgst.prod.dl.playstation.net/sgst/prod/00/np/PPSA01289_00/0c1789e3-10b1-41eb-8ede-c159db8ef1e7-version.xml,ps5,
EP1018-PPSA01619_00-FUJCHARACTER0000,Fujin,PPSA01619,https://sgst.prod.dl.playstation.net/sgst/prod/00/np/PPSA01619_00/d13316b3-ee9c-4082-bc86-f8a38f4c1278-version.xml,ps5,game
EP8383-PPSA20786_00-0643940191149684,Full Metal Sergeant,PPSA20786,https://sgst.prod.dl.playstation.net/sgst/prod/00/np/PPSA20786_00/cb67a962-b7f6-4888-bbc9-f6343b97adf6-version.xml,ps5,game
UP2203-PPSA02038_00-5020627373155846,Funimation,PPSA02038,https://sgst.prod.dl.playstation.net/sgst/prod/00/np/PPSA02038_00/92c1f29d-6633-492a-b208-4f1e5b62ce8d-version.xml,ps5,game
EP7868-PPSA19345_00-0810711912409715,Funko Fusion,PPSA19345,https://sgst.prod.dl.playstation.net/sgst/prod/00/np/PPSA19345_00/a1699cf0-6e02-4aef-af87-6634d19101dd-version.xml,ps5,game
UP9000-PPSA15806_00-SLUS005440000000,G-Police,PPSA15806,https://sgst.prod.dl.playstation.net/sgst/prod/00/np/PPSA15806_00/d0f9ef14-deb1-448f-a63b-3858c690b6f0-version.xml,ps5,game
UP0700-PPSA07715_00-ULUS105630000000,GODS EATER BURST,PPSA07715,https://sgst.prod.dl.playstation.net/sgst/prod/00/np/PPSA07715_00/e9ab47f7-fe3d-4464-a011-ea60083695cc-version.xml,ps5,game
EP0006-PPSA03864_00-GRIDLEGPS5GAME00,GRID Legends,PPSA03864,https://sgst.prod.dl.playstation.net/sgst/prod/00/np/PPSA03864_00/ed0eaaeb-ed2f-4cf9-9838-f2e8f837cd7d-version.xml,ps5,game
UP0006-PPSA03865_00-GRIDLEGPS5GAME00,GRID Legends,PPSA03865,https://sgst.prod.dl.playstation.net/sgst/prod/00/np/PPSA03865_00/032278d5-c609-4ac7-b264-556690977e4d-version.xml,ps5,game
UP3385-PPSA03276_00-0000000000000000,GRIME,PPSA03276,https://sgst.prod.dl.playstation.net/sgst/prod/00/np/PPSA03276_00/f38e6761-65b1-40fb-9db0-82cd108cac7a-version.xml,ps5,game
UP3643-PPSA09803_00-0000000000000000,GRIS,PPSA09803,https://sgst.prod.dl.playstation.net/sgst/prod/00/np/PPSA09803_00/303244a5-2053-4674-a4fa-3278c34ea60e-version.xml,ps5,game
UP1004-PPSA03420_00-CROSSGENBUNTRACK,GTAV Cross-Gen,PPSA03420,https://sgst.prod.dl.playstation.net/sgst/prod/00/np/PPSA03420_00/d3ddd015-128e-4f47-903c-c7ff17e0e0a7-version.xml,ps5,game
EP1004-PPSA01721_00-CROSSGENBUNTRACK,GTAV Cross-Gen,PPSA01721,https://sgst.prod.dl.playstation.net/sgst/prod/00/np/PPSA01721_00/781a6103-81b5-49c9-adab-b3e61cb71f5e-version.xml,ps5,game
UP1004-PPSA03420_00-GTAVFULLGAMETRCK,GTAV Full Game,PPSA03420,https://sgst.prod.dl.playstation.net/sgst/prod/00/np/PPSA03420_00/d3ddd015-128e-4f47-903c-c7ff17e0e0a7-version.xml,ps5,game
UP1004-PPSA03420_00-GTAVSTORYMODE001,GTAV Story Mode,PPSA03420,https://sgst.prod.dl.playstation.net/sgst/prod/00/np/PPSA03420_00/d3ddd015-128e-4f47-903c-c7ff17e0e0a7-version.xml,ps5,game
EP1004-PPSA01721_00-GTAVSTORYMODE001,GTAV Story Mode,PPSA01721,https://sgst.prod.dl.playstation.net/sgst/prod/00/np/PPSA01721_00/781a6103-81b5-49c9-adab-b3e61cb71f5e-version.xml,ps5,
EP4001-PPSA01551_00-GAMEBOOSTERPACK0,Gameplay Booster Pack,PPSA01551,https://sgst.prod.dl.playstation.net/sgst/prod/00/np/PPSA01551_00/945ec86b-3049-42eb-8e10-c3e1bf0a1378-version.xml,ps5,game
EP3597-PPSA03849_00-GAPSBYPOWGI00000,Gaps by POWGI,PPSA03849,https://sgst.prod.dl.playstation.net/sgst/prod/00/np/PPSA03849_00/cc1524f6-9d09-47ac-b779-5e449c93ad30-version.xml,ps5,game
EP3385-PPSA22370_00-GARTENOFBANBAN01,Garten of Banban,PPSA22370,https://sgst.prod.dl.playstation.net/sgst/prod/00/np/PPSA22370_00/653d8a26-e238-47f6-bde9-d040b591e6d7-version.xml,ps5,game
EP0896-PPSA15456_00-GASTROFORCERATGA,Gastro Force,PPSA15456,https://sgst.prod.dl.playstation.net/sgst/prod/00/np/PPSA15456_00/25ffa8d1-6cc3-49bd-ba57-188b973fd96a-version.xml,ps5,game
UP1001-PPSA01462_00-OAKNGWESKINSIEA1,Gearbox Cosmetic Pack,PPSA01462,https://sgst.prod.dl.playstation.net/sgst/prod/00/np/PPSA01462_00/ed616f4d-c5de-47b3-a7ad-68ce8224f91e-version.xml,ps5,game
UP6312-PPSA17525_00-0234764603237971,Gears of War: Reloaded,PPSA17525,https://sgst.prod.dl.playstation.net/sgst/prod/00/np/PPSA17525_00/b48c30f7-2d54-48eb-90fb-1580c6054276-version.xml,ps5,game
EP6311-PPSA23272_00-0234764603237971,Gears of War: Reloaded Beta,PPSA23272,https://sgst.prod.dl.playstation.net/sgst/prod/00/np/PPSA23272_00/12415747-ca08-4df9-bad2-17d762e826df-version.xml,ps5,
UP6262-PPSA02562_00-0000000000000000,Genshin Impact,PPSA02562,https://sgst.prod.dl.playstation.net/sgst/prod/00/np/PPSA02562_00/8da6a24c-e740-4531-a8e7-27d76970da26-version.xml,ps5,game
EP6985-PPSA18095_00-0105449619927510,Geometric Sniper Z,PPSA18095,https://sgst.prod.dl.playstation.net/sgst/prod/00/np/PPSA18095_00/6290e3df-55ad-4e3c-a5f3-9b8c096cd052-version.xml,ps5,game
EP9000-PPSA03208_00-GHOSTSHIP0000000,Ghost of Tsushima,PPSA03208,https://sgst.prod.dl.playstation.net/sgst/prod/00/np/PPSA03208_00/d232a5b1-8ddb-4a47-83a7-e593b5f81aff-version.xml,ps5,game
UP9000-PPSA02225_00-GHOSTSHIP0000000,Ghost of Tsushima,PPSA02225,https://sgst.prod.dl.playstation.net/sgst/prod/00/np/PPSA02225_00/68342da7-2c17-4dc9-87f4-56e9edd1a27f-version.xml,ps5,game
UP9000-PPSA05030_00-GHOSTSHIP0000000,Ghost of Tsushima,PPSA05030,https://sgst.prod.dl.playstation.net/sgst/prod/00/np/PPSA05030_00/6f68aad9-15db-46e4-8990-b3eeef7a7a33-version.xml,ps5,game
HP9000-PPSA03210_00-GHOSTSHIP0000000,Ghost of Tsushima,PPSA03210,https://sgst.prod.dl.playstation.net/sgst/prod/00/np/PPSA03210_00/34306168-9fe5-4c83-bd09-dc1b7056ef6c-version.xml,ps5,
EP9000-PPSA05031_00-GHOSTSHIP0000000,Ghost of Tsushima,PPSA05031,https://sgst.prod.dl.playstation.net/sgst/prod/00/np/PPSA05031_00/b9a14e97-7c7f-4adb-9886-f998567cc52a-version.xml,ps5,game
UP9000-PPSA26344_00-GHOST2SHIP000000,Ghost of Yōtei,PPSA26344,https://sgst.prod.dl.playstation.net/sgst/prod/00/np/PPSA26344_00/2eca7740-e3d3-4890-ac80-969362b7997d-version.xml,ps5,
UP9000-PPSA26344_00-GHOST2BASE000000,Ghost of Yōtei - Base Content,PPSA26344,https://sgst.prod.dl.playstation.net/sgst/prod/00/np/PPSA26344_00/2eca7740-e3d3-4890-ac80-969362b7997d-version.xml,ps5,
UP9000-PPSA26344_00-GHOST2DDE0000000,Ghost of Yōtei - Digital Deluxe,PPSA26344,https://sgst.prod.dl.playstation.net/sgst/prod/00/np/PPSA26344_00/2eca7740-e3d3-4890-ac80-969362b7997d-version.xml,ps5,
UP3095-PPSA04057_00-SWAYZEGAME000000,Ghostbusters: Spirits Unleashed Ecto Edition,PPSA04057,https://sgst.prod.dl.playstation.net/sgst/prod/00/np/PPSA04057_00/ccec18c3-c8ae-4b55-b46f-12befc8184c5-version.xml,ps5,game
UP9000-PPSA21974_00-SLUS209930000000,Ghosthunter,PPSA21974,https://sgst.prod.dl.playstation.net/sgst/prod/00/np/PPSA21974_00/08aa6aa3-d41b-4391-8df9-87cf3bf0f3ca-version.xml,ps5,game
EP4040-PPSA03685_00-GHOSTRUNNER00000,Ghostrunner,PPSA03685,https://sgst.prod.dl.playstation.net/sgst/prod/00/np/PPSA03685_00/b7b8a679-22a6-4718-9a79-6e8197640bb5-version.xml,ps5,game
UP4040-PPSA03682_00-GHOSTRUNNER00000,Ghostrunner,PPSA03682,https://sgst.prod.dl.playstation.net/sgst/prod/00/np/PPSA03682_00/79e642a3-c13f-4e7c-8709-04608a3405db-version.xml,ps5,game
UP4040-PPSA09911_00-GHOSTRUNNER2US00,Ghostrunner 2,PPSA09911,https://sgst.prod.dl.playstation.net/sgst/prod/00/np/PPSA09911_00/c969c39f-3357-44ec-882f-34cbfb6681a8-version.xml,ps5,game
EP4040-PPSA09912_00-GHOSTRUNNER2EU00,Ghostrunner 2,PPSA09912,https://sgst.prod.dl.playstation.net/sgst/prod/00/np/PPSA09912_00/b3e0bebf-29e0-4a21-89ab-46e10a964c0f-version.xml,ps5,
UP1003-PPSA01337_00-GHOSTWIRETOKYOFG,Ghostwire: Tokyo,PPSA01337,https://sgst.prod.dl.playstation.net/sgst/prod/00/np/PPSA01337_00/142776be-3dd9-41da-88d5-9fdff6f58adf-version.xml,ps5,game
EP3000-PPSA03930_00-EUPS500000GIBBON,Gibbon: Beyond the Trees,PPSA03930,https://sgst.prod.dl.playstation.net/sgst/prod/00/np/PPSA03930_00/c5e5618f-f24a-4f1a-8b8c-de0222a2171c-version.xml,ps5,game
UP5397-PPSA06094_00-9152601786774628,GigaBash,PPSA06094,https://sgst.prod.dl.playstation.net/sgst/prod/00/np/PPSA06094_00/c4d97193-0712-4492-a369-549bf0ffaad6-version.xml,ps5,game
UP4744-PPSA08115_00-0359207573241737,Gloomhaven,PPSA08115,https://sgst.prod.dl.playstation.net/sgst/prod/00/np/PPSA08115_00/4d2d5314-b606-44cf-8aeb-8ffac7e6ad66-version.xml,ps5,game
UP4744-PPSA08115_00-SOLOSCENARIOSMCH,Gloomhaven - Solo Scenarios: Mercenary Challenges,PPSA08115,https://sgst.prod.dl.playstation.net/sgst/prod/00/np/PPSA08115_00/4d2d5314-b606-44cf-8aeb-8ffac7e6ad66-version.xml,ps5,game
EP1001-PPSA01493_00-0000DAFEUPS5DLC2,Glutton's Gamble,PPSA01493,https://sgst.prod.dl.playstation.net/sgst/prod/00/np/PPSA01493_00/35a4e113-87fc-43fe-b7fc-b93a72223736-version.xml,ps5,game
EP4837-PPSA04158_00-GS3MAINGAMEPACK0,Goat Simulator 3,PPSA04158,https://sgst.prod.dl.playstation.net/sgst/prod/00/np/PPSA04158_00/31c7a48a-f4c8-45a3-b3a8-20cf4ab0484f-version.xml,ps5,game
UP4664-PPSA04159_00-GS3MAINGAMEPACK0,Goat Simulator 3,PPSA04159,https://sgst.prod.dl.playstation.net/sgst/prod/00/np/PPSA04159_00/c02b4d7d-631b-4c37-a49b-8a3864f7dcb6-version.xml,ps5,
UP9000-PPSA01289_00-SABATHANKSGIVIN1,Gobble Wobble Costume,PPSA01289,https://sgst.prod.dl.playstation.net/sgst/prod/00/np/PPSA01289_00/0c1789e3-10b1-41eb-8ede-c159db8ef1e7-version.xml,ps5,
UP9000-PPSA08329_00-GOWRAGNAROK00000,God of War Ragnarök,PPSA08329,https://sgst.prod.dl.playstation.net/sgst/prod/00/np/PPSA08329_00/3416834c-0a86-41f0-934a-46d04072e8d5-version.xml,ps5,game
HP9000-PPSA08334_00-GOWRAGNAROK00000,God of War Ragnarök,PPSA08334,https://sgst.prod.dl.playstation.net/sgst/prod/00/np/PPSA08334_00/3150ee0a-b042-4575-bb4d-94ae63b74834-version.xml,ps5,
HP9000-PPSA08334_00-GOWRDLCCONTENT00,God of War Ragnarök: Valhalla,PPSA08334,https://sgst.prod.dl.playstation.net/sgst/prod/00/np/PPSA08334_00/3150ee0a-b042-4575-bb4d-94ae63b74834-version.xml,ps5,
EP9000-PPSA08330_00-GOWRDLCCONTENT00,God of War Ragnarök: Valhalla,PPSA08330,https://sgst.prod.dl.playstation.net/sgst/prod/00/np/PPSA08330_00/e393d1eb-219b-46f8-a363-c0c874962b86-version.xml,ps5,
UP9000-PPSA08329_00-GOWRDLCCONTENT00,God of War Ragnarök: Valhalla,PPSA08329,https://sgst.prod.dl.playstation.net/sgst/prod/00/np/PPSA08329_00/3416834c-0a86-41f0-934a-46d04072e8d5-version.xml,ps5,
UP0292-PPSA05660_00-GODFALLLITE00000,Godfall: Challenger Edition,PPSA05660,https://sgst.prod.dl.playstation.net/sgst/prod/00/np/PPSA05660_00/e7b465fe-0149-4983-804d-d4f8bc5246e3-version.xml,ps5,game
EP1001-PPSA01463_00-0000OAKNGSIEEPRE,Gold Weapon Pack,PPSA01463,https://sgst.prod.dl.playstation.net/sgst/prod/00/np/PPSA01463_00/4e400b2f-9fec-400c-97ab-307b529adb57-version.xml,ps5,game
UP1001-PPSA01462_00-0000OAKNGSIEAPRE,Gold Weapon Pack,PPSA01462,https://sgst.prod.dl.playstation.net/sgst/prod/00/np/PPSA01462_00/ed616f4d-c5de-47b3-a7ad-68ce8224f91e-version.xml,ps5,game
UP1001-PPSA01492_00-00000DAFNAPS5POP,Golden Hero Armor,PPSA01492,https://sgst.prod.dl.playstation.net/sgst/prod/00/np/PPSA01492_00/ecb75d50-782a-4f27-a368-38e43bfa8006-version.xml,ps5,
UP5082-PPSA03351_00-2428207341887416,Gore Skin,PPSA03351,https://sgst.prod.dl.playstation.net/sgst/prod/00/np/PPSA03351_00/15440660-0c84-4097-baac-a6468e9131b7-version.xml,ps5,
UP8371-PPSA18009_00-GORILLATAGMAINGA,Gorilla Tag,PPSA18009,https://sgst.prod.dl.playstation.net/sgst/prod/00/np/PPSA18009_00/40eb8f30-bc1f-4cbd-8bdb-72bf16259e09-version.xml,ps5,game
UP1018-PPSA02223_00-GOTHAMKNIGHTS000,Gotham Knights,PPSA02223,https://sgst.prod.dl.playstation.net/sgst/prod/00/np/PPSA02223_00/b3d027fc-4d9a-48b2-b624-cdad4f0b9e03-version.xml,ps5,game
EP1018-PPSA01619_00-DLC4SKINPACK0000,Gothic Horror Skin Pack,PPSA01619,https://sgst.prod.dl.playstation.net/sgst/prod/00/np/PPSA01619_00/d13316b3-ee9c-4082-bc86-f8a38f4c1278-version.xml,ps5,game
EP4321-PPSA03131_00-3514008772031467,Graffiti Glow Skin,PPSA03131,https://sgst.prod.dl.playstation.net/sgst/prod/00/np/PPSA03131_00/58f27224-3244-4e39-8e59-587660052f1a-version.xml,ps5,game
EP9000-PPSA01288_00-SABAGRANTURISMO1,Gran Turismo Costume,PPSA01288,https://sgst.prod.dl.playstation.net/sgst/prod/00/np/PPSA01288_00/1db8a953-699b-47e8-8082-799b1eea8118-version.xml,ps5,game
UP9000-PPSA01289_00-SABAGRANTURISMO1,Gran Turismo Costume,PPSA01289,https://sgst.prod.dl.playstation.net/sgst/prod/00/np/PPSA01289_00/0c1789e3-10b1-41eb-8ede-c159db8ef1e7-version.xml,ps5,
UP9000-PPSA01317_00-GRANTURISMO70000,Gran Turismo® 7,PPSA01317,https://sgst.prod.dl.playstation.net/sgst/prod/00/np/PPSA01317_00/f917258f-799b-4ab7-92f7-826fa1aa3b91-version.xml,ps5,game
UP5460-PPSA16602_00-GBVSRGAME0000001,Granblue Fantasy Versus: Rising,PPSA16602,https://sgst.prod.dl.playstation.net/sgst/prod/00/np/PPSA16602_00/1305aebb-b005-4aa2-ac33-e518d664cd2d-version.xml,ps5,game
UP5460-PPSA06954_00-GBRELINK00000001,Granblue Fantasy: Relink,PPSA06954,https://sgst.prod.dl.playstation.net/sgst/prod/00/np/PPSA06954_00/8d5031d8-8f03-4347-a786-e663cc1c8ad0-version.xml,ps5,game
EP5641-PPSA17652_00-GBRELINKDEMO0001,Granblue Fantasy: Relink Demo,PPSA17652,https://sgst.prod.dl.playstation.net/sgst/prod/00/np/PPSA17652_00/786dab96-b4ff-4cf5-998a-085560b2e6ef-version.xml,ps5,
UP1004-PPSA03527_00-GTATHREE00000001,Grand Theft Auto III – The Definitive Edition,PPSA03527,https://sgst.prod.dl.playstation.net/sgst/prod/00/np/PPSA03527_00/8bef1d31-f26a-4865-bd95-fe963f12e45f-version.xml,ps5,game
UP1004-PPSA03420_00-GTAONLINEDIGITAL,Grand Theft Auto V,PPSA03420,https://sgst.prod.dl.playstation.net/sgst/prod/00/np/PPSA03420_00/d3ddd015-128e-4f47-903c-c7ff17e0e0a7-version.xml,ps5,game
EP1004-PPSA01721_00-GTAONLINEDIGITAL,Grand Theft Auto V,PPSA01721,https://sgst.prod.dl.playstation.net/sgst/prod/00/np/PPSA01721_00/781a6103-81b5-49c9-adab-b3e61cb71f5e-version.xml,ps5,
UP1004-PPSA03524_00-GTASANANDREAS001,Grand Theft Auto: San Andreas – The Definitive Edition,PPSA03524,https://sgst.prod.dl.playstation.net/sgst/prod/00/np/PPSA03524_00/aeebc109-dd23-4152-9389-2dd9e580a5ad-version.xml,ps5,game
UP1004-PPSA03530_00-GTAVICECITY00001,Grand Theft Auto: Vice City – The Definitive Edition,PPSA03530,https://sgst.prod.dl.playstation.net/sgst/prod/00/np/PPSA03530_00/1b1ff01c-c1ba-47cd-9292-28e22cb1390c-version.xml,ps5,game
UP8745-PPSA16207_00-SCUS944570000000,Grandia,PPSA16207,https://sgst.prod.dl.playstation.net/sgst/prod/00/np/PPSA16207_00/9ee066c6-4ab1-4e8d-827e-4a593f5e7fd4-version.xml,ps5,game
UP9000-PPSA13496_00-NPUG803210000000,Gravity Crash Portable,PPSA13496,https://sgst.prod.dl.playstation.net/sgst/prod/00/np/PPSA13496_00/136a0e7b-070c-4de5-a7bf-1a5f42c0431f-version.xml,ps5,game
EP4133-PPSA02981_00-GREEDFALL0000000,GreedFall,PPSA02981,https://sgst.prod.dl.playstation.net/sgst/prod/00/np/PPSA02981_00/00da266e-e8c4-45f5-bd82-0de92ee69f63-version.xml,ps5,game
UP4133-PPSA02982_00-GREEDFALL0000000,GreedFall,PPSA02982,https://sgst.prod.dl.playstation.net/sgst/prod/00/np/PPSA02982_00/f53bfead-b371-411b-8b19-952859039da5-version.xml,ps5,game
UP6469-PPSA21628_00-0233386470989011,Green Hell,PPSA21628,https://sgst.prod.dl.playstation.net/sgst/prod/00/np/PPSA21628_00/97f903c4-f921-4ea4-b445-9d8d5476724b-version.xml,ps5,game
UP6312-PPSA15547_00-OGUNQUIT00000000,Grounded,PPSA15547,https://sgst.prod.dl.playstation.net/sgst/prod/00/np/PPSA15547_00/6a7c743c-002e-46f7-8249-34ff57adfb53-version.xml,ps5,game
UP0082-PPSA01748_00-DXM0000000000001,Guardiões da Galáxia da Marvel,PPSA01748,https://sgst.prod.dl.playstation.net/sgst/prod/00/np/PPSA01748_00/895196a7-64c2-4406-9c88-98b77435ff69-version.xml,ps5,game
UP0082-PPSA01748_00-8280915008840219,Guardiões da Galáxia da Marvel - Traje Senhor da Sociedade,PPSA01748,https://sgst.prod.dl.playstation.net/sgst/prod/00/np/PPSA01748_00/895196a7-64c2-4406-9c88-98b77435ff69-version.xml,ps5,game
UP6714-PPSA03683_00-GGSTANDARDSIEA01,Gungrave G.O.R.E,PPSA03683,https://sgst.prod.dl.playstation.net/sgst/prod/00/np/PPSA03683_00/1c2226d0-951d-4fe8-bd8d-f9aeba502cbd-version.xml,ps5,game
UP3643-PPSA06416_00-0795687956391235,Gunmancer Pack,PPSA06416,https://sgst.prod.dl.playstation.net/sgst/prod/00/np/PPSA06416_00/f3c63654-363f-4407-a9b3-f66b1941c001-version.xml,ps5,game
EP1001-PPSA01463_00-00000ONGSIEEDLC2,"Guns, Love, and Tentacles: The Marriage of Wainwright and Hammerlock",PPSA01463,https://sgst.prod.dl.playstation.net/sgst/prod/00/np/PPSA01463_00/4e400b2f-9fec-400c-97ab-307b529adb57-version.xml,ps5,game
UP1001-PPSA01462_00-00000ONGSIEADLC2,"Guns, Love, and Tentacles: The Marriage of Wainwright and Hammerlock",PPSA01462,https://sgst.prod.dl.playstation.net/sgst/prod/00/np/PPSA01462_00/ed616f4d-c5de-47b3-a7ad-68ce8224f91e-version.xml,ps5,game
UP2084-PPSA14510_00-0919021217482040,HBO Max,PPSA14510,https://sgst.prod.dl.playstation.net/sgst/prod/00/np/PPSA14510_00/28147bc1-5cd0-43d1-9022-ccd14d22d313-version.xml,ps5,game
UP9000-PPSA01413_00-TESTAMENT0000000,HELLDIVERS™ 2,PPSA01413,https://sgst.prod.dl.playstation.net/sgst/prod/00/np/PPSA01413_00/7a1432cb-7c80-4dea-be96-247e4b607f44-version.xml,ps5,
UP0700-PPSA15211_00-DBSZ0CHAHOJPACK1,HERO OF JUSTICE Pack,PPSA15211,https://sgst.prod.dl.playstation.net/sgst/prod/00/np/PPSA15211_00/05e60118-9f8a-44b8-b7a4-fdc87f84d79d-version.xml,ps5,
UP4572-PPSA01768_00-HITMANGAME000003,HITMAN 3,PPSA01768,https://sgst.prod.dl.playstation.net/sgst/prod/00/np/PPSA01768_00/a0752bfe-5d19-4cfb-9594-c72bbfb222de-version.xml,ps5,game
EP3969-PPSA01769_00-HITMANGAME000003,HITMAN 3,PPSA01769,https://sgst.prod.dl.playstation.net/sgst/prod/00/np/PPSA01769_00/46ef2f3b-b0ff-41f5-b8dd-f181d6bd4352-version.xml,ps5,game
EP3969-PPSA01769_00-DLC0000000000022,HITMAN 3 - Berlin,PPSA01769,https://sgst.prod.dl.playstation.net/sgst/prod/00/np/PPSA01769_00/46ef2f3b-b0ff-41f5-b8dd-f181d6bd4352-version.xml,ps5,game
EP3969-PPSA01769_00-DLC0000000000025,HITMAN 3 - Carpathian Mountains,PPSA01769,https://sgst.prod.dl.playstation.net/sgst/prod/00/np/PPSA01769_00/46ef2f3b-b0ff-41f5-b8dd-f181d6bd4352-version.xml,ps5,game
EP3969-PPSA01769_00-DLC0000000000023,HITMAN 3 - Chongqing,PPSA01769,https://sgst.prod.dl.playstation.net/sgst/prod/00/np/PPSA01769_00/46ef2f3b-b0ff-41f5-b8dd-f181d6bd4352-version.xml,ps5,game
EP3969-PPSA01769_00-DLC0000000000021,HITMAN 3 - Dartmoor,PPSA01769,https://sgst.prod.dl.playstation.net/sgst/prod/00/np/PPSA01769_00/46ef2f3b-b0ff-41f5-b8dd-f181d6bd4352-version.xml,ps5,game
EP3969-PPSA01769_00-HITMANDELXPACK03,HITMAN 3 - Deluxe Pack,PPSA01769,https://sgst.prod.dl.playstation.net/sgst/prod/00/np/PPSA01769_00/46ef2f3b-b0ff-41f5-b8dd-f181d6bd4352-version.xml,ps5,game
EP3969-PPSA01769_00-DLC0000000000020,HITMAN 3 - Dubai,PPSA01769,https://sgst.prod.dl.playstation.net/sgst/prod/00/np/PPSA01769_00/46ef2f3b-b0ff-41f5-b8dd-f181d6bd4352-version.xml,ps5,game
EP3969-PPSA01769_00-DLC0000000000024,HITMAN 3 - Mendoza,PPSA01769,https://sgst.prod.dl.playstation.net/sgst/prod/00/np/PPSA01769_00/46ef2f3b-b0ff-41f5-b8dd-f181d6bd4352-version.xml,ps5,game
UP4572-PPSA01768_00-0000000000FSPDLC,HITMAN 3 - Starter Pack Content,PPSA01768,https://sgst.prod.dl.playstation.net/sgst/prod/00/np/PPSA01768_00/a0752bfe-5d19-4cfb-9594-c72bbfb222de-version.xml,ps5,game
EP3969-PPSA01769_00-0000000000FSPDLC,HITMAN 3 - Starter Pack Content,PPSA01769,https://sgst.prod.dl.playstation.net/sgst/prod/00/np/PPSA01769_00/46ef2f3b-b0ff-41f5-b8dd-f181d6bd4352-version.xml,ps5,
UP4572-PPSA01768_00-00000H3ELUSIVE07,HITMAN 3 - The Eminem vs. Slim Shady Pack,PPSA01768,https://sgst.prod.dl.playstation.net/sgst/prod/00/np/PPSA01768_00/a0752bfe-5d19-4cfb-9594-c72bbfb222de-version.xml,ps5,game
UP4572-PPSA01768_00-H1LEGACYSTANDARD,HITMAN 3 Access Pass: HITMAN 1 Complete First Season,PPSA01768,https://sgst.prod.dl.playstation.net/sgst/prod/00/np/PPSA01768_00/a0752bfe-5d19-4cfb-9594-c72bbfb222de-version.xml,ps5,game
UP4572-PPSA01768_00-H1LEGACYEXPANSIO,HITMAN 3 Access Pass: HITMAN 1 GOTY Upgrade,PPSA01768,https://sgst.prod.dl.playstation.net/sgst/prod/00/np/PPSA01768_00/a0752bfe-5d19-4cfb-9594-c72bbfb222de-version.xml,ps5,game
UP4572-PPSA01768_00-H2LEGACYEXPANSIO,HITMAN 3 Access Pass: HITMAN 2 Expansion,PPSA01768,https://sgst.prod.dl.playstation.net/sgst/prod/00/np/PPSA01768_00/a0752bfe-5d19-4cfb-9594-c72bbfb222de-version.xml,ps5,game
UP4572-PPSA01768_00-H2LEGACYSTANDARD,HITMAN 3 Access Pass: HITMAN 2 Standard,PPSA01768,https://sgst.prod.dl.playstation.net/sgst/prod/00/np/PPSA01768_00/a0752bfe-5d19-4cfb-9594-c72bbfb222de-version.xml,ps5,game
UP1981-PPSA02324_00-HWUNLEASHEDFGAME,HOT WHEELS UNLEASHED™,PPSA02324,https://sgst.prod.dl.playstation.net/sgst/prod/00/np/PPSA02324_00/052d1f84-d509-4571-8ef4-92c0f4fd6221-version.xml,ps5,game
EP4356-PPSA02325_00-HWUNLEASHEDFGAME,HOT WHEELS UNLEASHED™,PPSA02325,https://sgst.prod.dl.playstation.net/sgst/prod/00/np/PPSA02325_00/2b8186f8-786f-41c0-ad79-8b24439023e2-version.xml,ps5,
UP1981-PPSA15191_00-HWU2TURBOCHARGED,HOT WHEELS UNLEASHED™ 2 - Turbocharged,PPSA15191,https://sgst.prod.dl.playstation.net/sgst/prod/00/np/PPSA15191_00/18f2e5af-ff6f-4f2f-9bad-6ea5815d938b-version.xml,ps5,game
UP0751-PPSA03771_00-HUMANITYGAME0001,HUMANITY,PPSA03771,https://sgst.prod.dl.playstation.net/sgst/prod/00/np/PPSA03771_00/b66e5da0-a800-411b-8e05-f2c8eebc86cc-version.xml,ps5,game
UP2125-PPSA03355_00-3466019145463410,Hades,PPSA03355,https://sgst.prod.dl.playstation.net/sgst/prod/00/np/PPSA03355_00/c6d4e339-8272-4eb7-86ec-8c5fb9b4ef24-version.xml,ps5,
EP3334-PPSA21912_00-0938568733995969,Hajwala 2,PPSA21912,https://sgst.prod.dl.playstation.net/sgst/prod/00/np/PPSA21912_00/79b75986-aa69-484d-a40b-2cc882911262-version.xml,ps5,game
EP0082-PPSA04988_00-PWSHLW0000000001,Halloween 2024 Seasonal Special,PPSA04988,https://sgst.prod.dl.playstation.net/sgst/prod/00/np/PPSA04988_00/ebc690a4-34de-4ee1-8e6f-7f39676fc297-version.xml,ps5,game
UP2565-PPSA06775_00-CESD66099C110000,Halloween Interior Pack,PPSA06775,https://sgst.prod.dl.playstation.net/sgst/prod/00/np/PPSA06775_00/91c220ac-08cb-4fb2-8566-7fdbfdcf5012-version.xml,ps5,
UP2565-PPSA06775_00-CESD66099C100000,Halloween Skins Pack,PPSA06775,https://sgst.prod.dl.playstation.net/sgst/prod/00/np/PPSA06775_00/91c220ac-08cb-4fb2-8566-7fdbfdcf5012-version.xml,ps5,
UP0006-PPSA06093_00-WRCHARDCHARGERS0,Hard Chargers,PPSA06093,https://sgst.prod.dl.playstation.net/sgst/prod/00/np/PPSA06093_00/29a305d2-2634-41f0-ae27-adcf1d4551bf-version.xml,ps5,game
UP4133-PPSA07301_00-HARDSPACESHIPBRK,Hardspace: Shipbreaker,PPSA07301,https://sgst.prod.dl.playstation.net/sgst/prod/00/np/PPSA07301_00/677fe944-099b-4a37-801b-24655ff0fc50-version.xml,ps5,game
UP1023-PPSA08001_00-SLUS011150000000,Harvest Moon: Back to Nature,PPSA08001,https://sgst.prod.dl.playstation.net/sgst/prod/00/np/PPSA08001_00/1634e2e4-7f4b-4b13-9ddf-41820fcf20aa-version.xml,ps5,game
UP0774-PPSA01561_00-0153114161082772,Haven,PPSA01561,https://sgst.prod.dl.playstation.net/sgst/prod/00/np/PPSA01561_00/e01eaa8b-3986-4f2e-ba0a-c2a2e68c8129-version.xml,ps5,game
EP0896-PPSA10724_00-RAGAMHEADBANGERS,Headbangers in Holiday Hell,PPSA10724,https://sgst.prod.dl.playstation.net/sgst/prod/00/np/PPSA10724_00/2fa6a6c2-6659-4a49-af2d-a8eb7077859b-version.xml,ps5,game
UP8006-PPSA04246_00-8686193781203235,Heavenly Bodies,PPSA04246,https://sgst.prod.dl.playstation.net/sgst/prod/00/np/PPSA04246_00/e86a3451-03bc-4832-ad12-1f966d77da0c-version.xml,ps5,game
EP8198-PPSA02575_00-6092745508330153,Heavenly Bodies,PPSA02575,https://sgst.prod.dl.playstation.net/sgst/prod/00/np/PPSA02575_00/66829f88-fe88-4a0e-bf79-0d61e2c3b3f8-version.xml,ps5,
UP4064-PPSA02422_00-1775940659903345,Hell Let Loose,PPSA02422,https://sgst.prod.dl.playstation.net/sgst/prod/00/np/PPSA02422_00/71d6d997-1d20-4466-a0ee-b1f622e88ac0-version.xml,ps5,game
HP4064-PPSA05035_00-5593710445455922,Hell Let Loose,PPSA05035,https://sgst.prod.dl.playstation.net/sgst/prod/00/np/PPSA05035_00/9140c095-1aa1-4c20-a2f0-d00e57e96bf7-version.xml,ps5,
UP0097-PPSA07425_00-2395303223172491,Hello Neighbor 2,PPSA07425,https://sgst.prod.dl.playstation.net/sgst/prod/00/np/PPSA07425_00/9f7cb9aa-821f-4c38-ae0f-70e414c114bf-version.xml,ps5,game
EP0096-PPSA07426_00-2365742178691030,Hello Neighbor 2,PPSA07426,https://sgst.prod.dl.playstation.net/sgst/prod/00/np/PPSA07426_00/82085486-375d-4427-bd2a-36fc64407775-version.xml,ps5,game
EP1018-PPSA01619_00-DLC6KPEXCLSVSKIN,Hellspawn Jacqui,PPSA01619,https://sgst.prod.dl.playstation.net/sgst/prod/00/np/PPSA01619_00/d13316b3-ee9c-4082-bc86-f8a38f4c1278-version.xml,ps5,game
EP2005-PPSA03566_00-HNTVSEVL00000000,Hentai vs. Evil,PPSA03566,https://sgst.prod.dl.playstation.net/sgst/prod/00/np/PPSA03566_00/c15304f9-2b11-4a0c-89f0-ac6c742f495f-version.xml,ps5,game
UP1082-PPSA14390_00-SLUS002980000000,Herc's Adventures,PPSA14390,https://sgst.prod.dl.playstation.net/sgst/prod/00/np/PPSA14390_00/e7281d36-678b-4b80-abc3-ec5f09b0b682-version.xml,ps5,game
UP2047-PPSA02813_00-SRDLC0000010SIEA,Hexy Halloween Pack,PPSA02813,https://sgst.prod.dl.playstation.net/sgst/prod/00/np/PPSA02813_00/27cb3e53-2732-4f5b-a909-b12f18009395-version.xml,ps5,
EP1003-PPSA17169_00-HIFIRUSH00000000,Hi-Fi RUSH,PPSA17169,https://sgst.prod.dl.playstation.net/sgst/prod/00/np/PPSA17169_00/ef757254-e986-47b5-81ef-3360e1b4061e-version.xml,ps5,game
UP1003-PPSA17168_00-HIFIRUSH00000000,Hi-Fi RUSH,PPSA17168,https://sgst.prod.dl.playstation.net/sgst/prod/00/np/PPSA17168_00/65d7817d-0448-4842-9701-cddc398fb4dc-version.xml,ps5,
UP1003-PPSA17168_00-HFRDEPACK0000000,Hi-Fi Rush Deluxe Edition Pack,PPSA17168,https://sgst.prod.dl.playstation.net/sgst/prod/00/np/PPSA17168_00/65d7817d-0448-4842-9701-cddc398fb4dc-version.xml,ps5,
EP6985-PPSA21362_00-0023723522959765,Hidden Cats in Paris,PPSA21362,https://sgst.prod.dl.playstation.net/sgst/prod/00/np/PPSA21362_00/633004f9-c589-413d-b1a8-39060416aad3-version.xml,ps5,game
EP6985-PPSA10651_00-5440569725236002,Hidden Paws,PPSA10651,https://sgst.prod.dl.playstation.net/sgst/prod/00/np/PPSA10651_00/02f2b7fd-ecae-4d3f-a21c-de5a51c6f537-version.xml,ps5,game
EP4133-PPSA04929_00-SNOWRUNNERDLC002,High Roller Pack,PPSA04929,https://sgst.prod.dl.playstation.net/sgst/prod/00/np/PPSA04929_00/9137f441-337a-4612-a625-5f3826d97fc5-version.xml,ps5,game
UP3024-PPSA15388_00-OREGONGAMESIEA00,High on Life,PPSA15388,https://sgst.prod.dl.playstation.net/sgst/prod/00/np/PPSA15388_00/ec33a7e6-12b8-472f-8872-7d25338ec847-version.xml,ps5,game
UP1018-PPSA01593_00-HOGWARTSLEGACY01,Hogwarts Legacy,PPSA01593,https://sgst.prod.dl.playstation.net/sgst/prod/00/np/PPSA01593_00/ca257156-4764-4ab0-b54e-b16f7cfb90c1-version.xml,ps5,game
UP1018-PPSA01593_00-STOR07ALLP00R0VO,Hogwarts Legacy: Dark Arts Garrison Hat,PPSA01593,https://sgst.prod.dl.playstation.net/sgst/prod/00/np/PPSA01593_00/ca257156-4764-4ab0-b54e-b16f7cfb90c1-version.xml,ps5,
UP1018-PPSA01593_00-STOR01ALLP00R0VP,Hogwarts Legacy: Dark Arts Pack,PPSA01593,https://sgst.prod.dl.playstation.net/sgst/prod/00/np/PPSA01593_00/ca257156-4764-4ab0-b54e-b16f7cfb90c1-version.xml,ps5,
UP1018-PPSA01593_00-STOR03SONY00P0HD,Hogwarts Legacy: Missão da Loja Assombrada de Hogsmeade,PPSA01593,https://sgst.prod.dl.playstation.net/sgst/prod/00/np/PPSA01593_00/ca257156-4764-4ab0-b54e-b16f7cfb90c1-version.xml,ps5,game
UP1018-PPSA01593_00-PREO01ALLP00R0HD,Hogwarts Legacy: Onyx Hippogriff Mount,PPSA01593,https://sgst.prod.dl.playstation.net/sgst/prod/00/np/PPSA01593_00/ca257156-4764-4ab0-b54e-b16f7cfb90c1-version.xml,ps5,
UP1822-PPSA34970_00-HOLLOWKNIGHTPS50,Hollow Knight: Voidheart Edition,PPSA34970,https://sgst.prod.dl.playstation.net/sgst/prod/00/np/PPSA34970_00/83e7a43d-bf11-4e35-b964-8a91af4379f8-version.xml,ps5,game
UP6322-PPSA18605_00-ADDCONT00000DLC1,Home Invasion,PPSA18605,https://sgst.prod.dl.playstation.net/sgst/prod/00/np/PPSA18605_00/75dbd221-8368-4199-bc17-797469e11d02-version.xml,ps5,game
UP4133-PPSA02170_00-00000000HOODGAME,Hood: Outlaws & Legends,PPSA02170,https://sgst.prod.dl.playstation.net/sgst/prod/00/np/PPSA02170_00/566eeec6-2af6-478d-9c76-2215a2a615c5-version.xml,ps5,game
EP4133-PPSA02169_00-00000000HOODGAME,Hood: Outlaws & Legends,PPSA02169,https://sgst.prod.dl.playstation.net/sgst/prod/00/np/PPSA02169_00/f41235fc-7536-4334-9671-1e5550d38376-version.xml,ps5,
UP9000-PPSA09555_00-HZVRCALLMOUNTAIN,Horizon Call of the Mountain,PPSA09555,https://sgst.prod.dl.playstation.net/sgst/prod/00/np/PPSA09555_00/c64bf3ff-1336-4f94-a7b1-ffc5c03a9fed-version.xml,ps5,game
UP9000-PPSA04072_00-FORBIDDENWESTPS5,Horizon Forbidden West,PPSA04072,https://sgst.prod.dl.playstation.net/sgst/prod/00/np/PPSA04072_00/d64e9abd-1638-4630-960d-23efd5ca528f-version.xml,ps5,game
EP9000-PPSA01521_00-FORBIDDENWESTPS5,Horizon Forbidden West,PPSA01521,https://sgst.prod.dl.playstation.net/sgst/prod/00/np/PPSA01521_00/c841232e-bd8c-47f5-8cd3-80ac756ec401-version.xml,ps5,game
JP9000-PPSA04073_00-FORBIDDENWESTPS5,Horizon Forbidden West,PPSA04073,https://sgst.prod.dl.playstation.net/sgst/prod/00/np/PPSA04073_00/e85b6136-fc83-4260-bcc9-cbd77e294d18-version.xml,ps5,
EP9000-PPSA03942_00-HFWSOUNDTRACKPS5,Horizon Forbidden West Banda sonora digital,PPSA03942,https://sgst.prod.dl.playstation.net/sgst/prod/00/np/PPSA03942_00/020a9516-60b8-44e5-a2bc-d1d4077e3836-version.xml,ps5,
UP9000-PPSA04096_00-HFWDIGITALADDONS,Horizon Forbidden West Digital Deluxe Content,PPSA04096,https://sgst.prod.dl.playstation.net/sgst/prod/00/np/PPSA04096_00/83b8d632-5bee-4335-80f4-a2ff1a8f80d0-version.xml,ps5,game
UP9000-PPSA04072_00-BURNINGSHORESPS5,Horizon Forbidden West: Burning Shores,PPSA04072,https://sgst.prod.dl.playstation.net/sgst/prod/00/np/PPSA04072_00/d64e9abd-1638-4630-960d-23efd5ca528f-version.xml,ps5,game
EP9000-PPSA24690_00-0000000000000000,Horizon Zero Dawn™ Artbook,PPSA24690,https://sgst.prod.dl.playstation.net/sgst/prod/00/np/PPSA24690_00/7cabb2b4-dc0f-4f7b-8863-37d481f6fda2-version.xml,ps5,
UP9000-PPSA13428_00-HORIZONREMASTER1,Horizon Zero Dawn™ Remastered,PPSA13428,https://sgst.prod.dl.playstation.net/sgst/prod/00/np/PPSA13428_00/b5c7d208-6c6c-4f4a-9c2f-9e89647dca0c-version.xml,ps5,
UP9000-PPSA06346_00-SCUS941880000000,Hot Shots Golf,PPSA06346,https://sgst.prod.dl.playstation.net/sgst/prod/00/np/PPSA06346_00/76ed7180-b33f-472a-b474-c37a67f12387-version.xml,ps5,game
UP9000-PPSA06699_00-SCUS944760000000,Hot Shots Golf 2,PPSA06699,https://sgst.prod.dl.playstation.net/sgst/prod/00/np/PPSA06699_00/1b5a5c5d-9ff6-458b-bb84-60b448e8591b-version.xml,ps5,game
EP6470-PPSA09092_00-HOTTENTACLESSHOO,Hot Tentacles Shooter,PPSA09092,https://sgst.prod.dl.playstation.net/sgst/prod/00/np/PPSA09092_00/5d1c82fb-fe5f-4fca-9bf6-96bf3269091d-version.xml,ps5,game
EP6665-PPSA07388_00-HLRS000000000000,Hotel Life: A Resort Simulator,PPSA07388,https://sgst.prod.dl.playstation.net/sgst/prod/00/np/PPSA07388_00/90d3a329-aa0b-428c-b735-82b8fdfc75c8-version.xml,ps5,game
EP4133-PPSA13720_00-HOTELRENOVATOR00,Hotel Renovator,PPSA13720,https://sgst.prod.dl.playstation.net/sgst/prod/00/np/PPSA13720_00/d68fcdc8-e841-470f-896f-b4d34042aad2-version.xml,ps5,game
UP3824-PPSA05045_00-0455247049774329,Hotel Transilvania Histórias para não dormir,PPSA05045,https://sgst.prod.dl.playstation.net/sgst/prod/00/np/PPSA05045_00/12f3bc78-697a-4f57-aa9d-d7c6741a35f2-version.xml,ps5,game
UP3643-PPSA09682_00-000HOTLINEMIAMI1,Hotline Miami,PPSA09682,https://sgst.prod.dl.playstation.net/sgst/prod/00/np/PPSA09682_00/a5db614a-cb36-42ec-885c-b5a41eaae725-version.xml,ps5,game
UP3643-PPSA11355_00-000HOTLINEMIAMI2,Hotline Miami 2: Wrong Number,PPSA11355,https://sgst.prod.dl.playstation.net/sgst/prod/00/np/PPSA11355_00/8b10f71a-5a24-4d75-8f4b-fb7aa15452d9-version.xml,ps5,game
UP5167-PPSA11332_00-HOUSEFLIPPER02US,House Flipper 2,PPSA11332,https://sgst.prod.dl.playstation.net/sgst/prod/00/np/PPSA11332_00/b3ddd963-b2c8-406c-9388-2f49af811b03-version.xml,ps5,game
UP4395-PPSA02431_00-HFFGAME000000PS5,Human Fall Flat,PPSA02431,https://sgst.prod.dl.playstation.net/sgst/prod/00/np/PPSA02431_00/2dcadcea-50f3-4bac-b7c3-3d7317876068-version.xml,ps5,game
EP4395-PPSA02429_00-HFFGAME000000PS5,Human Fall Flat,PPSA02429,https://sgst.prod.dl.playstation.net/sgst/prod/00/np/PPSA02429_00/8c970549-4ffe-4312-9ca1-acabb5f67a86-version.xml,ps5,game
UP0177-PPSA06380_00-HUMANKINDNA00000,Humankind,PPSA06380,https://sgst.prod.dl.playstation.net/sgst/prod/00/np/PPSA06380_00/aac6026a-1e38-461d-8d9a-837fa221c0a8-version.xml,ps5,game
UP3181-PPSA06576_00-1247449635969595,HundredDays - Winemaking Simulator,PPSA06576,https://sgst.prod.dl.playstation.net/sgst/prod/00/np/PPSA06576_00/36d811be-498a-4704-9aef-b5cf9d77742c-version.xml,ps5,game
UP8074-PPSA02691_00-3574855487637021,Hunter's Arena: Legends,PPSA02691,https://sgst.prod.dl.playstation.net/sgst/prod/00/np/PPSA02691_00/bc19b0c2-02ae-4fde-b2e9-59d17f784cf2-version.xml,ps5,game
UP2470-PPSA02616_00-IAMDEADSIEA00000,I Am Dead,PPSA02616,https://sgst.prod.dl.playstation.net/sgst/prod/00/np/PPSA02616_00/6adad401-9f52-44ec-95f5-c2c4f98903bf-version.xml,ps5,game
EP0917-PPSA28836_00-NIHNMAIMSPS5SIEE,"I Have No Mouth, and I Must Scream",PPSA28836,https://sgst.prod.dl.playstation.net/sgst/prod/00/np/PPSA28836_00/7579cfae-e9cd-4f14-8e73-67563608944f-version.xml,ps5,game
EP6694-PPSA16100_00-ILLKILLHER0PS5EU,I'LL KILL HER,PPSA16100,https://sgst.prod.dl.playstation.net/sgst/prod/00/np/PPSA16100_00/2bbd5331-9965-449c-a4e8-fe92b244ba84-version.xml,ps5,game
UP9000-PPSA06355_00-SCUS941810000000,I.Q Intelligent Qube,PPSA06355,https://sgst.prod.dl.playstation.net/sgst/prod/00/np/PPSA06355_00/ae0430a3-113e-45cd-985e-ea08ff094333-version.xml,ps5,game
JP0720-PPSA23712_00-INZMDEMO00000000,"INAZUMA ELEVEN: Victory Road Version de démonstration ""Gravez la marque de l'Inazuma sur le monde entier !""",PPSA23712,https://sgst.prod.dl.playstation.net/sgst/prod/00/np/PPSA23712_00/3347d03d-5822-461e-b029-6b2666097bc7-version.xml,ps5,game
UP6312-PPSA18653_00-0864227990582463,Immortal Pillars,PPSA18653,https://sgst.prod.dl.playstation.net/sgst/prod/00/np/PPSA18653_00/974334bd-776e-4ecd-a271-c0021cfb48e9-version.xml,ps5,game
UP0001-PPSA01507_00-GAME000000000000,Immortals Fenyx Rising ™,PPSA01507,https://sgst.prod.dl.playstation.net/sgst/prod/00/np/PPSA01507_00/d5aee0f2-2969-4176-92c5-3318e080a93d-version.xml,ps5,game
EP0001-PPSA02587_00-DEMO000000000000,Immortals Fenyx Rising ™ - Demo,PPSA02587,https://sgst.prod.dl.playstation.net/sgst/prod/00/np/PPSA02587_00/075c98fe-2516-4671-a6b3-73377c601df9-version.xml,ps5,
UP0006-PPSA08236_00-ARTEMISGAME00000,Immortals of Aveum,PPSA08236,https://sgst.prod.dl.playstation.net/sgst/prod/00/np/PPSA08236_00/291b1a74-1e16-49ac-b1f0-dbecde131227-version.xml,ps5,game
UP9000-PPSA04072_00-PS5INGAMEADDONS0,In-Game Bonus Content,PPSA04072,https://sgst.prod.dl.playstation.net/sgst/prod/00/np/PPSA04072_00/d64e9abd-1638-4630-960d-23efd5ca528f-version.xml,ps5,game
UP1082-PPSA14388_00-SLUS218850000000,Indiana Jones and the Staff of Kings,PPSA14388,https://sgst.prod.dl.playstation.net/sgst/prod/00/np/PPSA14388_00/653f4e62-9f47-4797-8fd6-b5f2dcd9372e-version.xml,ps5,game
EP0822-PPSA06605_00-INDUSTRIA00PS5EU,Industria,PPSA06605,https://sgst.prod.dl.playstation.net/sgst/prod/00/np/PPSA06605_00/d35a4430-e716-4ff8-8620-1ffc83f2b222-version.xml,ps5,game
HB0901-PPSA26357_00-PRODUCTIONGLOBAL,Infinity Nikki,PPSA26357,https://sgst.prod.dl.playstation.net/sgst/prod/00/np/PPSA26357_00/697cffae-620b-4a8a-8791-1cc7b8cb438f-version.xml,ps5,game
EP5733-PPSA02689_00-INFLICTIONPS4000,Infliction: Extended Cut,PPSA02689,https://sgst.prod.dl.playstation.net/sgst/prod/00/np/PPSA02689_00/08e7d308-a732-410a-8003-6a0f5d608798-version.xml,ps5,game
UP3643-PPSA07022_00-3600510866394395,Inscryption,PPSA07022,https://sgst.prod.dl.playstation.net/sgst/prod/00/np/PPSA07022_00/259ec9d6-6777-41ca-a8c2-a50d41e5d05a-version.xml,ps5,game
EP3643-PPSA07023_00-4852126409539921,Inscryption,PPSA07023,https://sgst.prod.dl.playstation.net/sgst/prod/00/np/PPSA07023_00/21ece61d-e50d-4b86-a05e-28ac45b3fbc2-version.xml,ps5,game
UP1676-PPSA03555_00-1301412530951884,Isonzo,PPSA03555,https://sgst.prod.dl.playstation.net/sgst/prod/00/np/PPSA03555_00/2101d0df-affd-462d-84d4-9209b128f22c-version.xml,ps5,game
UP0006-PPSA02342_00-NUTSNA0000000000,It Takes Two,PPSA02342,https://sgst.prod.dl.playstation.net/sgst/prod/00/np/PPSA02342_00/8dbfdacd-c4ba-46d1-84a0-954a14e3a1cb-version.xml,ps5,game
EP0006-PPSA02343_00-NUTSEU0000000000,It Takes Two,PPSA02343,https://sgst.prod.dl.playstation.net/sgst/prod/00/np/PPSA02343_00/b437c912-d234-49fa-8321-ec699a103e05-version.xml,ps5,game
EP0006-PPSA02423_00-NUTSEUFP00000000,It Takes Two,PPSA02423,https://sgst.prod.dl.playstation.net/sgst/prod/00/np/PPSA02423_00/99a85818-87ac-44f8-afaa-c107b17e7101-version.xml,ps5,game
UP2342-PPSA01753_00-2100804420985416,JETT: The Far Shore + Given Time,PPSA01753,https://sgst.prod.dl.playstation.net/sgst/prod/00/np/PPSA01753_00/8b4251cd-3381-4cc6-9c06-874b920655a8-version.xml,ps5,game
UB0928-PPSA25752_00-0719800200047080,JIGSAW CHRONICLES: Heroes of Legend,PPSA25752,https://sgst.prod.dl.playstation.net/sgst/prod/00/np/PPSA25752_00/d7548c23-5358-4bf8-bcbb-4f42f4b1d9a5-version.xml,ps5,
UP2139-PPSA21821_00-JBGNAUGHTYPAKPS5,Jackbox Naughty Pack,PPSA21821,https://sgst.prod.dl.playstation.net/sgst/prod/00/np/PPSA21821_00/2c1431d1-7aad-434b-a502-f88ab176ea42-version.xml,ps5,game
UP9000-PPSA14325_00-NPUG803300000000,Jak and Daxter: The Lost Frontier,PPSA14325,https://sgst.prod.dl.playstation.net/sgst/prod/00/np/PPSA14325_00/7559a19d-81d5-432d-9989-ab7befee3b72-version.xml,ps5,game
UP9000-PPSA20928_00-SCUS971240000000,Jak and Daxter: The Precursor Legacy,PPSA20928,https://sgst.prod.dl.playstation.net/sgst/prod/00/np/PPSA20928_00/47d83afa-0f6f-492e-8c98-365f60feb451-version.xml,ps5,game
UP6312-PPSA18653_00-0361548255511651,Japan Expansion,PPSA18653,https://sgst.prod.dl.playstation.net/sgst/prod/00/np/PPSA18653_00/974334bd-776e-4ecd-a271-c0021cfb48e9-version.xml,ps5,game
UP9000-PPSA13995_00-UCUS987000000000,Jeanne d'Arc,PPSA13995,https://sgst.prod.dl.playstation.net/sgst/prod/00/np/PPSA13995_00/4817897e-24eb-4813-ac2a-d5d84530fe4c-version.xml,ps5,game
UP9000-PPSA01289_00-SABATINTJELLY001,Jellybean Costume Paint Pack,PPSA01289,https://sgst.prod.dl.playstation.net/sgst/prod/00/np/PPSA01289_00/0c1789e3-10b1-41eb-8ede-c159db8ef1e7-version.xml,ps5,
UP9000-PPSA16535_00-SCUS943090000000,Jet Moto,PPSA16535,https://sgst.prod.dl.playstation.net/sgst/prod/00/np/PPSA16535_00/0eb2e16b-d0d0-45ca-a032-2ec16e92d9de-version.xml,ps5,game
UP9000-PPSA17995_00-SCES010450000000,Jet Moto 2,PPSA17995,https://sgst.prod.dl.playstation.net/sgst/prod/00/np/PPSA17995_00/433528f1-c4c7-4361-bc4b-5d299fd1af58-version.xml,ps5,game
UP0700-PPSA04220_00-JASBRMAINGAME000,JoJo's Bizarre Adventure: All-Star Battle R,PPSA04220,https://sgst.prod.dl.playstation.net/sgst/prod/00/np/PPSA04220_00/9c27ab41-fbbd-4396-bb3b-1c2e6df09bd5-version.xml,ps5,game
EP0500-PPSA10147_00-3860245627444048,Job Simulator,PPSA10147,https://sgst.prod.dl.playstation.net/sgst/prod/00/np/PPSA10147_00/4f1a4549-59c2-4f79-9b23-5ddbb782e909-version.xml,ps5,game
UP1018-PPSA07570_00-JOHNNYJCVDSKIN00,JohnnyCage JCVD Skin,PPSA07570,https://sgst.prod.dl.playstation.net/sgst/prod/00/np/PPSA07570_00/47d67988-0c82-41cf-b8c6-6ab8640efa8d-version.xml,ps5,
UP4040-PPSA10021_00-JTTSPEMPLOYEEPS5,Journey to the Savage Planet,PPSA10021,https://sgst.prod.dl.playstation.net/sgst/prod/00/np/PPSA10021_00/d4acd93f-23c8-4604-8777-4afb706fee4c-version.xml,ps5,game
UP0177-PPSA02739_00-JUDGMENTRYUGAENG,Judgment,PPSA02739,https://sgst.prod.dl.playstation.net/sgst/prod/00/np/PPSA02739_00/66b72392-d428-45de-bb48-ba66b31496fe-version.xml,ps5,game
UP9000-PPSA06358_00-SCUS941030000000,Jumping Flash!,PPSA06358,https://sgst.prod.dl.playstation.net/sgst/prod/00/np/PPSA06358_00/e7fe175e-5200-45b9-be82-38edccd41098-version.xml,ps5,game
UP2680-PPSA10064_00-XXXXXXXXXXXXXXXX,Jurassic World Aftermath Collection,PPSA10064,https://sgst.prod.dl.playstation.net/sgst/prod/00/np/PPSA10064_00/ab7c3037-3309-476a-9d87-21fdbd75cb26-version.xml,ps5,game
UP2514-PPSA03287_00-JWEVOLUTION2AAAA,Jurassic World Evolution 2,PPSA03287,https://sgst.prod.dl.playstation.net/sgst/prod/00/np/PPSA03287_00/4982b814-ac8a-4e4c-b646-d7c7ed1d5d4f-version.xml,ps5,game
UP5898-PPSA10263_00-4289150323068456,Jusant,PPSA10263,https://sgst.prod.dl.playstation.net/sgst/prod/00/np/PPSA10263_00/8f381a9d-5195-4baf-84a3-50f01a6b1577-version.xml,ps5,game
UP0001-PPSA07252_00-JDNEXTPS5SIEA000,Just Dance®,PPSA07252,https://sgst.prod.dl.playstation.net/sgst/prod/00/np/PPSA07252_00/f4a74784-0a3a-477e-9976-a9bae758a9e2-version.xml,ps5,game
UP1477-PPSA05786_00-KIDAMNESIA000000,KID A MNESIA EXHIBITION,PPSA05786,https://sgst.prod.dl.playstation.net/sgst/prod/00/np/PPSA05786_00/f136d92b-323f-4448-800b-fbd2a8a281e7-version.xml,ps5,
UP0700-PPSA04796_00-KLONOA12ENCORE00,KLONOA Phantasy Reverie Series,PPSA04796,https://sgst.prod.dl.playstation.net/sgst/prod/00/np/PPSA04796_00/473127dc-1590-47f5-a0f5-7d8c275bfa3b-version.xml,ps5,game
UP0576-PPSA02213_00-KOF15USDLCCOSLEO,"KOF XV DLC Costume ""CLASSIC LEONA""",PPSA02213,https://sgst.prod.dl.playstation.net/sgst/prod/00/np/PPSA02213_00/fcb57da2-15ee-4cc9-8723-be44442f9813-version.xml,ps5,game
JP0177-PPSA24478_00-KIRYUCOORDINATE0,Kazuma Kiryu Special Outfit,PPSA24478,https://sgst.prod.dl.playstation.net/sgst/prod/00/np/PPSA24478_00/65dcb7b4-910f-4486-a17b-020d02cfca1c-version.xml,ps5,game
UP4364-PPSA01746_00-KENA000000000005,Kena: Bridge of Spirits,PPSA01746,https://sgst.prod.dl.playstation.net/sgst/prod/00/np/PPSA01746_00/a084ed9d-3202-43ce-b9ed-ed4dd738e3ca-version.xml,ps5,game
EP4609-PPSA01802_00-KENAEUDRS0000005,Kena: Bridge of Spirits Digital Deluxe Content,PPSA01802,https://sgst.prod.dl.playstation.net/sgst/prod/00/np/PPSA01802_00/3c2a9535-c29b-4eae-ad20-152597d77949-version.xml,ps5,game
EP4609-PPSA01802_00-KENAEUPH00000005,Kena: Bridge of Spirits Pre-Order Content,PPSA01802,https://sgst.prod.dl.playstation.net/sgst/prod/00/np/PPSA01802_00/3c2a9535-c29b-4eae-ad20-152597d77949-version.xml,ps5,game
UP2660-PPSA02210_00-KEYWEFULLGAME001,KeyWe,PPSA02210,https://sgst.prod.dl.playstation.net/sgst/prod/00/np/PPSA02210_00/22715fb3-f0c1-4425-a6b3-3f0316a6a797-version.xml,ps5,game
UP0604-PPSA23172_00-0921612260447096,Keylocker,PPSA23172,https://sgst.prod.dl.playstation.net/sgst/prod/00/np/PPSA23172_00/13a3b313-7705-443b-a541-78b0dd29e5f8-version.xml,ps5,game
UP1018-PPSA07570_00-KRBUNDLE00000000,Khaos Reigns Bundle,PPSA07570,https://sgst.prod.dl.playstation.net/sgst/prod/00/np/PPSA07570_00/47d67988-0c82-41cf-b8c6-6ab8640efa8d-version.xml,ps5,
UP1018-PPSA07570_00-KRMOVIE4K0000000,Khaos Reigns Story,PPSA07570,https://sgst.prod.dl.playstation.net/sgst/prod/00/np/PPSA07570_00/47d67988-0c82-41cf-b8c6-6ab8640efa8d-version.xml,ps5,
UP0097-PPSA08717_00-3745758618311010,Kill It With Fire VR,PPSA08717,https://sgst.prod.dl.playstation.net/sgst/prod/00/np/PPSA08717_00/eac89e84-815f-459b-a052-bb084ff8c6d1-version.xml,ps5,game
UP4064-PPSA09523_00-KILLERFREQUENCY0,Killer Frequency,PPSA09523,https://sgst.prod.dl.playstation.net/sgst/prod/00/np/PPSA09523_00/a648ef1a-b3bf-4ce6-bc34-1a99d5e31c99-version.xml,ps5,game
UP3095-PPSA18743_00-KILLERKLOWNS0001,Killer Klowns From Outer Space: The Game,PPSA18743,https://sgst.prod.dl.playstation.net/sgst/prod/00/np/PPSA18743_00/9b4c02a7-1c47-4bc3-87a6-85cccfcccc59-version.xml,ps5,
EP0114-PPSA08427_00-KF3GAME000000001,Killing Floor 3,PPSA08427,https://sgst.prod.dl.playstation.net/sgst/prod/00/np/PPSA08427_00/8fe56c3c-c81e-4654-9dd3-a4f7a4dd8da1-version.xml,ps5,game
UP9000-PPSA11141_00-UCUS986460000000,Killzone: Liberation,PPSA11141,https://sgst.prod.dl.playstation.net/sgst/prod/00/np/PPSA11141_00/f72bef52-48d4-458b-ad75-28203c159234-version.xml,ps5,game
EP4062-PPSA28784_00-0262533748719750,Kingdom Come: Deliverance,PPSA28784,https://sgst.prod.dl.playstation.net/sgst/prod/00/np/PPSA28784_00/a7202f0b-b0d6-4326-bf78-02bf76ef3470-version.xml,ps5,game
UP2047-PPSA21705_00-KCD2MAINGAMEDSUS,Kingdom Come: Deliverance II,PPSA21705,https://sgst.prod.dl.playstation.net/sgst/prod/00/np/PPSA21705_00/4fb74713-72ad-4a62-9272-d2807a875a00-version.xml,ps5,
UP2047-PPSA21705_00-KCD2DLC01BRUSHES,Kingdom Come: Deliverance II - Brushes with Death,PPSA21705,https://sgst.prod.dl.playstation.net/sgst/prod/00/np/PPSA21705_00/4fb74713-72ad-4a62-9272-d2807a875a00-version.xml,ps5,
UP2047-PPSA21705_00-KCD2DLCEXPANSION,Kingdom Come: Deliverance II - Expansion Pass,PPSA21705,https://sgst.prod.dl.playstation.net/sgst/prod/00/np/PPSA21705_00/4fb74713-72ad-4a62-9272-d2807a875a00-version.xml,ps5,
UP2047-PPSA21705_00-KCD2DLC00GAHUKIT,Kingdom Come: Deliverance II - Gallant Huntsman's Kit,PPSA21705,https://sgst.prod.dl.playstation.net/sgst/prod/00/np/PPSA21705_00/4fb74713-72ad-4a62-9272-d2807a875a00-version.xml,ps5,
UP2047-PPSA21705_00-KCD2DLC02LEFORGE,Kingdom Come: Deliverance II - Legacy of the Forge,PPSA21705,https://sgst.prod.dl.playstation.net/sgst/prod/00/np/PPSA21705_00/4fb74713-72ad-4a62-9272-d2807a875a00-version.xml,ps5,
UP2047-PPSA21705_00-KCD2DLC00SHLDOFS,Kingdom Come: Deliverance II - Shields of Seasons Passing,PPSA21705,https://sgst.prod.dl.playstation.net/sgst/prod/00/np/PPSA21705_00/4fb74713-72ad-4a62-9272-d2807a875a00-version.xml,ps5,
UP2047-PPSA21705_00-KCD2DLC00TLIONCR,Kingdom Come: Deliverance II - The Lion's Crest,PPSA21705,https://sgst.prod.dl.playstation.net/sgst/prod/00/np/PPSA21705_00/4fb74713-72ad-4a62-9272-d2807a875a00-version.xml,ps5,
UP9000-PPSA07536_00-UCUS986230000000,Kingdom of Paradise,PPSA07536,https://sgst.prod.dl.playstation.net/sgst/prod/00/np/PPSA07536_00/98ede5f9-fd5b-496b-90fd-158639d572fb-version.xml,ps5,game
EP1018-PPSA01619_00-DLC2SKINPACK0000,Klassic Arcade Fighter Pack,PPSA01619,https://sgst.prod.dl.playstation.net/sgst/prod/00/np/PPSA01619_00/d13316b3-ee9c-4082-bc86-f8a38f4c1278-version.xml,ps5,game
EP1018-PPSA01619_00-KLASSICNINJAS000,Klassic Arcade Ninja Skin Pack,PPSA01619,https://sgst.prod.dl.playstation.net/sgst/prod/00/np/PPSA01619_00/d13316b3-ee9c-4082-bc86-f8a38f4c1278-version.xml,ps5,game
EP1018-PPSA01619_00-KLASSICCASSIE000,Klassic Cassie,PPSA01619,https://sgst.prod.dl.playstation.net/sgst/prod/00/np/PPSA01619_00/d13316b3-ee9c-4082-bc86-f8a38f4c1278-version.xml,ps5,game
EP1018-PPSA01619_00-AFTERMSKINPACK02,Klassic Femme Fatale Pack,PPSA01619,https://sgst.prod.dl.playstation.net/sgst/prod/00/np/PPSA01619_00/d13316b3-ee9c-4082-bc86-f8a38f4c1278-version.xml,ps5,game
UP1018-PPSA01617_00-MOVIESKINPACK000,Klassic MK Movie Skin Pack,PPSA01617,https://sgst.prod.dl.playstation.net/sgst/prod/00/np/PPSA01617_00/22fce07e-73c2-4d0a-b988-305dccf7a86d-version.xml,ps5,game
UP0700-PPSA04796_00-KLO12COSMUSET000,Klonoa Outfit: Moo Impersonator Set,PPSA04796,https://sgst.prod.dl.playstation.net/sgst/prod/00/np/PPSA04796_00/473127dc-1590-47f5-a0f5-7d8c275bfa3b-version.xml,ps5,game
UP0006-PPSA03330_00-KNOCKOUTCITY2021,Knockout City™,PPSA03330,https://sgst.prod.dl.playstation.net/sgst/prod/00/np/PPSA03330_00/2055becc-fcd3-41c8-ad21-d3bd25e42db6-version.xml,ps5,game
EP0006-PPSA03331_00-KNOCKOUTCITY2021,Knockout City™,PPSA03331,https://sgst.prod.dl.playstation.net/sgst/prod/00/np/PPSA03331_00/ba04f77d-224c-418c-b036-7313300a53d5-version.xml,ps5,game
EP1018-PPSA01619_00-MK11K20000000000,Kombat Pack 2 Season Pass,PPSA01619,https://sgst.prod.dl.playstation.net/sgst/prod/00/np/PPSA01619_00/d13316b3-ee9c-4082-bc86-f8a38f4c1278-version.xml,ps5,game
EP4062-PPSA05383_00-KONA1MAINGAMEPS5,Kona,PPSA05383,https://sgst.prod.dl.playstation.net/sgst/prod/00/np/PPSA05383_00/e15796d9-07aa-4825-8b96-4cdba831127e-version.xml,ps5,game
UP2047-PPSA05384_00-KONA1MAINGAMEPS5,Kona,PPSA05384,https://sgst.prod.dl.playstation.net/sgst/prod/00/np/PPSA05384_00/2980136c-9fd6-4e8f-b0b6-e934d5cf3608-version.xml,ps5,game
EP6713-PPSA05385_00-KONA2KOCHPS5EU00,Kona II: Brume,PPSA05385,https://sgst.prod.dl.playstation.net/sgst/prod/00/np/PPSA05385_00/91f369dc-0e83-4064-b44b-6f023f23b922-version.xml,ps5,game
UP9000-PPSA01289_00-SABAKRATOS000001,Kratos Costume,PPSA01289,https://sgst.prod.dl.playstation.net/sgst/prod/00/np/PPSA01289_00/0c1789e3-10b1-41eb-8ede-c159db8ef1e7-version.xml,ps5,
UP0102-PPSA19576_00-KUNITSUGAMI00000,Kunitsu-Gami: Path of the Goddess,PPSA19576,https://sgst.prod.dl.playstation.net/sgst/prod/00/np/PPSA19576_00/e3ec3ba9-4728-4226-b3e3-417ae228d6bb-version.xml,ps5,
UP0102-PPSA21640_00-KUNITSUGAMID1000,Kunitsu-Gami: Path of the Goddess - Demo,PPSA21640,https://sgst.prod.dl.playstation.net/sgst/prod/00/np/PPSA21640_00/be08bc8d-70b8-443e-b6cf-b811e33dd877-version.xml,ps5,
UP0102-PPSA19576_00-KUNITSUGAMIE1008,Kunitsu-Gami: Path of the Goddess - Kunitsu-Gami設定美術集,PPSA19576,https://sgst.prod.dl.playstation.net/sgst/prod/00/np/PPSA19576_00/e3ec3ba9-4728-4226-b3e3-417ae228d6bb-version.xml,ps5,
UP0102-PPSA19576_00-KUNITSUGAMIE0001,Kunitsu-Gami: Path of the Goddess - 魔像「俵人」,PPSA19576,https://sgst.prod.dl.playstation.net/sgst/prod/00/np/PPSA19576_00/e3ec3ba9-4728-4226-b3e3-417ae228d6bb-version.xml,ps5,
UP0102-PPSA19576_00-KUNITSUGAMIE0002,Kunitsu-Gami: Path of the Goddess - 魔像「魂魄」,PPSA19576,https://sgst.prod.dl.playstation.net/sgst/prod/00/np/PPSA19576_00/e3ec3ba9-4728-4226-b3e3-417ae228d6bb-version.xml,ps5,
UP9000-PPSA06352_00-SCES020090000000,Kurushi Final: Mental Blocks,PPSA06352,https://sgst.prod.dl.playstation.net/sgst/prod/00/np/PPSA06352_00/03eb6c40-ef1c-4166-b743-9c59f6c9d9e3-version.xml,ps5,game
UP1001-PPSA04048_00-00000ARTEMISSIEA,LEGO® 2K Drive,PPSA04048,https://sgst.prod.dl.playstation.net/sgst/prod/00/np/PPSA04048_00/9d1fc3e0-5ea6-468e-a511-0b5dff75ff03-version.xml,ps5,game
EP9000-PPSA14632_00-PROJECTGLOW00000,LEGO® Horizon Adventures™,PPSA14632,https://sgst.prod.dl.playstation.net/sgst/prod/00/np/PPSA14632_00/c3da17a8-0467-43cc-9da7-d7b082b23bb1-version.xml,ps5,game
UP1082-PPSA14300_00-ULUS101550000000,LEGO® Star Wars™ II: The Original Trilogy,PPSA14300,https://sgst.prod.dl.playstation.net/sgst/prod/00/np/PPSA14300_00/74f759ec-895a-467f-8faf-e43d76732b3a-version.xml,ps5,game
UP1018-PPSA01864_00-ANDORPACK0000001,LEGO® Star Wars™: Andor Character Pack,PPSA01864,https://sgst.prod.dl.playstation.net/sgst/prod/00/np/PPSA01864_00/8cbbf4a9-73ff-4763-9bc6-81cede309025-version.xml,ps5,
UP1018-PPSA01864_00-BOBAFETTPACK0001,LEGO® Star Wars™: Book of Boba Fett Character Pack,PPSA01864,https://sgst.prod.dl.playstation.net/sgst/prod/00/np/PPSA01864_00/8cbbf4a9-73ff-4763-9bc6-81cede309025-version.xml,ps5,
UP1018-PPSA01864_00-CLASSICPACK00001,LEGO® Star Wars™: Classic Character Pack,PPSA01864,https://sgst.prod.dl.playstation.net/sgst/prod/00/np/PPSA01864_00/8cbbf4a9-73ff-4763-9bc6-81cede309025-version.xml,ps5,
UP1018-PPSA01864_00-OBIWANPACK000001,LEGO® Star Wars™: Classic Obi-Wan Kenobi,PPSA01864,https://sgst.prod.dl.playstation.net/sgst/prod/00/np/PPSA01864_00/8cbbf4a9-73ff-4763-9bc6-81cede309025-version.xml,ps5,game
EP1018-PPSA01865_00-OBIWANPACK000001,LEGO® Star Wars™: Classic Obi-Wan Kenobi,PPSA01865,https://sgst.prod.dl.playstation.net/sgst/prod/00/np/PPSA01865_00/d9241b05-4a2a-407b-9a57-088323a53f34-version.xml,ps5,game
UP1018-PPSA01864_00-KENOBIPACK000001,LEGO® Star Wars™: Obi-Wan Kenobi Character Pack,PPSA01864,https://sgst.prod.dl.playstation.net/sgst/prod/00/np/PPSA01864_00/8cbbf4a9-73ff-4763-9bc6-81cede309025-version.xml,ps5,
UP1018-PPSA01864_00-REBELPACK0000001,LEGO® Star Wars™: Rebels Character Pack,PPSA01864,https://sgst.prod.dl.playstation.net/sgst/prod/00/np/PPSA01864_00/8cbbf4a9-73ff-4763-9bc6-81cede309025-version.xml,ps5,
UP1018-PPSA01864_00-ROGUEONEPACK0001,LEGO® Star Wars™: Rogue One: A Star Wars Story Character Pack,PPSA01864,https://sgst.prod.dl.playstation.net/sgst/prod/00/np/PPSA01864_00/8cbbf4a9-73ff-4763-9bc6-81cede309025-version.xml,ps5,
UP1018-PPSA01864_00-SOLOPACK00000001,LEGO® Star Wars™: Solo: A Star Wars Story Character Pack,PPSA01864,https://sgst.prod.dl.playstation.net/sgst/prod/00/np/PPSA01864_00/8cbbf4a9-73ff-4763-9bc6-81cede309025-version.xml,ps5,
UP1018-PPSA01864_00-HOLIDAYPACK00001,LEGO® Star Wars™: Summer Vacation Character Pack,PPSA01864,https://sgst.prod.dl.playstation.net/sgst/prod/00/np/PPSA01864_00/8cbbf4a9-73ff-4763-9bc6-81cede309025-version.xml,ps5,
UP1018-PPSA01864_00-BADBATCHPACK0001,LEGO® Star Wars™: The Bad Batch Character Pack,PPSA01864,https://sgst.prod.dl.playstation.net/sgst/prod/00/np/PPSA01864_00/8cbbf4a9-73ff-4763-9bc6-81cede309025-version.xml,ps5,
UP1018-PPSA01864_00-CLONEWARSPACK001,LEGO® Star Wars™: The Clone Wars Character Pack,PPSA01864,https://sgst.prod.dl.playstation.net/sgst/prod/00/np/PPSA01864_00/8cbbf4a9-73ff-4763-9bc6-81cede309025-version.xml,ps5,
UP1018-PPSA01864_00-MANDALORIANPACK1,LEGO® Star Wars™: The Mandalorian Season 1 Character Pack,PPSA01864,https://sgst.prod.dl.playstation.net/sgst/prod/00/np/PPSA01864_00/8cbbf4a9-73ff-4763-9bc6-81cede309025-version.xml,ps5,
UP1018-PPSA01864_00-MANDALORIANPACK2,LEGO® Star Wars™: The Mandalorian Season 2 Character Pack,PPSA01864,https://sgst.prod.dl.playstation.net/sgst/prod/00/np/PPSA01864_00/8cbbf4a9-73ff-4763-9bc6-81cede309025-version.xml,ps5,
UP1018-PPSA01864_00-LEGOSWTSS0000000,LEGO® Star Wars™: The Skywalker Saga,PPSA01864,https://sgst.prod.dl.playstation.net/sgst/prod/00/np/PPSA01864_00/8cbbf4a9-73ff-4763-9bc6-81cede309025-version.xml,ps5,game
EP1018-PPSA01865_00-LEGOSWTSS0000000,LEGO® Star Wars™: The Skywalker Saga,PPSA01865,https://sgst.prod.dl.playstation.net/sgst/prod/00/np/PPSA01865_00/d9241b05-4a2a-407b-9a57-088323a53f34-version.xml,ps5,game
UP1018-PPSA01864_00-SP00000000000000,LEGO® Star Wars™: The Skywalker Saga Character Collection,PPSA01864,https://sgst.prod.dl.playstation.net/sgst/prod/00/np/PPSA01864_00/8cbbf4a9-73ff-4763-9bc6-81cede309025-version.xml,ps5,
UP1018-PPSA01864_00-SP12000000000000,LEGO® Star Wars™: The Skywalker Saga Character Collection 1 &amp; 2,PPSA01864,https://sgst.prod.dl.playstation.net/sgst/prod/00/np/PPSA01864_00/8cbbf4a9-73ff-4763-9bc6-81cede309025-version.xml,ps5,
UP1018-PPSA01864_00-SP20000000000000,LEGO® Star Wars™: The Skywalker Saga Character Collection 2,PPSA01864,https://sgst.prod.dl.playstation.net/sgst/prod/00/np/PPSA01864_00/8cbbf4a9-73ff-4763-9bc6-81cede309025-version.xml,ps5,
UP1018-PPSA01864_00-STORMTROOPERPACK,LEGO® Star Wars™: Trooper Character Pack,PPSA01864,https://sgst.prod.dl.playstation.net/sgst/prod/00/np/PPSA01864_00/8cbbf4a9-73ff-4763-9bc6-81cede309025-version.xml,ps5,
EP2866-PPSA07618_00-TSW3LGVMEDIROUTE,LGV Mediterranee: Marseille - Avignon,PPSA07618,https://sgst.prod.dl.playstation.net/sgst/prod/00/np/PPSA07618_00/1823bbce-1bf2-44d0-a8eb-e4661c0a4c27-version.xml,ps5,game
EP0082-PPSA13909_00-PS5EPDMLIVEALIVE,LIVE A LIVE: Demo Version,PPSA13909,https://sgst.prod.dl.playstation.net/sgst/prod/00/np/PPSA13909_00/852b847d-4347-4d69-97bf-5168040974d9-version.xml,ps5,
JP7907-PPSA21837_00-ROM0000000000000,LOLLIPOP CHAINSAW RePOP,PPSA21837,https://sgst.prod.dl.playstation.net/sgst/prod/00/np/PPSA21837_00/0781f72e-1a8e-402e-95cb-ab0bb2420f2c-version.xml,ps5,game
EP3597-PPSA03022_00-LADDERSBYPOWGI00,Ladders by POWGI,PPSA03022,https://sgst.prod.dl.playstation.net/sgst/prod/00/np/PPSA03022_00/f90dd7ee-df13-4ffc-82c3-133c015c4e45-version.xml,ps5,game
UP5223-PPSA06334_00-LAKEPS5SIEAFULL0,Lake,PPSA06334,https://sgst.prod.dl.playstation.net/sgst/prod/00/np/PPSA06334_00/076ed43b-7640-4628-a6e5-c3b0044618b0-version.xml,ps5,game
EP5403-PPSA06333_00-LAKEPS5SIEEFULL0,Lake,PPSA06333,https://sgst.prod.dl.playstation.net/sgst/prod/00/np/PPSA06333_00/8d5d30b9-8b7a-40a4-95c9-07976ac84900-version.xml,ps5,game
EP2333-PPSA02288_00-LASTSTOPSIEE0000,Last Stop,PPSA02288,https://sgst.prod.dl.playstation.net/sgst/prod/00/np/PPSA02288_00/8d02fcba-f57f-48e4-aaff-1d8dc5263d0e-version.xml,ps5,game
UP2470-PPSA02287_00-LASTSTOPSIEA0000,Last Stop,PPSA02287,https://sgst.prod.dl.playstation.net/sgst/prod/00/np/PPSA02287_00/4a37ed2b-3c8d-4a6b-9c23-0b64b3575bae-version.xml,ps5,game
UP4459-PPSA15896_00-LATESHIFTPS5SIEA,Late Shift,PPSA15896,https://sgst.prod.dl.playstation.net/sgst/prod/00/np/PPSA15896_00/02812045-7a8a-44eb-a5eb-2ef988180b47-version.xml,ps5,
UP4395-PPSA04870_00-LAWNMOWINGSIMPS5,Lawn Mowing Simulator,PPSA04870,https://sgst.prod.dl.playstation.net/sgst/prod/00/np/PPSA04870_00/5458b8ab-8552-4acd-97d3-f2a440f134db-version.xml,ps5,game
UP0006-PPSA06093_00-WRCLEMAESTROS000,Le Maestros,PPSA06093,https://sgst.prod.dl.playstation.net/sgst/prod/00/np/PPSA06093_00/29a305d2-2634-41f0-ae27-adcf1d4551bf-version.xml,ps5,game
UP6312-PPSA18653_00-0872816510537214,Legacy Deity Portraits Pack,PPSA18653,https://sgst.prod.dl.playstation.net/sgst/prod/00/np/PPSA18653_00/974334bd-776e-4ecd-a271-c0021cfb48e9-version.xml,ps5,game
UP8489-PPSA26226_00-SLUS207730000000,Legacy of Kain: Defiance,PPSA26226,https://sgst.prod.dl.playstation.net/sgst/prod/00/np/PPSA26226_00/d7ee2794-6112-4ed3-9b3e-44ab210883d5-version.xml,ps5,game
UP1032-PPSA18153_00-SOULREAVER120824,Legacy of Kain™ Soul Reaver 1&2 Remastered,PPSA18153,https://sgst.prod.dl.playstation.net/sgst/prod/00/np/PPSA18153_00/c5129596-a121-496a-8805-ac47d8684e7f-version.xml,ps5,game
UP0102-PPSA07411_00-RE4RDLC000000004,Leon & Ashley Costumes: 'Casual',PPSA07411,https://sgst.prod.dl.playstation.net/sgst/prod/00/np/PPSA07411_00/1dba2283-d401-4ba8-a562-4ac92fd8fcdb-version.xml,ps5,
UP0102-PPSA07411_00-RE4RDLC000000005,Leon & Ashley Costumes: 'Romantic',PPSA07411,https://sgst.prod.dl.playstation.net/sgst/prod/00/np/PPSA07411_00/1dba2283-d401-4ba8-a562-4ac92fd8fcdb-version.xml,ps5,
UP0102-PPSA07411_00-RE4RDLC000000011,Leon Accessory: 'Sunglasses (Sporty)',PPSA07411,https://sgst.prod.dl.playstation.net/sgst/prod/00/np/PPSA07411_00/1dba2283-d401-4ba8-a562-4ac92fd8fcdb-version.xml,ps5,
UP0102-PPSA07411_00-RE4RDLC000000006,Leon Costume & Filter: 'Hero',PPSA07411,https://sgst.prod.dl.playstation.net/sgst/prod/00/np/PPSA07411_00/1dba2283-d401-4ba8-a562-4ac92fd8fcdb-version.xml,ps5,
UP0102-PPSA07411_00-RE4RDLC000000007,Leon Costume & Filter: 'Villain',PPSA07411,https://sgst.prod.dl.playstation.net/sgst/prod/00/np/PPSA07411_00/1dba2283-d401-4ba8-a562-4ac92fd8fcdb-version.xml,ps5,
EP0102-PPSA04289_00-BH20000COSDLC006,"Leon Costume: ""'98""",PPSA04289,https://sgst.prod.dl.playstation.net/sgst/prod/00/np/PPSA04289_00/fb052acf-32a6-4152-9847-b39596142059-version.xml,ps5,game
UP0102-PPSA04288_00-BH20000COSDLC006,"Leon Costume: ""'98""",PPSA04288,https://sgst.prod.dl.playstation.net/sgst/prod/00/np/PPSA04288_00/408d6ed4-2b3c-4786-ba54-cd064d740f83-version.xml,ps5,
EP0102-PPSA04289_00-BH20000COSDLC001,"Leon Costume: ""Arklay Sheriff""",PPSA04289,https://sgst.prod.dl.playstation.net/sgst/prod/00/np/PPSA04289_00/fb052acf-32a6-4152-9847-b39596142059-version.xml,ps5,game
UP0102-PPSA04288_00-BH20000COSDLC001,"Leon Costume: ""Arklay Sheriff""",PPSA04288,https://sgst.prod.dl.playstation.net/sgst/prod/00/np/PPSA04288_00/408d6ed4-2b3c-4786-ba54-cd064d740f83-version.xml,ps5,
EP0102-PPSA04289_00-BH20000COSDLC002,"Leon Costume: ""Noir""",PPSA04289,https://sgst.prod.dl.playstation.net/sgst/prod/00/np/PPSA04289_00/fb052acf-32a6-4152-9847-b39596142059-version.xml,ps5,game
UP0102-PPSA04288_00-BH20000COSDLC002,"Leon Costume: ""Noir""",PPSA04288,https://sgst.prod.dl.playstation.net/sgst/prod/00/np/PPSA04288_00/408d6ed4-2b3c-4786-ba54-cd064d740f83-version.xml,ps5,
EP3597-PPSA09727_00-LETTERBOXBYPOWGI,Letterbox by POWGI,PPSA09727,https://sgst.prod.dl.playstation.net/sgst/prod/00/np/PPSA09727_00/b258d720-3c33-44fe-9ede-76cca91ea05f-version.xml,ps5,game
EP5987-PPSA25246_00-0790207443574046,Liberte,PPSA25246,https://sgst.prod.dl.playstation.net/sgst/prod/00/np/PPSA25246_00/0c50c90a-f767-427c-91c8-da80a6a68a43-version.xml,ps5,game
UP1850-PPSA01953_00-LICENSEDMPACK001,Licensed Music Pack 1,PPSA01953,https://sgst.prod.dl.playstation.net/sgst/prod/00/np/PPSA01953_00/693ad410-7926-431d-bb5f-127a86b5fad9-version.xml,ps5,game
UP1685-PPSA10261_00-4396566144501976,Lies of P,PPSA10261,https://sgst.prod.dl.playstation.net/sgst/prod/00/np/PPSA10261_00/e2c480e8-017e-4c75-838a-3be855c3bab4-version.xml,ps5,game
HP1804-PPSA15890_00-0434921807885735,Lies of P Demo,PPSA15890,https://sgst.prod.dl.playstation.net/sgst/prod/00/np/PPSA15890_00/d6f8d520-332b-46bd-8f17-ae809cb00dfe-version.xml,ps5,
EP1672-PPSA15888_00-0290410861295681,Lies of P Demo,PPSA15888,https://sgst.prod.dl.playstation.net/sgst/prod/00/np/PPSA15888_00/5f423d80-d000-4f73-9721-21d8d9c3412e-version.xml,ps5,
EP0096-PPSA15514_00-CARTELTYCOONDLC2,Lieutenants Pack - Guerilla,PPSA15514,https://sgst.prod.dl.playstation.net/sgst/prod/00/np/PPSA15514_00/99c15e7f-7abe-4114-921e-2c09efface6c-version.xml,ps5,game
EP0096-PPSA15514_00-CARTELTYCOONDLC1,Lieutenants Pack - La Familia,PPSA15514,https://sgst.prod.dl.playstation.net/sgst/prod/00/np/PPSA15514_00/99c15e7f-7abe-4114-921e-2c09efface6c-version.xml,ps5,game
UP0082-PPSA02046_00-1336949547454056,Life is Strange: True Colors™,PPSA02046,https://sgst.prod.dl.playstation.net/sgst/prod/00/np/PPSA02046_00/cdcc8249-9cdb-4aa5-9c99-c4c6b47489a3-version.xml,ps5,game
UP0177-PPSA16268_00-LIKEADRGNGAIDEN0,Like a Dragon Gaiden: The Man Who Erased His Name,PPSA16268,https://sgst.prod.dl.playstation.net/sgst/prod/00/np/PPSA16268_00/ac9df3ab-0c53-4311-945a-268e2bb93f23-version.xml,ps5,game
UP0177-PPSA06435_00-LIKEADRAGON80000,Like a Dragon: Infinite Wealth,PPSA06435,https://sgst.prod.dl.playstation.net/sgst/prod/00/np/PPSA06435_00/a9dd9371-79ec-4036-8cc6-d5ab1bba735a-version.xml,ps5,game
EP0177-PPSA06455_00-ISHIN00000000000,Like a Dragon: Ishin!,PPSA06455,https://sgst.prod.dl.playstation.net/sgst/prod/00/np/PPSA06455_00/e8d8b4d1-377b-4df1-98c5-a24bd48acb93-version.xml,ps5,game
UP0177-PPSA06454_00-ISHIN00000000000,Like a Dragon: Ishin!,PPSA06454,https://sgst.prod.dl.playstation.net/sgst/prod/00/np/PPSA06454_00/09c08341-8fee-4938-85c9-6845b183d504-version.xml,ps5,game
EP0177-PPSA14205_00-DEMO000000000000,Like a Dragon: Ishin! Demo di Combattimento,PPSA14205,https://sgst.prod.dl.playstation.net/sgst/prod/00/np/PPSA14205_00/5c045bad-db66-4638-8d46-2bad81a78c2e-version.xml,ps5,
JP0177-PPSA26963_00-DEMO000000000000,Like a Dragon: Pirate Yakuza in Hawaii (Demo),PPSA26963,https://sgst.prod.dl.playstation.net/sgst/prod/00/np/PPSA26963_00/ec240c1a-48d5-4ab9-8b6c-a155c20f1230-version.xml,ps5,
UP4882-PPSA14734_00-P19S2XXXXXXXXXXX,Linkin Park - Crawling,PPSA14734,https://sgst.prod.dl.playstation.net/sgst/prod/00/np/PPSA14734_00/dc84fbd1-2b13-419c-bc3d-4ba7ea2472bc-version.xml,ps5,game
UP8274-PPSA13211_00-0000000000000000,"Little Kitty, Big City",PPSA13211,https://sgst.prod.dl.playstation.net/sgst/prod/00/np/PPSA13211_00/7441a701-adc0-4189-a3d1-99eaf0efeb64-version.xml,ps5,game
UP0700-PPSA02200_00-LITTLENIGHTS2000,Little Nightmares II,PPSA02200,https://sgst.prod.dl.playstation.net/sgst/prod/00/np/PPSA02200_00/48dc2c51-1538-4184-b43b-1324c1a299a2-version.xml,ps5,game
EP0700-PPSA02154_00-LITTLENIGHTS2000,Little Nightmares II,PPSA02154,https://sgst.prod.dl.playstation.net/sgst/prod/00/np/PPSA02154_00/36157277-5fab-43d8-ae37-c172fbd4750a-version.xml,ps5,game
HP5028-PPSA02215_00-LITTLENIGHTS2000,Little Nightmares II 小小夢魘2,PPSA02215,https://sgst.prod.dl.playstation.net/sgst/prod/00/np/PPSA02215_00/6979e27c-72c0-4610-b391-e71014858218-version.xml,ps5,
EP0700-PPSA05143_00-LITTLENIGHTS3000,Little Nightmares III,PPSA05143,https://sgst.prod.dl.playstation.net/sgst/prod/00/np/PPSA05143_00/c083b5b6-2ca3-408b-ac47-443c76d4b1d5-version.xml,ps5,game
EP0700-PPSA05143_00-LITTLENIGHT3DL10,Little Nightmares III - Klonoa Costumes Set,PPSA05143,https://sgst.prod.dl.playstation.net/sgst/prod/00/np/PPSA05143_00/c083b5b6-2ca3-408b-ac47-443c76d4b1d5-version.xml,ps5,game
EP4133-PPSA04929_00-SNOWRUNNERDLC003,Loaded Dice Vinyl Wrap,PPSA04929,https://sgst.prod.dl.playstation.net/sgst/prod/00/np/PPSA04929_00/9137f441-337a-4612-a625-5f3826d97fc5-version.xml,ps5,game
EP4321-PPSA03131_00-9310353925070976,Lock n' Load Weapons Pack,PPSA03131,https://sgst.prod.dl.playstation.net/sgst/prod/00/np/PPSA03131_00/58f27224-3244-4e39-8e59-587660052f1a-version.xml,ps5,game
UP9000-PPSA06791_00-NPUG803180000000,LocoRoco Midnight Carnival,PPSA06791,https://sgst.prod.dl.playstation.net/sgst/prod/00/np/PPSA06791_00/8fcc9559-d338-46f3-ab8a-838091e266dd-version.xml,ps5,game
EP0600-PPSA17083_00-0753692234024359,Long Gone Days,PPSA17083,https://sgst.prod.dl.playstation.net/sgst/prod/00/np/PPSA17083_00/b7d9d143-7f11-4c79-b1d4-0fab19505f40-version.xml,ps5,game
UP4321-PPSA07064_00-4092020589534297,Lords of the Fallen,PPSA07064,https://sgst.prod.dl.playstation.net/sgst/prod/00/np/PPSA07064_00/df3c9e99-852b-429e-aff2-8414f1cc7870-version.xml,ps5,game
UP6312-PPSA18654_00-0511975982290754,Lords of the West,PPSA18654,https://sgst.prod.dl.playstation.net/sgst/prod/00/np/PPSA18654_00/935e23b3-169e-439b-99d8-ae2b8b534b37-version.xml,ps5,game
EP0006-PPSA01694_00-LOSTINRANDOMGAME,Lost In Random™,PPSA01694,https://sgst.prod.dl.playstation.net/sgst/prod/00/np/PPSA01694_00/3e15ebc5-67f2-4ca8-bfdf-867853aa7cd7-version.xml,ps5,game
UP0177-PPSA03774_00-LOSTJUDGMENT0000,Lost Judgment,PPSA03774,https://sgst.prod.dl.playstation.net/sgst/prod/00/np/PPSA03774_00/8fd4714d-c15f-4183-9603-d1c4decfcea2-version.xml,ps5,game
EP0177-PPSA03775_00-LOSTJUDGMENT0000,Lost Judgment,PPSA03775,https://sgst.prod.dl.playstation.net/sgst/prod/00/np/PPSA03775_00/fd3f650a-68bc-4364-9ede-09ce08a914c4-version.xml,ps5,game
UP5898-PPSA19733_00-0147778939159705,Lost Records: Bloom & Rage,PPSA19733,https://sgst.prod.dl.playstation.net/sgst/prod/00/np/PPSA19733_00/03c98312-88b3-4aca-b8d2-9f19647a1b49-version.xml,ps5,game
HP6309-PPSA23945_00-LUTODEMO00000000,Luto,PPSA23945,https://sgst.prod.dl.playstation.net/sgst/prod/00/np/PPSA23945_00/fe2fac0d-4d6b-4cb7-9016-6cb058a608a4-version.xml,ps5,
EP0102-PPSA01859_00-DEMOVILLAGE00001,MAIDEN,PPSA01859,https://sgst.prod.dl.playstation.net/sgst/prod/00/np/PPSA01859_00/16bce0ca-3f99-4bf4-819c-5f0370c9f769-version.xml,ps5,
UB0335-PPSA21669_00-2000000000000008,MARVEL RIVALS - PlayStation Exclusive,PPSA21669,https://sgst.prod.dl.playstation.net/sgst/prod/00/np/PPSA21669_00/38bb8b3c-6491-403e-ac7e-12db970d9b70-version.xml,ps5,
EP0101-PPSA14364_00-METALGEARSOLID01,METAL GEAR SOLID - Master Collection Version,PPSA14364,https://sgst.prod.dl.playstation.net/sgst/prod/00/np/PPSA14364_00/a3dbf718-ec97-4076-80cb-1a37339071ed-version.xml,ps5,game
EP0101-PPSA14399_00-METALGEARSOLID02,METAL GEAR SOLID 2: Sons of Liberty - Master Collection Version,PPSA14399,https://sgst.prod.dl.playstation.net/sgst/prod/00/np/PPSA14399_00/c2318fc9-baf1-48e8-a89b-4de2dad555d0-version.xml,ps5,game
EP0101-PPSA14405_00-METALGEARSOLID03,METAL GEAR SOLID 3: Snake Eater - Master Collection Version,PPSA14405,https://sgst.prod.dl.playstation.net/sgst/prod/00/np/PPSA14405_00/b982cd95-6035-4533-9e7c-7a18b5bf0f7d-version.xml,ps5,game
EP0101-PPSA16257_00-MGSBONUSCONTENTS,METAL GEAR SOLID: MASTER COLLECTION Vol.1 BONUS CONTENT,PPSA16257,https://sgst.prod.dl.playstation.net/sgst/prod/00/np/PPSA16257_00/d36edfac-b9f4-419e-9d4e-3af5421bcfa3-version.xml,ps5,game
UP0576-PPSA19050_00-MSAREPS5000000US,METAL SLUG ATTACK RELOADED,PPSA19050,https://sgst.prod.dl.playstation.net/sgst/prod/00/np/PPSA19050_00/4a89cf66-f153-4434-8d2c-85305e976d8a-version.xml,ps5,game
UP0082-PPSA04987_00-PWSFFP0000000001,MIDGAR SPECIAL PACK,PPSA04987,https://sgst.prod.dl.playstation.net/sgst/prod/00/np/PPSA04987_00/c01073d0-58fd-4457-bd8d-b031b64134de-version.xml,ps5,game
EP0082-PPSA04988_00-PWSFFP0000000001,MIDGAR SPECIAL PACK,PPSA04988,https://sgst.prod.dl.playstation.net/sgst/prod/00/np/PPSA04988_00/ebc690a4-34de-4ee1-8e6f-7f39676fc297-version.xml,ps5,game
UP1018-PPSA07570_00-CONANCHARACTER00,MK1: Conan the Barbarian,PPSA07570,https://sgst.prod.dl.playstation.net/sgst/prod/00/np/PPSA07570_00/47d67988-0c82-41cf-b8c6-6ab8640efa8d-version.xml,ps5,
UP1018-PPSA07570_00-CRXCHARACTER0000,MK1: Cyrax,PPSA07570,https://sgst.prod.dl.playstation.net/sgst/prod/00/np/PPSA07570_00/47d67988-0c82-41cf-b8c6-6ab8640efa8d-version.xml,ps5,
UP1018-PPSA07570_00-ERMCHARACTER0000,MK1: Ermac,PPSA07570,https://sgst.prod.dl.playstation.net/sgst/prod/00/np/PPSA07570_00/47d67988-0c82-41cf-b8c6-6ab8640efa8d-version.xml,ps5,
UP1018-PPSA07570_00-FERRAKAMEO000000,MK1: Ferra,PPSA07570,https://sgst.prod.dl.playstation.net/sgst/prod/00/np/PPSA07570_00/47d67988-0c82-41cf-b8c6-6ab8640efa8d-version.xml,ps5,
UP1018-PPSA07570_00-GHSTFACCHARACTER,MK1: Ghost Face,PPSA07570,https://sgst.prod.dl.playstation.net/sgst/prod/00/np/PPSA07570_00/47d67988-0c82-41cf-b8c6-6ab8640efa8d-version.xml,ps5,
UP1018-PPSA07570_00-HOMCHARACTER0000,MK1: Homelander,PPSA07570,https://sgst.prod.dl.playstation.net/sgst/prod/00/np/PPSA07570_00/47d67988-0c82-41cf-b8c6-6ab8640efa8d-version.xml,ps5,
UP1018-PPSA07570_00-JANETCAGEKAMEO00,MK1: Janet Cage,PPSA07570,https://sgst.prod.dl.playstation.net/sgst/prod/00/np/PPSA07570_00/47d67988-0c82-41cf-b8c6-6ab8640efa8d-version.xml,ps5,
UP1018-PPSA07570_00-KHAMELEONKAMEO00,MK1: Khameleon,PPSA07570,https://sgst.prod.dl.playstation.net/sgst/prod/00/np/PPSA07570_00/47d67988-0c82-41cf-b8c6-6ab8640efa8d-version.xml,ps5,
UP1018-PPSA07570_00-MADAMBOKAMEO0000,MK1: Madam Bo,PPSA07570,https://sgst.prod.dl.playstation.net/sgst/prod/00/np/PPSA07570_00/47d67988-0c82-41cf-b8c6-6ab8640efa8d-version.xml,ps5,
UP1018-PPSA07570_00-MAVADOKAMEO00000,MK1: Mavado,PPSA07570,https://sgst.prod.dl.playstation.net/sgst/prod/00/np/PPSA07570_00/47d67988-0c82-41cf-b8c6-6ab8640efa8d-version.xml,ps5,
UP1018-PPSA07570_00-NOBCHARACTER0000,MK1: Noob Saibot,PPSA07570,https://sgst.prod.dl.playstation.net/sgst/prod/00/np/PPSA07570_00/47d67988-0c82-41cf-b8c6-6ab8640efa8d-version.xml,ps5,
UP1018-PPSA07570_00-OMNCHARACTER0000,MK1: Omni-Man,PPSA07570,https://sgst.prod.dl.playstation.net/sgst/prod/00/np/PPSA07570_00/47d67988-0c82-41cf-b8c6-6ab8640efa8d-version.xml,ps5,
UP1018-PPSA07570_00-PEACHARACTER0000,MK1: Peacemaker,PPSA07570,https://sgst.prod.dl.playstation.net/sgst/prod/00/np/PPSA07570_00/47d67988-0c82-41cf-b8c6-6ab8640efa8d-version.xml,ps5,
UP1018-PPSA07570_00-QUCCHARACTER0000,MK1: Quan Chi,PPSA07570,https://sgst.prod.dl.playstation.net/sgst/prod/00/np/PPSA07570_00/47d67988-0c82-41cf-b8c6-6ab8640efa8d-version.xml,ps5,
UP1018-PPSA07570_00-SKTCHARACTER0000,MK1: Sektor,PPSA07570,https://sgst.prod.dl.playstation.net/sgst/prod/00/np/PPSA07570_00/47d67988-0c82-41cf-b8c6-6ab8640efa8d-version.xml,ps5,
UP1018-PPSA07570_00-T1000CHARACTER00,MK1: T-1000,PPSA07570,https://sgst.prod.dl.playstation.net/sgst/prod/00/np/PPSA07570_00/47d67988-0c82-41cf-b8c6-6ab8640efa8d-version.xml,ps5,
UP1018-PPSA07570_00-TAKCHARACTER0000,MK1: Takeda,PPSA07570,https://sgst.prod.dl.playstation.net/sgst/prod/00/np/PPSA07570_00/47d67988-0c82-41cf-b8c6-6ab8640efa8d-version.xml,ps5,
UP1018-PPSA07570_00-TREMORKAMEO00000,MK1: Tremor,PPSA07570,https://sgst.prod.dl.playstation.net/sgst/prod/00/np/PPSA07570_00/47d67988-0c82-41cf-b8c6-6ab8640efa8d-version.xml,ps5,
UP0181-PPSA13676_00-0778223055950244,MLB,PPSA13676,https://sgst.prod.dl.playstation.net/sgst/prod/00/np/PPSA13676_00/4397b03d-1c61-48fa-b5a6-f85733a797d8-version.xml,ps5,
EP0700-PPSA02451_00-BO2PS50000000000,MOBILE SUIT GUNDAM BATTLE OPERATION 2,PPSA02451,https://sgst.prod.dl.playstation.net/sgst/prod/00/np/PPSA02451_00/89b27047-fbb2-49fa-92ea-7e15394f4324-version.xml,ps5,game
JP0700-PPSA01658_00-BO2PS50000000000,MOBILE SUIT GUNDAM BATTLE OPERATION 2,PPSA01658,https://sgst.prod.dl.playstation.net/sgst/prod/00/np/PPSA01658_00/710873bf-4393-4efa-b69c-3c0b94a140f9-version.xml,ps5,
EP0700-PPSA04268_00-GUNDAMBO2CF00000,MOBILE SUIT GUNDAM BATTLE OPERATION Code Fairy,PPSA04268,https://sgst.prod.dl.playstation.net/sgst/prod/00/np/PPSA04268_00/43e30e4c-2bd3-4420-a854-3b8789ed7f39-version.xml,ps5,game
UP0700-PPSA04215_00-GUNDAMBO2CF00000,MOBILE SUIT GUNDAM BATTLE OPERATION Code Fairy,PPSA04215,https://sgst.prod.dl.playstation.net/sgst/prod/00/np/PPSA04215_00/7b83ec25-2ff5-411a-9633-ff50f8c4d5eb-version.xml,ps5,game
EP0001-PPSA17419_00-GAME000000000000,MONOPOLY®,PPSA17419,https://sgst.prod.dl.playstation.net/sgst/prod/00/np/PPSA17419_00/e5df0079-14f9-4a68-ae51-a48af27454e4-version.xml,ps5,game
UP0287-PPSA17442_00-0901037013231839,MOTESOLO,PPSA17442,https://sgst.prod.dl.playstation.net/sgst/prod/00/np/PPSA17442_00/3aec9d8c-11e0-44b2-85b5-c739477738e3-version.xml,ps5,game
UP0002-PPSA01649_00-CODMW2CONTENT002,MWII: Campaign Pack 1,PPSA01649,https://sgst.prod.dl.playstation.net/sgst/prod/00/np/PPSA01649_00/c789036c-39fd-47d5-9e1f-d71e8058630f-version.xml,ps5,game
EP0002-PPSA07950_00-CODMW2CONTENT002,MWII: Campaign Pack 1,PPSA07950,https://sgst.prod.dl.playstation.net/sgst/prod/00/np/PPSA07950_00/4c4d5312-e602-424b-baef-3e3a4bbfc48f-version.xml,ps5,game
UP0002-PPSA01649_00-CODMW2CONTENT003,MWII: Campaign Pack 2,PPSA01649,https://sgst.prod.dl.playstation.net/sgst/prod/00/np/PPSA01649_00/c789036c-39fd-47d5-9e1f-d71e8058630f-version.xml,ps5,game
EP0002-PPSA07950_00-CODMW2CONTENT003,MWII: Campaign Pack 2,PPSA07950,https://sgst.prod.dl.playstation.net/sgst/prod/00/np/PPSA07950_00/4c4d5312-e602-424b-baef-3e3a4bbfc48f-version.xml,ps5,game
UP0002-PPSA01649_00-CODMW2CONTENT004,MWII: Co-Op,PPSA01649,https://sgst.prod.dl.playstation.net/sgst/prod/00/np/PPSA01649_00/c789036c-39fd-47d5-9e1f-d71e8058630f-version.xml,ps5,game
EP0002-PPSA07950_00-CODMW2CONTENT004,MWII: Co-Op,PPSA07950,https://sgst.prod.dl.playstation.net/sgst/prod/00/np/PPSA07950_00/4c4d5312-e602-424b-baef-3e3a4bbfc48f-version.xml,ps5,game
UP0002-PPSA01649_00-CODMW2CONTENT001,MWII: Multiplayer,PPSA01649,https://sgst.prod.dl.playstation.net/sgst/prod/00/np/PPSA01649_00/c789036c-39fd-47d5-9e1f-d71e8058630f-version.xml,ps5,game
EP0002-PPSA07950_00-CODMW2CONTENT001,MWII: Multiplayer,PPSA07950,https://sgst.prod.dl.playstation.net/sgst/prod/00/np/PPSA07950_00/4c4d5312-e602-424b-baef-3e3a4bbfc48f-version.xml,ps5,game
UP0002-PPSA01649_00-CODMW2CONTENT006,MWII: Shared Content Pack 1,PPSA01649,https://sgst.prod.dl.playstation.net/sgst/prod/00/np/PPSA01649_00/c789036c-39fd-47d5-9e1f-d71e8058630f-version.xml,ps5,
UP0002-PPSA01649_00-CODMW2CONTENT007,MWII: Shared Content Pack 2,PPSA01649,https://sgst.prod.dl.playstation.net/sgst/prod/00/np/PPSA01649_00/c789036c-39fd-47d5-9e1f-d71e8058630f-version.xml,ps5,
UP0002-PPSA01649_00-CODMW2CONTENT005,MWII: Warzone,PPSA01649,https://sgst.prod.dl.playstation.net/sgst/prod/00/np/PPSA01649_00/c789036c-39fd-47d5-9e1f-d71e8058630f-version.xml,ps5,game
UP0002-PPSA01649_00-CODMW3CONTENT001,MWIII: Campaign Pack 1,PPSA01649,https://sgst.prod.dl.playstation.net/sgst/prod/00/np/PPSA01649_00/c789036c-39fd-47d5-9e1f-d71e8058630f-version.xml,ps5,game
EP0002-PPSA07950_00-CODMW3CONTENT001,MWIII: Campaign Pack 1,PPSA07950,https://sgst.prod.dl.playstation.net/sgst/prod/00/np/PPSA07950_00/4c4d5312-e602-424b-baef-3e3a4bbfc48f-version.xml,ps5,game
UP0002-PPSA01649_00-CODMW3CONTENT002,MWIII: Campaign Pack 2,PPSA01649,https://sgst.prod.dl.playstation.net/sgst/prod/00/np/PPSA01649_00/c789036c-39fd-47d5-9e1f-d71e8058630f-version.xml,ps5,game
EP0002-PPSA07950_00-CODMW3CONTENT002,MWIII: Campaign Pack 2,PPSA07950,https://sgst.prod.dl.playstation.net/sgst/prod/00/np/PPSA07950_00/4c4d5312-e602-424b-baef-3e3a4bbfc48f-version.xml,ps5,game
EP0002-PPSA07950_00-CODMW3CONTENT004,MWIII: Multiplayer Pack,PPSA07950,https://sgst.prod.dl.playstation.net/sgst/prod/00/np/PPSA07950_00/4c4d5312-e602-424b-baef-3e3a4bbfc48f-version.xml,ps5,game
UP0002-PPSA01649_00-CODMW3CONTENT004,MWIII: Multiplayer Pack,PPSA01649,https://sgst.prod.dl.playstation.net/sgst/prod/00/np/PPSA01649_00/c789036c-39fd-47d5-9e1f-d71e8058630f-version.xml,ps5,
EP0002-PPSA07950_00-CODMW3CONTENT003,MWIII: Shared Content Pack 1,PPSA07950,https://sgst.prod.dl.playstation.net/sgst/prod/00/np/PPSA07950_00/4c4d5312-e602-424b-baef-3e3a4bbfc48f-version.xml,ps5,game
UP0002-PPSA01649_00-CODMW3CONTENT003,MWIII: Shared Content Pack 1,PPSA01649,https://sgst.prod.dl.playstation.net/sgst/prod/00/np/PPSA01649_00/c789036c-39fd-47d5-9e1f-d71e8058630f-version.xml,ps5,
EP0002-PPSA07950_00-CODMW3CONTENT005,MWIII: Shared Content Pack 2,PPSA07950,https://sgst.prod.dl.playstation.net/sgst/prod/00/np/PPSA07950_00/4c4d5312-e602-424b-baef-3e3a4bbfc48f-version.xml,ps5,game
UP0002-PPSA01649_00-CODMW3CONTENT005,MWIII: Shared Content Pack 2,PPSA01649,https://sgst.prod.dl.playstation.net/sgst/prod/00/np/PPSA01649_00/c789036c-39fd-47d5-9e1f-d71e8058630f-version.xml,ps5,
EP0002-PPSA07950_00-CODMW3CONTENT006,MWIII: Shared Content Pack 3,PPSA07950,https://sgst.prod.dl.playstation.net/sgst/prod/00/np/PPSA07950_00/4c4d5312-e602-424b-baef-3e3a4bbfc48f-version.xml,ps5,game
UP0002-PPSA01649_00-CODMW3CONTENT006,MWIII: Shared Content Pack 3,PPSA01649,https://sgst.prod.dl.playstation.net/sgst/prod/00/np/PPSA01649_00/c789036c-39fd-47d5-9e1f-d71e8058630f-version.xml,ps5,
UP4389-PPSA04734_00-MXVSATV2021US001,MX vs ATV Legends,PPSA04734,https://sgst.prod.dl.playstation.net/sgst/prod/00/np/PPSA04734_00/b31aa79c-3bab-4712-9ef2-e0fed42bf272-version.xml,ps5,game
EP4389-PPSA04735_00-MXVSATV2021US001,MX vs ATV Legends,PPSA04735,https://sgst.prod.dl.playstation.net/sgst/prod/00/np/PPSA04735_00/f704cdb4-1d26-43fe-baa6-c8902e52e18e-version.xml,ps5,game
UP1981-PPSA04052_00-MXGP2021FULLGAME,MXGP 2021 - The Official Motocross Videogame,PPSA04052,https://sgst.prod.dl.playstation.net/sgst/prod/00/np/PPSA04052_00/9a9f3375-f51c-4526-a7bd-237779b74931-version.xml,ps5,game
UP3824-PPSA05729_00-MLPBASEGAME00001,MY LITTLE PONY: A Maretime Bay Adventure,PPSA05729,https://sgst.prod.dl.playstation.net/sgst/prod/00/np/PPSA05729_00/d8fcc4a6-b1b5-4fcb-ae44-034ea882b6e5-version.xml,ps5,game
EP0006-PPSA02344_00-MADDENNFL22GAME1,Madden NFL 22,PPSA02344,https://sgst.prod.dl.playstation.net/sgst/prod/00/np/PPSA02344_00/811eda93-6ba5-4ca7-8a5c-1d56eba43276-version.xml,ps5,game
UP0006-PPSA05481_00-MADDENNFL23GAME1,Madden NFL 23,PPSA05481,https://sgst.prod.dl.playstation.net/sgst/prod/00/np/PPSA05481_00/a355cf95-48a0-42a3-9983-8e09a42a75a3-version.xml,ps5,
UP0006-PPSA26127_00-MADDENNFL26GAME0,Madden NFL 26,PPSA26127,https://sgst.prod.dl.playstation.net/sgst/prod/00/np/PPSA26127_00/b08bbacc-a8f5-4891-bcca-1fc943d7cc38-version.xml,ps5,game
EP4459-PPSA02966_00-MAIDOFSKERPS5EUR,Maid of Sker,PPSA02966,https://sgst.prod.dl.playstation.net/sgst/prod/00/np/PPSA02966_00/e4c446c8-8843-4e7a-8278-4f866b0c6600-version.xml,ps5,game
UP0082-PPSA01903_00-6090536024958644,Mako Crystal,PPSA01903,https://sgst.prod.dl.playstation.net/sgst/prod/00/np/PPSA01903_00/403b8eef-f2b4-456a-bfb9-42b3d0eb1402-version.xml,ps5,game
HP0082-PPSA01773_00-6090536024958644,Mako Crystal,PPSA01773,https://sgst.prod.dl.playstation.net/sgst/prod/00/np/PPSA01773_00/5f3f96a2-cf9f-4f96-a22c-2cb8e47f4ae6-version.xml,ps5,
EP0082-PPSA01911_00-6090536024958644,Mako Crystal,PPSA01911,https://sgst.prod.dl.playstation.net/sgst/prod/00/np/PPSA01911_00/ae7d9b2c-2db9-4d73-992a-dd0d1b8603b1-version.xml,ps5,
EP0114-PPSA01862_00-MANEATER00000001,Maneater,PPSA01862,https://sgst.prod.dl.playstation.net/sgst/prod/00/np/PPSA01862_00/6cf20cc0-645f-4fcc-b5c8-092679f5cef0-version.xml,ps5,
UP0115-PPSA01861_00-9404508370394328,Maneater - Truth Quest,PPSA01861,https://sgst.prod.dl.playstation.net/sgst/prod/00/np/PPSA01861_00/0dc09abf-89df-45f0-9ea4-0ceb9cf7df96-version.xml,ps5,game
UP2470-PPSA01831_00-MAQUETTESIEA0000,Maquette,PPSA01831,https://sgst.prod.dl.playstation.net/sgst/prod/00/np/PPSA01831_00/aea0f9ff-f2cf-4462-a944-994392b89be3-version.xml,ps5,game
HP2418-PPSA01834_00-MAQUETTESIEJASIA,Maquette,PPSA01834,https://sgst.prod.dl.playstation.net/sgst/prod/00/np/PPSA01834_00/ec732e7f-43f6-447e-abcf-01ad9eab27a9-version.xml,ps5,
EP0122-PPSA10616_00-00000000MARFUSHA,Marfusha,PPSA10616,https://sgst.prod.dl.playstation.net/sgst/prod/00/np/PPSA10616_00/a2d86e3e-4401-48d7-b302-ac1e3f56ce0e-version.xml,ps5,game
UP6322-PPSA18605_00-ADDCONT00000DLC2,Maritime,PPSA18605,https://sgst.prod.dl.playstation.net/sgst/prod/00/np/PPSA18605_00/75dbd221-8368-4199-bc17-797469e11d02-version.xml,ps5,game
UP4882-PPSA14734_00-P14S1XXXXXXXXXXX,Marshmello - Alone,PPSA14734,https://sgst.prod.dl.playstation.net/sgst/prod/00/np/PPSA14734_00/dc84fbd1-2b13-419c-bc3d-4ba7ea2472bc-version.xml,ps5,game
UB0335-PPSA21669_00-0320312678245089,Marvel Rivals,PPSA21669,https://sgst.prod.dl.playstation.net/sgst/prod/00/np/PPSA21669_00/38bb8b3c-6491-403e-ac7e-12db970d9b70-version.xml,ps5,game
UP0082-PPSA01631_00-0662491250602628,Marvel's Avengers,PPSA01631,https://sgst.prod.dl.playstation.net/sgst/prod/00/np/PPSA01631_00/0a7bb070-c488-443b-ae14-acf5ef1e304a-version.xml,ps5,game
UP0082-PPSA01631_00-BLA0000000000002,Marvel's Avengers PS Plus Reward 4 (Black Panther),PPSA01631,https://sgst.prod.dl.playstation.net/sgst/prod/00/np/PPSA01631_00/0a7bb070-c488-443b-ae14-acf5ef1e304a-version.xml,ps5,game
UP0082-PPSA01631_00-PLP0030000000000,Marvel's Avengers PlayStation®Plus Reward (Clint),PPSA01631,https://sgst.prod.dl.playstation.net/sgst/prod/00/np/PPSA01631_00/0a7bb070-c488-443b-ae14-acf5ef1e304a-version.xml,ps5,game
UP0082-PPSA01631_00-SPI0000000000002,Marvel's Avengers Spider-Man PS Plus Pack,PPSA01631,https://sgst.prod.dl.playstation.net/sgst/prod/00/np/PPSA01631_00/0a7bb070-c488-443b-ae14-acf5ef1e304a-version.xml,ps5,game
UP1001-PPSA02621_00-CODA000000000000,Marvel's Midnight Suns,PPSA02621,https://sgst.prod.dl.playstation.net/sgst/prod/00/np/PPSA02621_00/3a48d115-cdba-4564-a264-75f7df6c8444-version.xml,ps5,game
JP9000-PPSA08339_00-MARVELSPIDERMAN2,Marvel's Spider-Man 2,PPSA08339,https://sgst.prod.dl.playstation.net/sgst/prod/00/np/PPSA08339_00/11a57d96-3828-4516-80fb-98fb19ade8b1-version.xml,ps5,game
UP9000-PPSA03016_00-MARVELSPIDERMAN2,Marvel's Spider-Man 2,PPSA03016,https://sgst.prod.dl.playstation.net/sgst/prod/00/np/PPSA03016_00/002f8b71-1c52-4f96-ae69-bf70edd7a62b-version.xml,ps5,
EP9000-PPSA01468_00-MARVELSSPIDERMAN,Marvel's Spider-Man Remastered,PPSA01468,https://sgst.prod.dl.playstation.net/sgst/prod/00/np/PPSA01468_00/c2300bd9-2b0b-405e-9b43-8d8598c201af-version.xml,ps5,game
UP9000-PPSA01411_00-MARVELSSMMORALES,Marvel's Spider-Man: Miles Morales,PPSA01411,https://sgst.prod.dl.playstation.net/sgst/prod/00/np/PPSA01411_00/74289cac-d011-4fc8-88f4-6c2e36bfa908-version.xml,ps5,game
EP9000-PPSA01417_00-MARVELSSMMORALES,Marvel's Spider-Man: Miles Morales,PPSA01417,https://sgst.prod.dl.playstation.net/sgst/prod/00/np/PPSA01417_00/c17acfd2-117e-47fd-a82c-cd18794ae658-version.xml,ps5,game
EP1018-PPSA01619_00-DLC6SKINPACK0000,Matinee Skin Pack,PPSA01619,https://sgst.prod.dl.playstation.net/sgst/prod/00/np/PPSA01619_00/d13316b3-ee9c-4082-bc86-f8a38f4c1278-version.xml,ps5,game
UP9000-PPSA01289_00-SABATINTMATT0001,Matt Costume Paint Pack,PPSA01289,https://sgst.prod.dl.playstation.net/sgst/prod/00/np/PPSA01289_00/0c1789e3-10b1-41eb-8ede-c159db8ef1e7-version.xml,ps5,
EP3643-PPSA09720_00-00000000MCPIXEL3,McPixel 3,PPSA09720,https://sgst.prod.dl.playstation.net/sgst/prod/00/np/PPSA09720_00/3ab0030d-0e5c-498b-ba5a-8fa0d7194199-version.xml,ps5,game
EP6667-PPSA07396_00-6112066370569974,Mech Armada,PPSA07396,https://sgst.prod.dl.playstation.net/sgst/prod/00/np/PPSA07396_00/b0562d37-25f5-40fc-afb1-6ddabd89fbc4-version.xml,ps5,game
UP9000-PPSA15811_00-SCUS942270000000,MediEvil,PPSA15811,https://sgst.prod.dl.playstation.net/sgst/prod/00/np/PPSA15811_00/79bd70e6-d9b3-4c30-82b8-3a49b4f5a56b-version.xml,ps5,game
UP9000-PPSA19048_00-SCUS945640000000,MediEvil II,PPSA19048,https://sgst.prod.dl.playstation.net/sgst/prod/00/np/PPSA19048_00/fa41c84b-436e-414d-9207-a898051c6a2f-version.xml,ps5,game
UP9000-PPSA07550_00-UCUS986200000000,MediEvil: Resurrection,PPSA07550,https://sgst.prod.dl.playstation.net/sgst/prod/00/np/PPSA07550_00/f2d756f7-719f-482f-9b9c-f9eb7149ecf7-version.xml,ps5,game
UP4939-PPSA05722_00-MEETYOURMAKER000,Meet Your Maker,PPSA05722,https://sgst.prod.dl.playstation.net/sgst/prod/00/np/PPSA05722_00/b99ab808-1a25-4e6b-b05e-93ace6420f81-version.xml,ps5,game
EP5125-PPSA05723_00-MEETYOURMAKER000,Meet Your Maker,PPSA05723,https://sgst.prod.dl.playstation.net/sgst/prod/00/np/PPSA05723_00/35274595-653e-4dd8-8694-10d3616e7b3a-version.xml,ps5,
EP4062-PPSA16211_00-METALEDENPS5SIEE,Metal Eden,PPSA16211,https://sgst.prod.dl.playstation.net/sgst/prod/00/np/PPSA16211_00/fb5fed9e-c06c-497e-9279-acc173d43371-version.xml,ps5,game
EP0101-PPSA14408_00-METALGEAR1AND2PS,Metal Gear & Metal Gear 2: Solid Snake,PPSA14408,https://sgst.prod.dl.playstation.net/sgst/prod/00/np/PPSA14408_00/7eceeb68-4a36-4707-b45d-be2c983569a2-version.xml,ps5,game
UP1850-PPSA01953_00-METALHELLSINGER0,Metal: Hellsinger,PPSA01953,https://sgst.prod.dl.playstation.net/sgst/prod/00/np/PPSA01953_00/693ad410-7926-431d-bb5f-127a86b5fad9-version.xml,ps5,game
UP0177-PPSA25425_00-METAPHORNATRIAL1,Metaphor: ReFantazio - Prologue Demo,PPSA25425,https://sgst.prod.dl.playstation.net/sgst/prod/00/np/PPSA25425_00/fd1d8791-b65d-4c13-8315-c40bc03ba060-version.xml,ps5,
EP4062-PPSA01749_00-METROEXODUS0GEN9,Metro Exodus,PPSA01749,https://sgst.prod.dl.playstation.net/sgst/prod/00/np/PPSA01749_00/493be2f7-5b0b-4069-9854-f07a3eea67d4-version.xml,ps5,game
UP2047-PPSA02395_00-METROEXODUS0GEN9,Metro Exodus,PPSA02395,https://sgst.prod.dl.playstation.net/sgst/prod/00/np/PPSA02395_00/568ef444-e584-468c-a90b-68995f52cba2-version.xml,ps5,game
EP4062-PPSA01749_00-METROEXODUSDLC02,Metro Exodus - Sam's Story,PPSA01749,https://sgst.prod.dl.playstation.net/sgst/prod/00/np/PPSA01749_00/493be2f7-5b0b-4069-9854-f07a3eea67d4-version.xml,ps5,game
UP2047-PPSA02395_00-METROEXODUSDLC02,Metro Exodus - Sam's Story,PPSA02395,https://sgst.prod.dl.playstation.net/sgst/prod/00/np/PPSA02395_00/568ef444-e584-468c-a90b-68995f52cba2-version.xml,ps5,
EP4062-PPSA01749_00-METROEXODUSDLC01,Metro Exodus - The Two Colonels,PPSA01749,https://sgst.prod.dl.playstation.net/sgst/prod/00/np/PPSA01749_00/493be2f7-5b0b-4069-9854-f07a3eea67d4-version.xml,ps5,game
UP2047-PPSA02395_00-METROEXODUSDLC01,Metro Exodus - The Two Colonels,PPSA02395,https://sgst.prod.dl.playstation.net/sgst/prod/00/np/PPSA02395_00/568ef444-e584-468c-a90b-68995f52cba2-version.xml,ps5,
EP4459-PPSA15876_00-MATDPPS5SIEE0000,Mia and the Dragon Princess,PPSA15876,https://sgst.prod.dl.playstation.net/sgst/prod/00/np/PPSA15876_00/a3538c51-f38b-4d27-bbb1-46dfede0baff-version.xml,ps5,game
UP4040-PPSA06222_00-MIASMA0000000000,Miasma Chronicles,PPSA06222,https://sgst.prod.dl.playstation.net/sgst/prod/00/np/PPSA06222_00/cb92b878-cd28-42e8-8560-be242e0bc3a3-version.xml,ps5,game
UP0082-PPSA01903_00-7498020930762543,Midgar Bangle,PPSA01903,https://sgst.prod.dl.playstation.net/sgst/prod/00/np/PPSA01903_00/403b8eef-f2b4-456a-bfb9-42b3d0eb1402-version.xml,ps5,game
HP0082-PPSA01773_00-7498020930762543,Midgar Bangle,PPSA01773,https://sgst.prod.dl.playstation.net/sgst/prod/00/np/PPSA01773_00/5f3f96a2-cf9f-4f96-a22c-2cb8e47f4ae6-version.xml,ps5,
EP0082-PPSA01911_00-7498020930762543,Midgar Bangle,PPSA01911,https://sgst.prod.dl.playstation.net/sgst/prod/00/np/PPSA01911_00/ae7d9b2c-2db9-4d73-992a-dd0d1b8603b1-version.xml,ps5,
EP1018-PPSA01619_00-MILCHARACTER0000,Mileena,PPSA01619,https://sgst.prod.dl.playstation.net/sgst/prod/00/np/PPSA01619_00/d13316b3-ee9c-4082-bc86-f8a38f4c1278-version.xml,ps5,game
UP4433-PPSA17221_00-MINECRAFTPS50000,Minecraft,PPSA17221,https://sgst.prod.dl.playstation.net/sgst/prod/00/np/PPSA17221_00/aa5fec45-8a51-4654-97af-794e5b776905-version.xml,ps5,game
UP4433-PPSA05509_00-8852642893808980,Minecraft Legends,PPSA05509,https://sgst.prod.dl.playstation.net/sgst/prod/00/np/PPSA05509_00/04e8a9fe-9666-4c83-b59d-41e2c1ff1bec-version.xml,ps5,game
JP0127-PPSA05511_00-6279100536590199,Minecraft Legends,PPSA05511,https://sgst.prod.dl.playstation.net/sgst/prod/00/np/PPSA05511_00/41282303-3c40-4b5d-9b32-638799c1725f-version.xml,ps5,
UP4433-PPSA19639_00-CPREVIEW00000000,Minecraft Preview,PPSA19639,https://sgst.prod.dl.playstation.net/sgst/prod/00/np/PPSA19639_00/d6d56dc9-b615-40df-9c0f-5af1cb826eac-version.xml,ps5,game
UP3824-PPSA03705_00-8652666117318371,Minha amiga Peppa Pig,PPSA03705,https://sgst.prod.dl.playstation.net/sgst/prod/00/np/PPSA03705_00/e6040854-c5b9-4e80-bfeb-44b463278d51-version.xml,ps5,game
UP9000-PPSA22948_00-SLUS203750000000,Mister Mosquito,PPSA22948,https://sgst.prod.dl.playstation.net/sgst/prod/00/np/PPSA22948_00/f5515d95-e061-4782-a246-0553a7a4f5e4-version.xml,ps5,game
EP0700-PPSA04268_00-GUNDAMBO2CFVOL01,Mobile Suit Gundam: Battle Operation - Codename: Fairy Vol. 1,PPSA04268,https://sgst.prod.dl.playstation.net/sgst/prod/00/np/PPSA04268_00/43e30e4c-2bd3-4420-a854-3b8789ed7f39-version.xml,ps5,game
UP0700-PPSA04215_00-GUNDAMBO2CFVOL01,Mobile Suit Gundam: Battle Operation - Codename: Fairy Vol. 1,PPSA04215,https://sgst.prod.dl.playstation.net/sgst/prod/00/np/PPSA04215_00/7b83ec25-2ff5-411a-9633-ff50f8c4d5eb-version.xml,ps5,game
EP0700-PPSA04268_00-GUNDAMBO2CFVOL02,Mobile Suit Gundam: Battle Operation - Codename: Fairy Vol. 2,PPSA04268,https://sgst.prod.dl.playstation.net/sgst/prod/00/np/PPSA04268_00/43e30e4c-2bd3-4420-a854-3b8789ed7f39-version.xml,ps5,game
UP0700-PPSA04215_00-GUNDAMBO2CFVOL02,Mobile Suit Gundam: Battle Operation - Codename: Fairy Vol. 2,PPSA04215,https://sgst.prod.dl.playstation.net/sgst/prod/00/np/PPSA04215_00/7b83ec25-2ff5-411a-9633-ff50f8c4d5eb-version.xml,ps5,game
EP0700-PPSA04268_00-GUNDAMBO2CFVOL03,Mobile Suit Gundam: Battle Operation - Codename: Fairy Vol. 3,PPSA04268,https://sgst.prod.dl.playstation.net/sgst/prod/00/np/PPSA04268_00/43e30e4c-2bd3-4420-a854-3b8789ed7f39-version.xml,ps5,game
UP0700-PPSA04215_00-GUNDAMBO2CFVOL03,Mobile Suit Gundam: Battle Operation - Codename: Fairy Vol. 3,PPSA04215,https://sgst.prod.dl.playstation.net/sgst/prod/00/np/PPSA04215_00/7b83ec25-2ff5-411a-9633-ff50f8c4d5eb-version.xml,ps5,game
UP0002-PPSA01649_00-CODMW3BETAPACK01,Modern Warfare III - Beta Pack 01,PPSA01649,https://sgst.prod.dl.playstation.net/sgst/prod/00/np/PPSA01649_00/c789036c-39fd-47d5-9e1f-d71e8058630f-version.xml,ps5,
UP0002-PPSA01649_00-CODMW3BETAPACK02,Modern Warfare III - Beta Pack 02,PPSA01649,https://sgst.prod.dl.playstation.net/sgst/prod/00/np/PPSA01649_00/c789036c-39fd-47d5-9e1f-d71e8058630f-version.xml,ps5,
EP1001-PPSA01493_00-0000DAFEUPS5DLC3,Molten Mirrors,PPSA01493,https://sgst.prod.dl.playstation.net/sgst/prod/00/np/PPSA01493_00/35a4e113-87fc-43fe-b7fc-b93a72223736-version.xml,ps5,game
EP9000-PPSA01288_00-SABAMONKEYKING01,Monkey King Costume,PPSA01288,https://sgst.prod.dl.playstation.net/sgst/prod/00/np/PPSA01288_00/1db8a953-699b-47e8-8082-799b1eea8118-version.xml,ps5,game
UP9000-PPSA01289_00-SABAMONKEYKING01,Monkey King Costume,PPSA01289,https://sgst.prod.dl.playstation.net/sgst/prod/00/np/PPSA01289_00/0c1789e3-10b1-41eb-8ede-c159db8ef1e7-version.xml,ps5,
EP0757-PPSA02786_00-MONSTERBOYATCK00,Monster Boy and the Cursed Kingdom,PPSA02786,https://sgst.prod.dl.playstation.net/sgst/prod/00/np/PPSA02786_00/05585176-2132-4491-a7f3-036f822844fc-version.xml,ps5,game
UP0760-PPSA02787_00-MONSTERBOYATCK00,Monster Boy e o Reino Amaldiçoado,PPSA02787,https://sgst.prod.dl.playstation.net/sgst/prod/00/np/PPSA02787_00/f974be5f-9e84-4c89-a591-0b89d071df07-version.xml,ps5,game
UP1981-PPSA04054_00-SUPERCROSS5FGAME,Monster Energy Supercross - The Official Videogame 5,PPSA04054,https://sgst.prod.dl.playstation.net/sgst/prod/00/np/PPSA04054_00/e72e7a1d-6af3-495e-b10d-3cc6ef9af14c-version.xml,ps5,game
UP1981-PPSA09135_00-SUPERCROSS6FGAME,Monster Energy Supercross - The Official Videogame 6,PPSA09135,https://sgst.prod.dl.playstation.net/sgst/prod/00/np/PPSA09135_00/a4467633-9a19-4c6b-abdc-83c8eb4fabf8-version.xml,ps5,game
EP4356-PPSA20435_00-SUPERCROSS25GAME,Monster Energy Supercross 2025,PPSA20435,https://sgst.prod.dl.playstation.net/sgst/prod/00/np/PPSA20435_00/2595b93c-edb6-4afe-8324-ff59466893df-version.xml,ps5,game
UP0102-PPSA08033_00-FULLGAME00000001,Monster Hunter Rise,PPSA08033,https://sgst.prod.dl.playstation.net/sgst/prod/00/np/PPSA08033_00/b21a1d5d-9c2a-407a-87b1-119b274b5fc1-version.xml,ps5,game
UP1981-PPSA16160_00-MONSTERJAMGAME00,Monster Jam™ Showdown,PPSA16160,https://sgst.prod.dl.playstation.net/sgst/prod/00/np/PPSA16160_00/ccc7e5b2-89b5-4f1b-8bda-c0f0fd515a82-version.xml,ps5,game
UP1050-PPSA21237_00-XXXXXXXXXXXXXXXX,Monster Train,PPSA21237,https://sgst.prod.dl.playstation.net/sgst/prod/00/np/PPSA21237_00/077f5176-01e5-4e52-90e8-da82f1415d38-version.xml,ps5,game
UP4008-PPSA01902_00-MTC0000000000000,Monster Truck Championship,PPSA01902,https://sgst.prod.dl.playstation.net/sgst/prod/00/np/PPSA01902_00/60dfe23c-08c7-4f2a-b217-f6b365633028-version.xml,ps5,game
UP3864-PPSA08801_00-MOONSCARS000PS5A,Moonscars,PPSA08801,https://sgst.prod.dl.playstation.net/sgst/prod/00/np/PPSA08801_00/19de9e68-0031-4030-afd6-e2e335993598-version.xml,ps5,game
EP4886-PPSA16662_00-0822909442408128,Moonshine Inc.,PPSA16662,https://sgst.prod.dl.playstation.net/sgst/prod/00/np/PPSA16662_00/50cc92d2-5a05-4481-8410-a9fb8047ac97-version.xml,ps5,game
UP4713-PPSA16661_00-0330140076085024,Moonshine Inc.,PPSA16661,https://sgst.prod.dl.playstation.net/sgst/prod/00/np/PPSA16661_00/1f40d55d-a4bf-4a91-a8c9-764ecf7d2416-version.xml,ps5,game
UP6686-PPSA07432_00-MORDHAUSIEA00000,Mordhau,PPSA07432,https://sgst.prod.dl.playstation.net/sgst/prod/00/np/PPSA07432_00/4973b1cb-9a87-4978-8a46-e5a82442cea2-version.xml,ps5,game
UP1018-PPSA07570_00-MK1000KOMBATPACK,Mortal Kombat 1 Kombat Pack,PPSA07570,https://sgst.prod.dl.playstation.net/sgst/prod/00/np/PPSA07570_00/47d67988-0c82-41cf-b8c6-6ab8640efa8d-version.xml,ps5,
UP1018-PPSA01618_00-00MORTALKOMBAT11,Mortal Kombat 11,PPSA01618,https://sgst.prod.dl.playstation.net/sgst/prod/00/np/PPSA01618_00/f3a53826-4db4-4320-aaa0-f510d599cf34-version.xml,ps5,game
EP1018-PPSA01619_00-00MORTALKOMBAT11,Mortal Kombat 11,PPSA01619,https://sgst.prod.dl.playstation.net/sgst/prod/00/np/PPSA01619_00/d13316b3-ee9c-4082-bc86-f8a38f4c1278-version.xml,ps5,game
UP1018-PPSA07570_00-MKONE00000000000,Mortal Kombat™ 1,PPSA07570,https://sgst.prod.dl.playstation.net/sgst/prod/00/np/PPSA07570_00/47d67988-0c82-41cf-b8c6-6ab8640efa8d-version.xml,ps5,game
UP3639-PPSA02868_00-MORTALSHELL00001,Mortal Shell: Enhanced Edition,PPSA02868,https://sgst.prod.dl.playstation.net/sgst/prod/00/np/PPSA02868_00/c187982e-1924-4d39-9f56-fd20975b3440-version.xml,ps5,game
EP0896-PPSA06118_00-RAGAMOTOROADERMC,Moto Roader MC,PPSA06118,https://sgst.prod.dl.playstation.net/sgst/prod/00/np/PPSA06118_00/09d1b581-a21e-414a-8860-9e5af5d15ded-version.xml,ps5,game
UP1981-PPSA05761_00-MOTOGP22FULLGAME,MotoGP™22,PPSA05761,https://sgst.prod.dl.playstation.net/sgst/prod/00/np/PPSA05761_00/db176488-01dd-43b1-9fe7-5067d875e498-version.xml,ps5,
UP1981-PPSA10683_00-MOTOGP23FULLGAME,MotoGP™23,PPSA10683,https://sgst.prod.dl.playstation.net/sgst/prod/00/np/PPSA10683_00/ae832be7-4046-433e-b121-1240127df569-version.xml,ps5,game
EP4356-PPSA10682_00-MOTOGP23FULLGAME,MotoGP™23,PPSA10682,https://sgst.prod.dl.playstation.net/sgst/prod/00/np/PPSA10682_00/0bdda988-638e-4288-8d2a-5f24696f40e3-version.xml,ps5,game
UP1981-PPSA19567_00-MOTOGP24FULLGAME,MotoGP™24,PPSA19567,https://sgst.prod.dl.playstation.net/sgst/prod/00/np/PPSA19567_00/599b9222-fef9-4298-9e68-7d56e9762ee2-version.xml,ps5,game
UP6856-PPSA15246_00-TRDNPREORDER0000,MotorPark,PPSA15246,https://sgst.prod.dl.playstation.net/sgst/prod/00/np/PPSA15246_00/bd2fc047-b567-455d-bf4b-53d0a5e77990-version.xml,ps5,game
UP1468-PPSA04136_00-MB2BANNERLORD000,Mount & Blade II: Bannerlord,PPSA04136,https://sgst.prod.dl.playstation.net/sgst/prod/00/np/PPSA04136_00/045c4a5c-b418-4438-9d53-c01a2c1350d6-version.xml,ps5,game
UP4064-PPSA08207_00-1718605728771034,Moving Out 2,PPSA08207,https://sgst.prod.dl.playstation.net/sgst/prod/00/np/PPSA08207_00/7a49d6e7-6df7-4e68-ac36-1e431d7113e4-version.xml,ps5,game
EP1001-PPSA01463_00-00000ONGSIEEDLC1,Moxxi's Heist of the Handsome Jackpot,PPSA01463,https://sgst.prod.dl.playstation.net/sgst/prod/00/np/PPSA01463_00/4e400b2f-9fec-400c-97ab-307b529adb57-version.xml,ps5,game
UP1001-PPSA01462_00-00000ONGSIEADLC1,Moxxi's Heist of the Handsome Jackpot,PPSA01462,https://sgst.prod.dl.playstation.net/sgst/prod/00/np/PPSA01462_00/ed616f4d-c5de-47b3-a7ad-68ce8224f91e-version.xml,ps5,game
EP1001-PPSA01463_00-00ONGSIEEFFCMOZE,Moze Final Form Pack,PPSA01463,https://sgst.prod.dl.playstation.net/sgst/prod/00/np/PPSA01463_00/4e400b2f-9fec-400c-97ab-307b529adb57-version.xml,ps5,game
UP1001-PPSA01462_00-00ONGSIEAFFCMOZE,Moze Final Form Pack,PPSA01462,https://sgst.prod.dl.playstation.net/sgst/prod/00/np/PPSA01462_00/ed616f4d-c5de-47b3-a7ad-68ce8224f91e-version.xml,ps5,game
EP0700-PPSA02645_00-EP5MRDRILLERDL0E,Mr. DRILLER DrillLand,PPSA02645,https://sgst.prod.dl.playstation.net/sgst/prod/00/np/PPSA02645_00/17e4df90-5908-4c3d-b6a2-e433a841e504-version.xml,ps5,game
UP0700-PPSA07719_00-SLUS011110000000,Mr. Driller,PPSA07719,https://sgst.prod.dl.playstation.net/sgst/prod/00/np/PPSA07719_00/36736ec6-7359-48f4-bfe8-bd801037406f-version.xml,ps5,game
EP0082-PPSA04988_00-PWSMF30000000001,Muckingham Files 3,PPSA04988,https://sgst.prod.dl.playstation.net/sgst/prod/00/np/PPSA04988_00/ebc690a4-34de-4ee1-8e6f-7f39676fc297-version.xml,ps5,game
EP0082-PPSA04988_00-PWSMF40000000001,Muckingham Files 4,PPSA04988,https://sgst.prod.dl.playstation.net/sgst/prod/00/np/PPSA04988_00/ebc690a4-34de-4ee1-8e6f-7f39676fc297-version.xml,ps5,game
EP0082-PPSA04988_00-PWSWPY0000000001,Muckingham Files 5,PPSA04988,https://sgst.prod.dl.playstation.net/sgst/prod/00/np/PPSA04988_00/ebc690a4-34de-4ee1-8e6f-7f39676fc297-version.xml,ps5,game
EP0082-PPSA04988_00-PWSMF60000000001,Muckingham Files 6,PPSA04988,https://sgst.prod.dl.playstation.net/sgst/prod/00/np/PPSA04988_00/ebc690a4-34de-4ee1-8e6f-7f39676fc297-version.xml,ps5,game
EP1018-PPSA03190_00-MULTIVERSUS00000,MultiVersus,PPSA03190,https://sgst.prod.dl.playstation.net/sgst/prod/00/np/PPSA03190_00/5a972d1d-74ae-4463-8f38-22232f9c5254-version.xml,ps5,game
UP3824-PPSA09189_00-0884984015825227,Mundo da PAW Patrol Patrulha Canina,PPSA09189,https://sgst.prod.dl.playstation.net/sgst/prod/00/np/PPSA09189_00/fc2fd8f6-2884-4659-b5ec-448eaa90136b-version.xml,ps5,game
EP1661-PPSA03877_00-SYPS5MUSICRACERU,Music Racer Ultimate,PPSA03877,https://sgst.prod.dl.playstation.net/sgst/prod/00/np/PPSA03877_00/2bd16926-2fc5-4564-a8cd-6fff4503bf41-version.xml,ps5,game
UP9000-PPSA24156_00-MYFRSTGT00000000,My First Gran Turismo®,PPSA24156,https://sgst.prod.dl.playstation.net/sgst/prod/00/np/PPSA24156_00/ada3f70a-1679-465f-b31a-7abcf2737423-version.xml,ps5,
EP9001-PPSA24157_00-MYFRSTGT00000000,My First Gran Turismo™,PPSA24157,https://sgst.prod.dl.playstation.net/sgst/prod/00/np/PPSA24157_00/9da5733a-0ed1-45d7-94ed-911cb91901f6-version.xml,ps5,game
IP9000-PPSA01659_00-SAMPLEVIDEO00000,My Videos,PPSA01659,https://sgst.prod.dl.playstation.net/sgst/prod/00/np/PPSA01659_00/04758c46-89a3-4d2d-8887-b72379aed9fd-version.xml,ps5,game
UP0922-PPSA17121_00-SCUS946020000000,Myst,PPSA17121,https://sgst.prod.dl.playstation.net/sgst/prod/00/np/PPSA17121_00/7767a476-33e0-4ced-b99f-d5b10de7fa93-version.xml,ps5,game
JP8033-PPSA17923_00-MYSTICPILLARSZZZ,Mystic Pillars - Remasterizada,PPSA17923,https://sgst.prod.dl.playstation.net/sgst/prod/00/np/PPSA17923_00/02aecccf-dcc3-4730-9ce8-d8cc3d1798a5-version.xml,ps5,game
UP1001-PPSA03669_00-NBA2K22000000000,NBA 2K22,PPSA03669,https://sgst.prod.dl.playstation.net/sgst/prod/00/np/PPSA03669_00/6e5b403f-b5e8-4711-8853-da09c0912ad6-version.xml,ps5,game
UP1001-PPSA07169_00-NBA2K23000000000,NBA 2K23,PPSA07169,https://sgst.prod.dl.playstation.net/sgst/prod/00/np/PPSA07169_00/a6898833-6a78-47cc-b49f-79e8fca70461-version.xml,ps5,game
EP1001-PPSA07170_00-NBA2K23000000000,NBA 2K23,PPSA07170,https://sgst.prod.dl.playstation.net/sgst/prod/00/np/PPSA07170_00/ec97693f-6e5c-4ef0-a562-7154229d5981-version.xml,ps5,
UP1001-PPSA15301_00-NBA2K24000000000,NBA 2K24,PPSA15301,https://sgst.prod.dl.playstation.net/sgst/prod/00/np/PPSA15301_00/29238bcf-8e8a-4914-b4cb-61cf83e3f0ed-version.xml,ps5,game
UP1001-PPSA22120_00-NBA2K25000000000,NBA 2K25,PPSA22120,https://sgst.prod.dl.playstation.net/sgst/prod/00/np/PPSA22120_00/de0c6cad-b478-4bb3-b233-6f0eaaefc8a1-version.xml,ps5,game
UP8832-PPSA10092_00-8615880294208866,NBA App,PPSA10092,https://sgst.prod.dl.playstation.net/sgst/prod/00/np/PPSA10092_00/1562dd43-d686-4afa-8f33-dfea8540a0b0-version.xml,ps5,
UP0006-PPSA11193_00-NHLPS5HOCKEY2024,NHL® 24,PPSA11193,https://sgst.prod.dl.playstation.net/sgst/prod/00/np/PPSA11193_00/cfdf38aa-b605-41af-98c0-1747ec54d882-version.xml,ps5,game
EP0006-PPSA01536_00-NHLPS5HOCKEY2022,NHL™ 22,PPSA01536,https://sgst.prod.dl.playstation.net/sgst/prod/00/np/PPSA01536_00/1873abaf-966a-45bd-8a9e-0cce8eae4d1a-version.xml,ps5,game
UB1244-PPSA26558_00-PWRDNTEGB0000000,NTE,PPSA26558,https://sgst.prod.dl.playstation.net/sgst/prod/00/np/PPSA26558_00/5d89ee29-2999-49bf-8e53-22328d4f3103-version.xml,ps5,game
UP2165-PPSA05317_00-TCMX0014XCHARNAN,Nancy Character,PPSA05317,https://sgst.prod.dl.playstation.net/sgst/prod/00/np/PPSA05317_00/2169230b-f5d8-4558-823d-cc1c94036fe5-version.xml,ps5,
UP9000-PPSA01289_00-SABANATHANDRAKE1,Nathan Drake Costume,PPSA01289,https://sgst.prod.dl.playstation.net/sgst/prod/00/np/PPSA01289_00/0c1789e3-10b1-41eb-8ede-c159db8ef1e7-version.xml,ps5,
EP4133-PPSA02449_00-NECROMUMHIREDGUN,Necromunda: Hired Gun,PPSA02449,https://sgst.prod.dl.playstation.net/sgst/prod/00/np/PPSA02449_00/e4284ae6-63f3-4b9c-9c8d-7c21b823e400-version.xml,ps5,game
EP0006-PPSA01717_00-NEEDFORSPEED2022,Need for Speed™ Unbound,PPSA01717,https://sgst.prod.dl.playstation.net/sgst/prod/00/np/PPSA01717_00/8bd76a4c-ff9c-4c5c-8ab9-59313ca9842b-version.xml,ps5,game
UP0006-PPSA01716_00-NEEDFORSPEED2022,Need for Speed™ Unbound,PPSA01716,https://sgst.prod.dl.playstation.net/sgst/prod/00/np/PPSA01716_00/f20b1bb2-2c57-4561-8c37-ca89ac689cb0-version.xml,ps5,game
UP1001-PPSA01462_00-ONGCHARSKINSIEA2,Neon Cosmetic Pack,PPSA01462,https://sgst.prod.dl.playstation.net/sgst/prod/00/np/PPSA01462_00/ed616f4d-c5de-47b3-a7ad-68ce8224f91e-version.xml,ps5,game
UP2470-PPSA09864_00-NEONWHITESIEA000,Neon White,PPSA09864,https://sgst.prod.dl.playstation.net/sgst/prod/00/np/PPSA09864_00/982615a6-df04-4d36-9f22-24843e88b060-version.xml,ps5,game
UT0007-PPSA01614_00-NETFLIXGEMINI001,Netflix,PPSA01614,https://sgst.prod.dl.playstation.net/sgst/prod/00/np/PPSA01614_00/05e6deae-be8c-47e7-ba2f-3887e3669b91-version.xml,ps5,game
EP4350-PPSA01615_00-NETFLIXGEMINI001,Netflix,PPSA01615,https://sgst.prod.dl.playstation.net/sgst/prod/00/np/PPSA01615_00/5e554ea0-ecbe-456d-b253-794d6eff24d9-version.xml,ps5,game
JA0010-PPSA01616_00-NETFLIXGEMINI001,Netflix,PPSA01616,https://sgst.prod.dl.playstation.net/sgst/prod/00/np/PPSA01616_00/74cda124-91f9-4d48-a5c4-68dc8019a5e5-version.xml,ps5,
UP3643-PPSA16785_00-0524521320023310,Neva,PPSA16785,https://sgst.prod.dl.playstation.net/sgst/prod/00/np/PPSA16785_00/d4623eeb-4ddf-47f5-a459-377257ba2ca6-version.xml,ps5,game
EP0101-PPSA02994_00-NFGOPT0000000000,New Football Game Online Performance Test,PPSA02994,https://sgst.prod.dl.playstation.net/sgst/prod/00/np/PPSA02994_00/2eb22785-a950-407a-8849-67b1aa41d05c-version.xml,ps5,
UP6312-PPSA18653_00-0668420395645715,New Gods Pack: Freyr,PPSA18653,https://sgst.prod.dl.playstation.net/sgst/prod/00/np/PPSA18653_00/974334bd-776e-4ecd-a271-c0021cfb48e9-version.xml,ps5,game
UP5267-PPSA07398_00-0000000000000000,New World: Aeternum,PPSA07398,https://sgst.prod.dl.playstation.net/sgst/prod/00/np/PPSA07398_00/f3ffc2ab-7dc0-4676-9d68-6b691a00b266-version.xml,ps5,game
EP9000-PPSA01288_00-SABANEWYEAR00001,New Year Costume,PPSA01288,https://sgst.prod.dl.playstation.net/sgst/prod/00/np/PPSA01288_00/1db8a953-699b-47e8-8082-799b1eea8118-version.xml,ps5,game
UP9000-PPSA01289_00-SABANEWYEAR00001,New Year Costume,PPSA01289,https://sgst.prod.dl.playstation.net/sgst/prod/00/np/PPSA01289_00/0c1789e3-10b1-41eb-8ede-c159db8ef1e7-version.xml,ps5,
EP9000-PPSA01288_00-SABANEWYEARDRAG1,New Year Dragon Costume,PPSA01288,https://sgst.prod.dl.playstation.net/sgst/prod/00/np/PPSA01288_00/1db8a953-699b-47e8-8082-799b1eea8118-version.xml,ps5,game
UP9000-PPSA01289_00-SABANEWYEARDRAG1,New Year Dragon Costume,PPSA01289,https://sgst.prod.dl.playstation.net/sgst/prod/00/np/PPSA01289_00/0c1789e3-10b1-41eb-8ede-c159db8ef1e7-version.xml,ps5,
EP4293-PPSA04284_00-NEX1PS5SIEE00000,Nexomon,PPSA04284,https://sgst.prod.dl.playstation.net/sgst/prod/00/np/PPSA04284_00/5f860623-5c66-4ef0-85f6-d6f3f00ae8b3-version.xml,ps5,game
UP0283-PPSA02279_00-5063066328046533,Nickelodeon All-Star Brawl,PPSA02279,https://sgst.prod.dl.playstation.net/sgst/prod/00/np/PPSA02279_00/717bc65a-cb13-48f7-9c22-21332bc8e916-version.xml,ps5,game
UP0283-PPSA16744_00-NALLSTARBRAWLTWO,Nickelodeon All-Star Brawl 2,PPSA16744,https://sgst.prod.dl.playstation.net/sgst/prod/00/np/PPSA16744_00/ea5ad8c9-062e-4f68-9fdb-d7bbd7a020a9-version.xml,ps5,game
EP0281-PPSA04339_00-7165035328986329,Nickelodeon Kart Racers 3: Slime Speedway,PPSA04339,https://sgst.prod.dl.playstation.net/sgst/prod/00/np/PPSA04339_00/126e509c-6314-4562-84b0-65a1cd99ea27-version.xml,ps5,game
UP0406-PPSA05488_00-1992015946390275,Night In The Woods,PPSA05488,https://sgst.prod.dl.playstation.net/sgst/prod/00/np/PPSA05488_00/86c6383c-0fca-4a73-a5e1-83ea38fe5d83-version.xml,ps5,game
EP1018-PPSA01619_00-NITCHARACTER0000,Nightwolf,PPSA01619,https://sgst.prod.dl.playstation.net/sgst/prod/00/np/PPSA01619_00/d13316b3-ee9c-4082-bc86-f8a38f4c1278-version.xml,ps5,game
JP4443-PPSA25414_00-0905368681809535,Nine Sols,PPSA25414,https://sgst.prod.dl.playstation.net/sgst/prod/00/np/PPSA25414_00/3b89b6f9-8f59-48ed-82e0-6bf471399259-version.xml,ps5,game
UP9000-PPSA02489_00-NIOH2NA000000000,Nioh 2 Remastered,PPSA02489,https://sgst.prod.dl.playstation.net/sgst/prod/00/np/PPSA02489_00/3247c34f-b224-4a44-8150-5d1eca5409d1-version.xml,ps5,game
EP9000-PPSA02488_00-NIOH2EU000000000,Nioh 2 Remastered,PPSA02488,https://sgst.prod.dl.playstation.net/sgst/prod/00/np/PPSA02488_00/428e691a-946b-4a66-9248-db72df2839ed-version.xml,ps5,
UP9000-PPSA02487_00-NIOH2CE000000000,Nioh 2 Remastered - The Complete Edition,PPSA02487,https://sgst.prod.dl.playstation.net/sgst/prod/00/np/PPSA02487_00/b8c1d944-ab1d-4a53-9fdf-97eda8cab554-version.xml,ps5,
UP9000-PPSA02484_00-NIOHCEPS50000000,Nioh Remastered - The Complete Edition,PPSA02484,https://sgst.prod.dl.playstation.net/sgst/prod/00/np/PPSA02484_00/115fe354-a553-442f-9c3a-aa8451467a39-version.xml,ps5,
UP9000-PPSA07556_00-NPUG804600000000,No Heroes Allowed!,PPSA07556,https://sgst.prod.dl.playstation.net/sgst/prod/00/np/PPSA07556_00/04c16804-a6cd-443e-a802-e4fafb9830b8-version.xml,ps5,game
EP5661-PPSA06753_00-NOLONGERHOME0001,No Longer Home,PPSA06753,https://sgst.prod.dl.playstation.net/sgst/prod/00/np/PPSA06753_00/60b6fd7d-5f7c-452b-9fa0-9cec12a95108-version.xml,ps5,game
UP2034-PPSA02110_00-NOMANSSKYHG00001,No Man's Sky,PPSA02110,https://sgst.prod.dl.playstation.net/sgst/prod/00/np/PPSA02110_00/f4cb6658-c16e-4751-a2e1-fec2afa2725a-version.xml,ps5,game
EP2034-PPSA01412_00-NOMANSSKYHG00001,No Man's Sky,PPSA01412,https://sgst.prod.dl.playstation.net/sgst/prod/00/np/PPSA01412_00/9c9af5bc-0037-4dff-9def-7148714fce5d-version.xml,ps5,
UP1023-PPSA07576_00-NOMOREHEROES3002,No More Heroes 3,PPSA07576,https://sgst.prod.dl.playstation.net/sgst/prod/00/np/PPSA07576_00/f1d79dbd-df7a-4ec5-9330-6dc67444abc5-version.xml,ps5,game
EP6170-PPSA26925_00-NOSUNTOWORSHIPS5,NoSunToWorship,PPSA26925,https://sgst.prod.dl.playstation.net/sgst/prod/00/np/PPSA26925_00/6711a587-01da-46a9-b60d-cb1b3f789471-version.xml,ps5,game
UP3643-PPSA06416_00-0820528558602647,Noble Wizard Pack,PPSA06416,https://sgst.prod.dl.playstation.net/sgst/prod/00/np/PPSA06416_00/f3c63654-363f-4407-a9b3-f66b1941c001-version.xml,ps5,game
UP2045-PPSA03332_00-NSTW000000000000,Nobody Saves the World,PPSA03332,https://sgst.prod.dl.playstation.net/sgst/prod/00/np/PPSA03332_00/767caca8-c268-4433-a394-80f85c6999cc-version.xml,ps5,game
EP2145-PPSA03333_00-NSTW000000000000,Nobody Saves the World,PPSA03333,https://sgst.prod.dl.playstation.net/sgst/prod/00/np/PPSA03333_00/1455a504-2f47-46ef-a1ef-825bf990da4e-version.xml,ps5,
EP0102-PPSA04401_00-BH7EPISODEDLC020,Not a Hero,PPSA04401,https://sgst.prod.dl.playstation.net/sgst/prod/00/np/PPSA04401_00/820e036d-65e7-47d2-8e34-cb02701f6a20-version.xml,ps5,game
UP0102-PPSA04400_00-BH7EPISODEDLC020,Not a Hero,PPSA04400,https://sgst.prod.dl.playstation.net/sgst/prod/00/np/PPSA04400_00/1b2ed23d-ef1e-4eef-8640-8ab1b3bddd03-version.xml,ps5,
UP3971-PPSA02883_00-0000000000000000,Nour: Play With Your Food,PPSA02883,https://sgst.prod.dl.playstation.net/sgst/prod/00/np/PPSA02883_00/45408c69-f27f-4773-af10-0b9dc09eb341-version.xml,ps5,game
EP5098-PPSA13855_00-0411212671601709,Nuclear Blaze,PPSA13855,https://sgst.prod.dl.playstation.net/sgst/prod/00/np/PPSA13855_00/8fbb9756-c58a-4f3a-af71-5a72354005d9-version.xml,ps5,game
UP3643-PPSA15319_00-PLUCKYSQUIRE0000,O ESCUDEIRO VALENTE,PPSA15319,https://sgst.prod.dl.playstation.net/sgst/prod/00/np/PPSA15319_00/386ef8d4-9b18-4b27-9764-5dcc690bf0ab-version.xml,ps5,game
EP0082-PPSA09809_00-OCTOPATH2PS5E000,OCTOPATH TRAVELER II,PPSA09809,https://sgst.prod.dl.playstation.net/sgst/prod/00/np/PPSA09809_00/2b5e557e-04bd-4dc5-bfb7-7d8e31ecc824-version.xml,ps5,
EP0082-PPSA10806_00-OCTOPATH2PS5EPD0,OCTOPATH TRAVELER II Prologue Demo,PPSA10806,https://sgst.prod.dl.playstation.net/sgst/prod/00/np/PPSA10806_00/07fb2ab1-ab09-442a-88c4-1515126cfbeb-version.xml,ps5,
UP6305-PPSA05925_00-DIGITALOST000000,OST,PPSA05925,https://sgst.prod.dl.playstation.net/sgst/prod/00/np/PPSA05925_00/b4c75c7d-bcec-465f-8650-7ade014067f0-version.xml,ps5,game
UP0082-PPSA01778_00-6924922068772381,OUTRIDERS,PPSA01778,https://sgst.prod.dl.playstation.net/sgst/prod/00/np/PPSA01778_00/29ea2c33-713d-47b7-83e2-21c8c63bf29b-version.xml,ps5,game
UP4176-PPSA02118_00-OBSERVER0SR00000,Observer: System Redux,PPSA02118,https://sgst.prod.dl.playstation.net/sgst/prod/00/np/PPSA02118_00/79db9d1a-0388-4356-b2dc-5791ab749471-version.xml,ps5,game
EP0082-PPSA10665_00-ADDCONT000000111,Occhiali da studioso,PPSA10665,https://sgst.prod.dl.playstation.net/sgst/prod/00/np/PPSA10665_00/10c0dc9f-a5bc-42b8-9605-883647e7e1ca-version.xml,ps5,
UP4134-PPSA07921_00-SLUS007100000000,Oddworld: Abe's Exoddus,PPSA07921,https://sgst.prod.dl.playstation.net/sgst/prod/00/np/PPSA07921_00/6ede4473-2b1c-43b4-8bfb-f3ef8113cf07-version.xml,ps5,game
UP4134-PPSA07919_00-SLUS001900000000,Oddworld: Abe's Oddysee,PPSA07919,https://sgst.prod.dl.playstation.net/sgst/prod/00/np/PPSA07919_00/e7f45afa-3724-4b6e-b12d-9e6440b41829-version.xml,ps5,game
UP4134-PPSA01590_00-8013847526978797,Oddworld: Soulstorm Enhanced Edition,PPSA01590,https://sgst.prod.dl.playstation.net/sgst/prod/00/np/PPSA01590_00/34f893f5-fb7d-48aa-b000-874d367c7f0e-version.xml,ps5,game
UP7157-PPSA18090_00-OFFTHEGRIDCLIENT,Off The Grid,PPSA18090,https://sgst.prod.dl.playstation.net/sgst/prod/00/np/PPSA18090_00/52334b51-6543-4b53-aace-9bab7f0a8ac4-version.xml,ps5,
EP2430-PPSA06776_00-CESD66099C140000,Official Map Extension,PPSA06776,https://sgst.prod.dl.playstation.net/sgst/prod/00/np/PPSA06776_00/83415b20-8c63-4f49-9db4-cde24c4db09a-version.xml,ps5,game
UP2565-PPSA06775_00-CESD66099C140000,Official Map Extension,PPSA06775,https://sgst.prod.dl.playstation.net/sgst/prod/00/np/PPSA06775_00/91c220ac-08cb-4fb2-8566-7fdbfdcf5012-version.xml,ps5,
UP4581-PPSA02304_00-OLLIOLLIWORLD000,OlliOlli World,PPSA02304,https://sgst.prod.dl.playstation.net/sgst/prod/00/np/PPSA02304_00/2922cdf3-e920-4d83-8559-0f166be372be-version.xml,ps5,game
EP4829-PPSA02327_00-OLLIOLLIWORLD000,OlliOlli World,PPSA02327,https://sgst.prod.dl.playstation.net/sgst/prod/00/np/PPSA02327_00/b435bed2-312a-410c-b732-e302c6936ca1-version.xml,ps5,game
UP0097-PPSA35090_00-HNREMASTERED0000,Olá vizinho,PPSA35090,https://sgst.prod.dl.playstation.net/sgst/prod/00/np/PPSA35090_00/6adc616a-fac8-4867-a183-ba9a180c6c17-version.xml,ps5,game
EP0896-PPSA03029_00-RGAONENIGHTSTAND,One Night Stand,PPSA03029,https://sgst.prod.dl.playstation.net/sgst/prod/00/np/PPSA03029_00/14e22c0e-9266-489a-b740-1a7e5e3601a5-version.xml,ps5,game
UP1018-PPSA07570_00-OTDPKITANAPAL000,One-Time Dragon Pack - Kitana Palettes,PPSA07570,https://sgst.prod.dl.playstation.net/sgst/prod/00/np/PPSA07570_00/47d67988-0c82-41cf-b8c6-6ab8640efa8d-version.xml,ps5,
UP1018-PPSA07570_00-OTDRAGONPACKPLT1,One-Time Dragon Pack Palettes,PPSA07570,https://sgst.prod.dl.playstation.net/sgst/prod/00/np/PPSA07570_00/47d67988-0c82-41cf-b8c6-6ab8640efa8d-version.xml,ps5,
HP6978-PPSA23230_00-0000000000OPSPS5,Operation: Polygon Storm,PPSA23230,https://sgst.prod.dl.playstation.net/sgst/prod/00/np/PPSA23230_00/7f479d1b-b3c0-4993-8723-0fa1c42aaa7c-version.xml,ps5,game
EP3785-PPSA07409_00-ORCSMUSTDIE3PS5V,Orcs Must Die! 3,PPSA07409,https://sgst.prod.dl.playstation.net/sgst/prod/00/np/PPSA07409_00/15661587-b2d7-4c80-bdd5-892bdda1f8c5-version.xml,ps5,game
UP2184-PPSA05755_00-ORCSMUSTDIE3PS5V,Orcs Must Die! 3,PPSA05755,https://sgst.prod.dl.playstation.net/sgst/prod/00/np/PPSA05755_00/ecd8e1fd-9ac3-4ef1-8022-5aa439a78f8c-version.xml,ps5,game
EP3785-PPSA07409_00-COLDASEYESDLC001,Orcs Must Die! 3: Cold as Eyes DLC,PPSA07409,https://sgst.prod.dl.playstation.net/sgst/prod/00/np/PPSA07409_00/15661587-b2d7-4c80-bdd5-892bdda1f8c5-version.xml,ps5,game
EP3785-PPSA07409_00-TIPPINGSCALESDLC,Orcs Must Die! 3: Tipping the Scales DLC,PPSA07409,https://sgst.prod.dl.playstation.net/sgst/prod/00/np/PPSA07409_00/15661587-b2d7-4c80-bdd5-892bdda1f8c5-version.xml,ps5,game
EP3785-PPSA29875_00-OMDDEATHTRAPPS5V,Orcs Must Die! Deathtrap,PPSA29875,https://sgst.prod.dl.playstation.net/sgst/prod/00/np/PPSA29875_00/c190d6b8-5d84-4fcb-8036-c12717d36950-version.xml,ps5,game
UP0700-PPSA24702_00-DSTS0MAPDUNGEONS,"Outer Dungeons The Halls of EXP, Gold, Materials",PPSA24702,https://sgst.prod.dl.playstation.net/sgst/prod/00/np/PPSA24702_00/fb4ddc86-ccbc-480d-84e2-8c99930a2fe0-version.xml,ps5,game
UP5082-PPSA03351_00-4596456853814264,Outer Way Skin,PPSA03351,https://sgst.prod.dl.playstation.net/sgst/prod/00/np/PPSA03351_00/15440660-0c84-4097-baac-a6468e9131b7-version.xml,ps5,
UP2470-PPSA08101_00-OUTERWILDSSIEA00,Outer Wilds,PPSA08101,https://sgst.prod.dl.playstation.net/sgst/prod/00/np/PPSA08101_00/3585795c-ef42-4b5d-9c40-2ccd407f8ec0-version.xml,ps5,
UP2470-PPSA08101_00-OWEOTEPS50000000,Outer Wilds: Echoes of the Eye,PPSA08101,https://sgst.prod.dl.playstation.net/sgst/prod/00/np/PPSA08101_00/3585795c-ef42-4b5d-9c40-2ccd407f8ec0-version.xml,ps5,
UP4882-PPSA14734_00-P22S5XXXXXXXXXXX,Outkast - Hey Ya!,PPSA14734,https://sgst.prod.dl.playstation.net/sgst/prod/00/np/PPSA14734_00/dc84fbd1-2b13-419c-bc3d-4ba7ea2472bc-version.xml,ps5,game
EP4064-PPSA01528_00-0538983162460184,Overcooked! All You Can Eat,PPSA01528,https://sgst.prod.dl.playstation.net/sgst/prod/00/np/PPSA01528_00/04142c08-4d23-48f9-bd29-d466e0749685-version.xml,ps5,game
UP4064-PPSA01529_00-4759077947287005,Overcooked! All You Can Eat,PPSA01529,https://sgst.prod.dl.playstation.net/sgst/prod/00/np/PPSA01529_00/abf04d95-a0fa-4865-90a6-ed058560bf13-version.xml,ps5,game
UP6665-PPSA09850_00-OP20000000000000,Overpass 2,PPSA09850,https://sgst.prod.dl.playstation.net/sgst/prod/00/np/PPSA09850_00/ddb38f41-f312-4210-8c99-b0f05b07e487-version.xml,ps5,game
UP4735-PPSA01907_00-OVERRIDEBASEGAME,Override 2: Super Mech League,PPSA01907,https://sgst.prod.dl.playstation.net/sgst/prod/00/np/PPSA01907_00/540cdc79-cf13-4f74-bc10-e107a4e61c3e-version.xml,ps5,game
EP0002-PPSA07821_00-OWORIGINS0000000,Overwatch,PPSA07821,https://sgst.prod.dl.playstation.net/sgst/prod/00/np/PPSA07821_00/9912cc88-821a-4b9f-8920-a40aefcafe7e-version.xml,ps5,game
UP0002-PPSA07805_00-OWORIGINS0000000,Overwatch 2,PPSA07805,https://sgst.prod.dl.playstation.net/sgst/prod/00/np/PPSA07805_00/0ce04843-e176-4dc6-b243-16bf2c129bf8-version.xml,ps5,
UP0177-PPSA10872_00-ADDCONTENT000006,P4G BGM Set,PPSA10872,https://sgst.prod.dl.playstation.net/sgst/prod/00/np/PPSA10872_00/10014934-646e-4587-b9eb-0ec87f59f666-version.xml,ps5,game
UP0177-PPSA10872_00-ADDCONTENT000005,P4G Persona Set,PPSA10872,https://sgst.prod.dl.playstation.net/sgst/prod/00/np/PPSA10872_00/10014934-646e-4587-b9eb-0ec87f59f666-version.xml,ps5,game
UP0177-PPSA10872_00-ADDCONTENT000000,P4G Yasogami High Costume Set,PPSA10872,https://sgst.prod.dl.playstation.net/sgst/prod/00/np/PPSA10872_00/10014934-646e-4587-b9eb-0ec87f59f666-version.xml,ps5,game
UP0177-PPSA10872_00-ADDCONTENT000007,P5R BGM Set,PPSA10872,https://sgst.prod.dl.playstation.net/sgst/prod/00/np/PPSA10872_00/10014934-646e-4587-b9eb-0ec87f59f666-version.xml,ps5,game
UP0177-PPSA10872_00-ADDCONTENT000003,P5R Persona Set 1,PPSA10872,https://sgst.prod.dl.playstation.net/sgst/prod/00/np/PPSA10872_00/10014934-646e-4587-b9eb-0ec87f59f666-version.xml,ps5,game
UP0177-PPSA10872_00-ADDCONTENT000004,P5R Persona Set 2,PPSA10872,https://sgst.prod.dl.playstation.net/sgst/prod/00/np/PPSA10872_00/10014934-646e-4587-b9eb-0ec87f59f666-version.xml,ps5,game
UP0177-PPSA10872_00-ADDCONTENT000002,P5R Phantom Thieves Costume Set,PPSA10872,https://sgst.prod.dl.playstation.net/sgst/prod/00/np/PPSA10872_00/10014934-646e-4587-b9eb-0ec87f59f666-version.xml,ps5,game
UP0177-PPSA10872_00-ADDCONTENT000001,P5R Shujin Academy Costume Set,PPSA10872,https://sgst.prod.dl.playstation.net/sgst/prod/00/np/PPSA10872_00/10014934-646e-4587-b9eb-0ec87f59f666-version.xml,ps5,game
EP0700-PPSA06398_00-PACMANWORLDRE007,PAC-MAN WORLD Re-PAC,PPSA06398,https://sgst.prod.dl.playstation.net/sgst/prod/00/np/PPSA06398_00/e866b6a8-b18e-4e05-90eb-28e3c7c1d4ad-version.xml,ps5,game
UP0700-PPSA06399_00-PACMANWORLDRE008,PAC-MAN WORLD Re-PAC,PPSA06399,https://sgst.prod.dl.playstation.net/sgst/prod/00/np/PPSA06399_00/ceb2c602-9484-46b6-bb26-6c3c71ea99aa-version.xml,ps5,game
UP8268-PPSA14410_00-PAYDAY3000000000,PAYDAY 3,PPSA14410,https://sgst.prod.dl.playstation.net/sgst/prod/00/np/PPSA14410_00/a7458a5a-5b38-4c37-b0f8-5ab69f86c85d-version.xml,ps5,game
UP8268-PPSA14410_00-PD3HEISTCHAPT2US,PAYDAY 3: Boys in Blue Heist,PPSA14410,https://sgst.prod.dl.playstation.net/sgst/prod/00/np/PPSA14410_00/a7458a5a-5b38-4c37-b0f8-5ab69f86c85d-version.xml,ps5,
UP8268-PPSA14410_00-PD3TAILORCHAP2US,PAYDAY 3: Boys in Blue Tailor Pack,PPSA14410,https://sgst.prod.dl.playstation.net/sgst/prod/00/np/PPSA14410_00/a7458a5a-5b38-4c37-b0f8-5ab69f86c85d-version.xml,ps5,
UP8268-PPSA14410_00-PD3WEAPONCHAP2US,PAYDAY 3: Boys in Blue Weapon Pack,PPSA14410,https://sgst.prod.dl.playstation.net/sgst/prod/00/np/PPSA14410_00/a7458a5a-5b38-4c37-b0f8-5ab69f86c85d-version.xml,ps5,
UP8268-PPSA14410_00-PD3CHARPACKCH4US,PAYDAY 3: DLC04 character pack,PPSA14410,https://sgst.prod.dl.playstation.net/sgst/prod/00/np/PPSA14410_00/a7458a5a-5b38-4c37-b0f8-5ab69f86c85d-version.xml,ps5,
UP8268-PPSA14410_00-PD3NASILVEREXTRA,PAYDAY 3: Drifter Pack,PPSA14410,https://sgst.prod.dl.playstation.net/sgst/prod/00/np/PPSA14410_00/a7458a5a-5b38-4c37-b0f8-5ab69f86c85d-version.xml,ps5,
UP8268-PPSA14410_00-PD3HEAVYHITTERNA,PAYDAY 3: Heavy Hitter Pack,PPSA14410,https://sgst.prod.dl.playstation.net/sgst/prod/00/np/PPSA14410_00/a7458a5a-5b38-4c37-b0f8-5ab69f86c85d-version.xml,ps5,
UP8268-PPSA14410_00-PD3NADLC1EXTRAS1,PAYDAY 3: Island Skin Pack,PPSA14410,https://sgst.prod.dl.playstation.net/sgst/prod/00/np/PPSA14410_00/a7458a5a-5b38-4c37-b0f8-5ab69f86c85d-version.xml,ps5,
UP8268-PPSA14410_00-PD3PREACHERNA001,PAYDAY 3: Preacher Pack,PPSA14410,https://sgst.prod.dl.playstation.net/sgst/prod/00/np/PPSA14410_00/a7458a5a-5b38-4c37-b0f8-5ab69f86c85d-version.xml,ps5,
UP8268-PPSA14410_00-PAYDAY3DLCI00000,PD3 Heist Pack 1,PPSA14410,https://sgst.prod.dl.playstation.net/sgst/prod/00/np/PPSA14410_00/a7458a5a-5b38-4c37-b0f8-5ab69f86c85d-version.xml,ps5,
UP8268-PPSA14410_00-SEASONPASS6MONTH,PD3 Season Pass 6 months,PPSA14410,https://sgst.prod.dl.playstation.net/sgst/prod/00/np/PPSA14410_00/a7458a5a-5b38-4c37-b0f8-5ab69f86c85d-version.xml,ps5,
UP8268-PPSA14410_00-PAYDAY3DLCIII000,PD3 Tailor Pack 1,PPSA14410,https://sgst.prod.dl.playstation.net/sgst/prod/00/np/PPSA14410_00/a7458a5a-5b38-4c37-b0f8-5ab69f86c85d-version.xml,ps5,
UP8268-PPSA14410_00-PAYDAY3DLCII0000,PD3 Weapon Pack 1,PPSA14410,https://sgst.prod.dl.playstation.net/sgst/prod/00/np/PPSA14410_00/a7458a5a-5b38-4c37-b0f8-5ab69f86c85d-version.xml,ps5,
UP0177-PPSA18180_00-APPLICATION00000,PERSONA 3 RELOAD DIGITAL ART BOOK,PPSA18180,https://sgst.prod.dl.playstation.net/sgst/prod/00/np/PPSA18180_00/289520c6-6b9e-453c-beb4-8faf9b1d5572-version.xml,ps5,game
UP0177-PPSA18183_00-APPLICATION00000,PERSONA 3 RELOAD DIGITAL ORIGINAL SOUNDTRACK,PPSA18183,https://sgst.prod.dl.playstation.net/sgst/prod/00/np/PPSA18183_00/81809ba0-05b5-4a7f-bc59-8d32d44ec4e4-version.xml,ps5,game
UP0006-PPSA02227_00-PGATOURDIGITAL23,PGA Tour,PPSA02227,https://sgst.prod.dl.playstation.net/sgst/prod/00/np/PPSA02227_00/727084ba-c65f-4e9e-b68a-54593eefdf15-version.xml,ps5,game
UP1001-PPSA04390_00-00000PGATOUR2K23,PGA TOUR® 2K23,PPSA04390,https://sgst.prod.dl.playstation.net/sgst/prod/00/np/PPSA04390_00/a1d786ae-bd3f-4248-b72d-954ebdf71742-version.xml,ps5,game
UP1001-PPSA17952_00-PGATOUR2K25GBL00,PGA TOUR® 2K25,PPSA17952,https://sgst.prod.dl.playstation.net/sgst/prod/00/np/PPSA17952_00/cefadb11-27de-4418-bfb7-5e44b73c3437-version.xml,ps5,
UP3824-PPSA04038_00-2121734462208482,PJ MASKS: HERÓIS DA NOITE,PPSA04038,https://sgst.prod.dl.playstation.net/sgst/prod/00/np/PPSA04038_00/c9415dcb-b9ff-42a8-92dc-ddd78a35fd3e-version.xml,ps5,game
EP6930-PPSA06656_00-APP0990000000022,POST VOID,PPSA06656,https://sgst.prod.dl.playstation.net/sgst/prod/00/np/PPSA06656_00/740f6291-02e5-4c06-b101-851b8b198263-version.xml,ps5,game
EP6170-PPSA18143_00-5POSTALBRAINSIEE,POSTAL: Brain Damaged,PPSA18143,https://sgst.prod.dl.playstation.net/sgst/prod/00/np/PPSA18143_00/fb99f61d-7f41-4851-bd54-04b55fbdd684-version.xml,ps5,game
UP4735-PPSA02828_00-PLUSPACKP5000010,PS Plus Pack 10,PPSA02828,https://sgst.prod.dl.playstation.net/sgst/prod/00/np/PPSA02828_00/053d624a-d67e-43cd-bc6f-2ead6c867b20-version.xml,ps5,
UP4735-PPSA02828_00-PLUSPACKP5000011,PS Plus Pack 11,PPSA02828,https://sgst.prod.dl.playstation.net/sgst/prod/00/np/PPSA02828_00/053d624a-d67e-43cd-bc6f-2ead6c867b20-version.xml,ps5,
EP4415-PPSA24616_00-0962679102355915,PS5 Building Skin - Shipping Container,PPSA24616,https://sgst.prod.dl.playstation.net/sgst/prod/00/np/PPSA24616_00/0cae1ece-277c-4a10-af39-5758b3817ff3-version.xml,ps5,game
EP2430-PPSA05831_00-BOSTONNEWCAR00AC,PSPO UTV,PPSA05831,https://sgst.prod.dl.playstation.net/sgst/prod/00/np/PPSA05831_00/88dda731-8c24-4243-b83e-040f82f8342d-version.xml,ps5,game
UP5082-PPSA27363_00-PUBGPS5000000000,PUBG: BATTLEGROUNDS,PPSA27363,https://sgst.prod.dl.playstation.net/sgst/prod/00/np/PPSA27363_00/c8973634-26da-4d19-ae3f-3153ea8573ef-version.xml,ps5,
EP5262-PPSA27367_00-PUBGPS5000000000,PUBG: BATTLEGROUNDS,PPSA27367,https://sgst.prod.dl.playstation.net/sgst/prod/00/np/PPSA27367_00/c5f6b0f1-a0dd-42c2-8cfe-87c1b9950f73-version.xml,ps5,game
UP6850-PPSA10965_00-00000000000PS5US,Pacific Drive,PPSA10965,https://sgst.prod.dl.playstation.net/sgst/prod/00/np/PPSA10965_00/fd18299f-41d7-4d59-aad8-badb691dcafe-version.xml,ps5,game
UP1001-PPSA02621_00-CODAENHNSKINS000,Pacote Enhanced Premium de Marvel's Midnight Suns,PPSA02621,https://sgst.prod.dl.playstation.net/sgst/prod/00/np/PPSA02621_00/3a48d115-cdba-4564-a264-75f7df6c8444-version.xml,ps5,game
UP6305-PPSA05925_00-WEAPONPACK000000,Pacote de armas,PPSA05925,https://sgst.prod.dl.playstation.net/sgst/prod/00/np/PPSA05925_00/b4c75c7d-bcec-465f-8650-7ade014067f0-version.xml,ps5,game
UP6305-PPSA05925_00-COSTUME000000000,Pacote de fantasias,PPSA05925,https://sgst.prod.dl.playstation.net/sgst/prod/00/np/PPSA05925_00/b4c75c7d-bcec-465f-8650-7ade014067f0-version.xml,ps5,game
UP6856-PPSA27676_00-PAINKILLER000000,Painkiller,PPSA27676,https://sgst.prod.dl.playstation.net/sgst/prod/00/np/PPSA27676_00/fe7aac5c-edbd-4625-9ce0-c9accb464932-version.xml,ps5,game
UP8389-PPSA20622_00-PALIA00000000000,Palia,PPSA20622,https://sgst.prod.dl.playstation.net/sgst/prod/00/np/PPSA20622_00/07b79360-af04-4bc6-8ab5-a73fac825fbe-version.xml,ps5,game
UP6360-PPSA23126_00-PAL0000000000000,Palworld,PPSA23126,https://sgst.prod.dl.playstation.net/sgst/prod/00/np/PPSA23126_00/c874a222-5689-43cf-8ec3-f9bd313efb20-version.xml,ps5,game
UP5480-PPSA04458_00-3260471775930387,Paradise Killer,PPSA04458,https://sgst.prod.dl.playstation.net/sgst/prod/00/np/PPSA04458_00/936f08ac-2f69-4bb6-a925-43480a90da72-version.xml,ps5,game
EP7072-PPSA16217_00-PARCELCORPS00000,Parcel Corps,PPSA16217,https://sgst.prod.dl.playstation.net/sgst/prod/00/np/PPSA16217_00/55709857-6271-4ca1-a76b-5aade457eca9-version.xml,ps5,game
UP9000-PPSA14322_00-UCUS987510000000,Patapon 3,PPSA14322,https://sgst.prod.dl.playstation.net/sgst/prod/00/np/PPSA14322_00/b585e6ea-39c3-4088-8ea8-004273f32d49-version.xml,ps5,game
UP6007-PPSA15869_00-0598507980022830,Pathfinder: Wrath Of The Righteous,PPSA15869,https://sgst.prod.dl.playstation.net/sgst/prod/00/np/PPSA15869_00/cfadf8cf-c09d-44d5-9739-8675f4c94cda-version.xml,ps5,game
UP3824-PPSA05520_00-PAWRACER00000003,Patrulha Canina: Grand Prix,PPSA05520,https://sgst.prod.dl.playstation.net/sgst/prod/00/np/PPSA05520_00/38e3b174-67bb-4738-8041-de1c34ac241b-version.xml,ps5,game
UP3824-PPSA08024_00-3138616344796179,Patrulha Canina: O Filme - A Cidade da Aventura está chamando,PPSA08024,https://sgst.prod.dl.playstation.net/sgst/prod/00/np/PPSA08024_00/3db533d3-f7be-450c-873d-8a7bed7d7377-version.xml,ps5,game
UP3824-PPSA08026_00-7603130782011854,Paw Patrol: Mighty Pups Save Adventure Bay!,PPSA08026,https://sgst.prod.dl.playstation.net/sgst/prod/00/np/PPSA08026_00/526d27b0-fa06-4269-bb27-1127195ef96b-version.xml,ps5,game
UP8862-PPSA07980_00-4348917718897349,PeacockTV,PPSA07980,https://sgst.prod.dl.playstation.net/sgst/prod/00/np/PPSA07980_00/df34b196-8e92-4b9e-b502-e8b519869363-version.xml,ps5,game
EP3643-PPSA23280_00-PEPPERGRIND00001,Pepper Grinder,PPSA23280,https://sgst.prod.dl.playstation.net/sgst/prod/00/np/PPSA23280_00/f5e93736-beb9-4952-815a-b2cb8683ae1c-version.xml,ps5,game
UP0177-PPSA10872_00-APPLICATION00000,Persona 3 Reload,PPSA10872,https://sgst.prod.dl.playstation.net/sgst/prod/00/np/PPSA10872_00/10014934-646e-4587-b9eb-0ec87f59f666-version.xml,ps5,game
UP0177-PPSA10872_00-GP00000000005286,Persona 3 Reload Digital Premium Edition PS4 & PS5,PPSA10872,,ps5,game
UP0177-PPSA05109_00-P5RGAME000000000,Persona 5 Royal,PPSA05109,https://sgst.prod.dl.playstation.net/sgst/prod/00/np/PPSA05109_00/cf7515ee-ef04-4b07-8d6d-d706070152b9-version.xml,ps5,
UP0177-PPSA16195_00-0000000000000000,Persona 5 Tactica,PPSA16195,https://sgst.prod.dl.playstation.net/sgst/prod/00/np/PPSA16195_00/c6196bdc-db1d-4f87-9664-0ee502993e02-version.xml,ps5,game
EP0896-PPSA10588_00-RATAGAPETSATWORK,Pets at Work,PPSA10588,https://sgst.prod.dl.playstation.net/sgst/prod/00/np/PPSA10588_00/86768584-a8f2-40b6-81ee-1b8f7ed521f3-version.xml,ps5,game
EP5640-PPSA20520_00-PHANTOMFURYGAME1,Phantom Fury,PPSA20520,https://sgst.prod.dl.playstation.net/sgst/prod/00/np/PPSA20520_00/9f6116e9-fc16-4cb5-8564-5c927d7bbefa-version.xml,ps5,game
EP7789-PPSA09030_00-5648706170853559,Phasmophobia,PPSA09030,https://sgst.prod.dl.playstation.net/sgst/prod/00/np/PPSA09030_00/2e9ce3f3-5261-4313-8e76-d484247b9fbc-version.xml,ps5,
EB1123-PPSA27733_00-0441990218617821,Piece Out,PPSA27733,https://sgst.prod.dl.playstation.net/sgst/prod/00/np/PPSA27733_00/974eaa41-2f13-48b4-b267-a754e0494c51-version.xml,ps5,
UB0928-PPSA30060_00-0361379565954779,Piece Out: Avatarland,PPSA30060,https://sgst.prod.dl.playstation.net/sgst/prod/00/np/PPSA30060_00/07e3743a-45a6-4054-8769-4560741838db-version.xml,ps5,
UB0928-PPSA30060_00-0443437778055404,Piece Out: Avatarland - Chapter Four,PPSA30060,https://sgst.prod.dl.playstation.net/sgst/prod/00/np/PPSA30060_00/07e3743a-45a6-4054-8769-4560741838db-version.xml,ps5,
UB0928-PPSA30060_00-0990264587256859,Piece Out: Avatarland - Chapter Six,PPSA30060,https://sgst.prod.dl.playstation.net/sgst/prod/00/np/PPSA30060_00/07e3743a-45a6-4054-8769-4560741838db-version.xml,ps5,
UP4042-PPSA08755_00-PINBALLFXPS50000,Pinball FX,PPSA08755,https://sgst.prod.dl.playstation.net/sgst/prod/00/np/PPSA08755_00/8defc631-cd6a-4cd0-805e-837119f3a1a0-version.xml,ps5,
UP9000-PPSA07588_00-NPUG802510000000,Pinball Heroes,PPSA07588,https://sgst.prod.dl.playstation.net/sgst/prod/00/np/PPSA07588_00/8181d2d2-06fe-44d9-b4a1-d2abd648e0df-version.xml,ps5,game
UP9000-PPSA01289_00-SABAPINEAPPLE001,Pineapple Costume,PPSA01289,https://sgst.prod.dl.playstation.net/sgst/prod/00/np/PPSA01289_00/0c1789e3-10b1-41eb-8ede-c159db8ef1e7-version.xml,ps5,
EP2187-PPSA15348_00-PIZZAPOSSUMOMNOM,Pizza Possum,PPSA15348,https://sgst.prod.dl.playstation.net/sgst/prod/00/np/PPSA15348_00/6f047088-ba2a-433f-ba00-5b7f294859c1-version.xml,ps5,game
EP1580-PPSA02766_00-PLAGUEHUNTERS000,Plague Hunters,PPSA02766,https://sgst.prod.dl.playstation.net/sgst/prod/00/np/PPSA02766_00/d5290fb9-8d04-4d4d-8c0b-8adf7bb4d720-version.xml,ps5,game
UP2514-PPSA01736_00-PLANETCOASTER000,Planet Coaster,PPSA01736,https://sgst.prod.dl.playstation.net/sgst/prod/00/np/PPSA01736_00/8d426b3e-d689-4712-88e7-7543f5a16a90-version.xml,ps5,game
EP2377-PPSA01735_00-PLANETCOASTER000,Planet Coaster,PPSA01735,https://sgst.prod.dl.playstation.net/sgst/prod/00/np/PPSA01735_00/1161facb-2845-47c7-af1e-81404dc00637-version.xml,ps5,game
EP2377-PPSA19633_00-PLANETCOASTER200,Planet Coaster 2,PPSA19633,https://sgst.prod.dl.playstation.net/sgst/prod/00/np/PPSA19633_00/7f8cd8db-2f70-49c7-bae4-5aea412ab41b-version.xml,ps5,game
UP2514-PPSA18027_00-PLANETZOOOOOOOOO,Planet Zoo,PPSA18027,https://sgst.prod.dl.playstation.net/sgst/prod/00/np/PPSA18027_00/68e928d8-a4bf-4c85-a0b9-41812a0e6a2a-version.xml,ps5,game
UP5634-PPSA14231_00-0599385207460473,PlateUp!,PPSA14231,https://sgst.prod.dl.playstation.net/sgst/prod/00/np/PPSA14231_00/ffb7a0f6-ba22-42a5-af8b-6e305316bf59-version.xml,ps5,game
JP0122-PPSA24944_00-0678752PLATFORM8,Platform 8,PPSA24944,https://sgst.prod.dl.playstation.net/sgst/prod/00/np/PPSA24944_00/6c49eae3-796f-4fa2-83c7-d20f00eb14d8-version.xml,ps5,game
UP0700-PPSA10595_00-CHARACTERY1P0001,Playable Character Year 1 Pass,PPSA10595,https://sgst.prod.dl.playstation.net/sgst/prod/00/np/PPSA10595_00/0343b8b2-3038-4177-ad33-b129114c5362-version.xml,ps5,
UP0700-PPSA10595_00-TK800CHAY1GST001,Playable Character: Clive Rosfield (FINAL FANTASY XVI),PPSA10595,https://sgst.prod.dl.playstation.net/sgst/prod/00/np/PPSA10595_00/0343b8b2-3038-4177-ad33-b129114c5362-version.xml,ps5,
EP0700-PPSA10594_00-TK800CHALIDIASOB,Playable Character: Lidia Sobieska,PPSA10594,https://sgst.prod.dl.playstation.net/sgst/prod/00/np/PPSA10594_00/095d15e3-0454-4579-83ed-e9f345606b43-version.xml,ps5,game
EP0082-PPSA06251_00-STAROCEAN6DLC503,Playing Piece / Accessory: Jack,PPSA06251,https://sgst.prod.dl.playstation.net/sgst/prod/00/np/PPSA06251_00/4042d5e7-06dc-4f5f-9eb9-01edd15dda09-version.xml,ps5,
EP0082-PPSA06251_00-STAROCEAN6DLC501,Playing Piece / Accessory: Lenneth,PPSA06251,https://sgst.prod.dl.playstation.net/sgst/prod/00/np/PPSA06251_00/4042d5e7-06dc-4f5f-9eb9-01edd15dda09-version.xml,ps5,
EP0082-PPSA06251_00-STAROCEAN6DLC502,Playing Piece / Accessory: Lezard,PPSA06251,https://sgst.prod.dl.playstation.net/sgst/prod/00/np/PPSA06251_00/4042d5e7-06dc-4f5f-9eb9-01edd15dda09-version.xml,ps5,
EP0082-PPSA06251_00-STAROCEAN6DLC504,Playing Piece / Accessory: Ridley,PPSA06251,https://sgst.prod.dl.playstation.net/sgst/prod/00/np/PPSA06251_00/4042d5e7-06dc-4f5f-9eb9-01edd15dda09-version.xml,ps5,
EP6985-PPSA20084_00-PLEASEFIXTHEROAD,Please Fix The Road,PPSA20084,https://sgst.prod.dl.playstation.net/sgst/prod/00/np/PPSA20084_00/97ffdc14-d4b6-4b4a-a6b0-99747c0ff0d5-version.xml,ps5,game
UP4544-PPSA01935_00-1607327427703102,Plex,PPSA01935,https://sgst.prod.dl.playstation.net/sgst/prod/00/np/PPSA01935_00/a2bb8ee8-70ba-42a9-9fbb-f31e52a45c68-version.xml,ps5,game
UP8809-PPSA01895_00-0769344207188202,Pluto TV,PPSA01895,https://sgst.prod.dl.playstation.net/sgst/prod/00/np/PPSA01895_00/f1f600ad-8371-43a0-85d2-885691c39b72-version.xml,ps5,
EP6487-PPSA01909_00-3695076067158400,Pluto TV,PPSA01909,https://sgst.prod.dl.playstation.net/sgst/prod/00/np/PPSA01909_00/3e5bb0da-2280-4d75-a36f-cdad9c9aa8fa-version.xml,ps5,game
UP2070-PPSA01960_00-POKERCLUB0000001,Poker Club,PPSA01960,https://sgst.prod.dl.playstation.net/sgst/prod/00/np/PPSA01960_00/60e320fc-ca5a-435b-8444-aaebce512539-version.xml,ps5,game
UP2565-PPSA05830_00-BOSTON0000000000,Police Simulator: Patrol Officers,PPSA05830,https://sgst.prod.dl.playstation.net/sgst/prod/00/np/PPSA05830_00/432def93-e2ea-4394-b8a8-817e84346fde-version.xml,ps5,game
EP2430-PPSA05831_00-BOSTON0000000000,Police Simulator: Patrol Officers,PPSA05831,https://sgst.prod.dl.playstation.net/sgst/prod/00/np/PPSA05831_00/88dda731-8c24-4243-b83e-040f82f8342d-version.xml,ps5,game
UP8103-PPSA18454_00-0936750542714392,Poppy Playtime: Chapter 1,PPSA18454,https://sgst.prod.dl.playstation.net/sgst/prod/00/np/PPSA18454_00/4a4b4458-ce13-49a1-88ea-7310f16f89dd-version.xml,ps5,game
EP0082-PPSA10665_00-ADDCONT000000112,Portafortuna di Cait Sith,PPSA10665,https://sgst.prod.dl.playstation.net/sgst/prod/00/np/PPSA10665_00/10c0dc9f-a5bc-42b8-9605-883647e7e1ca-version.xml,ps5,
UP0082-PPSA04987_00-3528315769842001,PowerWash Simulator,PPSA04987,https://sgst.prod.dl.playstation.net/sgst/prod/00/np/PPSA04987_00/c01073d0-58fd-4457-bd8d-b031b64134de-version.xml,ps5,game
EP1863-PPSA02191_00-0442182297085207,Praey For the Gods,PPSA02191,https://sgst.prod.dl.playstation.net/sgst/prod/00/np/PPSA02191_00/55469e34-318a-4d89-8dbb-933bb5967605-version.xml,ps5,game
UP6322-PPSA18605_00-ADDCONT0PREORDER,Pre Order Bonus,PPSA18605,https://sgst.prod.dl.playstation.net/sgst/prod/00/np/PPSA18605_00/75dbd221-8368-4199-bc17-797469e11d02-version.xml,ps5,game
UP0700-PPSA15211_00-DBSZ0CHAPOPACK00,Pre Order Pack,PPSA15211,https://sgst.prod.dl.playstation.net/sgst/prod/00/np/PPSA15211_00/05e60118-9f8a-44b8-b7a4-fdc87f84d79d-version.xml,ps5,
UP9000-PPSA04072_00-PS5PREORDERBONUS,Pre-Order Bonus Content,PPSA04072,https://sgst.prod.dl.playstation.net/sgst/prod/00/np/PPSA04072_00/d64e9abd-1638-4630-960d-23efd5ca528f-version.xml,ps5,game
EP1018-PPSA01696_00-00000000PREORDER,Pre-Order DLC Content,PPSA01696,https://sgst.prod.dl.playstation.net/sgst/prod/00/np/PPSA01696_00/1f653dd2-8f28-495c-8275-13e8d4933c1c-version.xml,ps5,game
UP3095-PPSA24179_00-PREDATORHUNTGAME,Predator: Hunting Grounds,PPSA24179,https://sgst.prod.dl.playstation.net/sgst/prod/00/np/PPSA24179_00/1313301e-536c-41d1-9c5a-e0e17251c250-version.xml,ps5,
EP1018-PPSA01619_00-PREMIUMEDSKIN000,Premium Edition Skin,PPSA01619,https://sgst.prod.dl.playstation.net/sgst/prod/00/np/PPSA01619_00/d13316b3-ee9c-4082-bc86-f8a38f4c1278-version.xml,ps5,game
UP9000-PPSA03016_00-MSM2PREORDER0000,Preorder,PPSA03016,https://sgst.prod.dl.playstation.net/sgst/prod/00/np/PPSA03016_00/002f8b71-1c52-4f96-ae69-bf70edd7a62b-version.xml,ps5,game
UP9000-PPSA01289_00-SABAPRIDE0000001,Pride Costume,PPSA01289,https://sgst.prod.dl.playstation.net/sgst/prod/00/np/PPSA01289_00/0c1789e3-10b1-41eb-8ede-c159db8ef1e7-version.xml,ps5,
UP2064-PPSA02081_00-6604754658486500,Prime Video,PPSA02081,https://sgst.prod.dl.playstation.net/sgst/prod/00/np/PPSA02081_00/70c5e22d-d8f3-4d9c-ad66-c3ec05668367-version.xml,ps5,game
JA0011-PPSA02083_00-1475656189905476,Prime Video,PPSA02083,https://sgst.prod.dl.playstation.net/sgst/prod/00/np/PPSA02083_00/5b43c174-70a3-4866-bbe9-14dc6bcd6b02-version.xml,ps5,
EP4183-PPSA02082_00-4994371028836122,Prime Video,PPSA02082,https://sgst.prod.dl.playstation.net/sgst/prod/00/np/PPSA02082_00/b5cbba90-9c77-4653-aafa-19f07ad46ed2-version.xml,ps5,
UP0001-PPSA10067_00-MEMORYRETAIL0000,Prince of Persia: The Lost Crown,PPSA10067,https://sgst.prod.dl.playstation.net/sgst/prod/00/np/PPSA10067_00/e4bc333f-32b3-45e2-95ad-f29fe3a57c41-version.xml,ps5,game
EP0001-PPSA20230_00-MEMORYRETAILDEMO,Prince of Persia: The Lost Crown DEMO,PPSA20230,https://sgst.prod.dl.playstation.net/sgst/prod/00/np/PPSA20230_00/4f08e48a-8b2f-482c-9e88-2c1601251380-version.xml,ps5,
UP3864-PPSA05807_00-PRODEUS000000000,Prodeus,PPSA05807,https://sgst.prod.dl.playstation.net/sgst/prod/00/np/PPSA05807_00/ceade48e-28ee-403b-b321-919dcf2e4de8-version.xml,ps5,game
EP1001-PPSA01463_00-00000ONGSIEEDLC4,Psycho Krieg and the Fantastic Fustercluck,PPSA01463,https://sgst.prod.dl.playstation.net/sgst/prod/00/np/PPSA01463_00/4e400b2f-9fec-400c-97ab-307b529adb57-version.xml,ps5,game
UP1001-PPSA01462_00-00000ONGSIEADLC4,Psycho Krieg and the Fantastic Fustercluck,PPSA01462,https://sgst.prod.dl.playstation.net/sgst/prod/00/np/PPSA01462_00/ed616f4d-c5de-47b3-a7ad-68ce8224f91e-version.xml,ps5,game
UP1850-PPSA01953_00-METALHELLSINGER6,Purgatory EP,PPSA01953,https://sgst.prod.dl.playstation.net/sgst/prod/00/np/PPSA01953_00/693ad410-7926-431d-bb5f-127a86b5fad9-version.xml,ps5,game
UP5082-PPSA03351_00-9218957048176628,Purple with White Skin,PPSA03351,https://sgst.prod.dl.playstation.net/sgst/prod/00/np/PPSA03351_00/15440660-0c84-4097-baac-a6468e9131b7-version.xml,ps5,
UP9000-PPSA10609_00-UCUS986400000000,Pursuit Force,PPSA10609,https://sgst.prod.dl.playstation.net/sgst/prod/00/np/PPSA10609_00/62e310c1-aca5-476b-badb-1b2a902fa311-version.xml,ps5,game
UP9000-PPSA08696_00-UCUS987030000000,Pursuit Force: Extreme Justice,PPSA08696,https://sgst.prod.dl.playstation.net/sgst/prod/00/np/PPSA08696_00/4001cc71-1a8d-450b-ba71-9dee608a44e9-version.xml,ps5,game
EP0177-PPSA01938_00-TENPEXTENPEX0000,Puyo Puyo™ Tetris® 2,PPSA01938,https://sgst.prod.dl.playstation.net/sgst/prod/00/np/PPSA01938_00/4e0bf9a8-b989-424f-85e0-4dd58676e1f9-version.xml,ps5,game
UP0177-PPSA03229_00-9511814393052090,Puyo Puyo™ Tetris® 2 Demo Version,PPSA03229,https://sgst.prod.dl.playstation.net/sgst/prod/00/np/PPSA03229_00/0fe9a753-96c7-4c82-9ff5-6e6f7388bc14-version.xml,ps5,
EP1003-PPSA01881_00-PROJECTSILVER000,Quake,PPSA01881,https://sgst.prod.dl.playstation.net/sgst/prod/00/np/PPSA01881_00/ffbdd2c3-337d-4409-8cbc-4af1876bee23-version.xml,ps5,game
EP1003-PPSA09478_00-QUAKE20000000000,Quake II,PPSA09478,https://sgst.prod.dl.playstation.net/sgst/prod/00/np/PPSA09478_00/c33f11d6-2c08-4858-9c7b-840f6498ea18-version.xml,ps5,game
EP2005-PPSA05209_00-QUEENYARMY000000,Queeny Army,PPSA05209,https://sgst.prod.dl.playstation.net/sgst/prod/00/np/PPSA05209_00/12646f81-ce31-4be0-a884-95ba30b3ab20-version.xml,ps5,game
UP0700-PPSA07699_00-SLUS007970000000,R4: Ridge Racer Type 4,PPSA07699,https://sgst.prod.dl.playstation.net/sgst/prod/00/np/PPSA07699_00/8301e3b9-0ec0-4c3d-b6b0-fe20e2554195-version.xml,ps5,game
EP0102-PPSA04289_00-BH2R000000000001,RESIDENT EVIL 2,PPSA04289,https://sgst.prod.dl.playstation.net/sgst/prod/00/np/PPSA04289_00/fb052acf-32a6-4152-9847-b39596142059-version.xml,ps5,game
UP0102-PPSA04288_00-BH2R000000000001,RESIDENT EVIL 2,PPSA04288,https://sgst.prod.dl.playstation.net/sgst/prod/00/np/PPSA04288_00/408d6ed4-2b3c-4786-ba54-cd064d740f83-version.xml,ps5,game
EP0102-PPSA03953_00-BH3ROFF000000001,RESIDENT EVIL 3,PPSA03953,https://sgst.prod.dl.playstation.net/sgst/prod/00/np/PPSA03953_00/6d104068-bbc9-4284-88d1-91563352ba80-version.xml,ps5,game
UP0102-PPSA03952_00-BH3ROFF000000001,RESIDENT EVIL 3,PPSA03952,https://sgst.prod.dl.playstation.net/sgst/prod/00/np/PPSA03952_00/390d4ebb-f9ba-4a0a-9452-abd160a9f790-version.xml,ps5,game
EP0102-PPSA03953_00-BH3ROFFCOSDLC001,RESIDENT EVIL 3 - Classic Costume Pack,PPSA03953,https://sgst.prod.dl.playstation.net/sgst/prod/00/np/PPSA03953_00/6d104068-bbc9-4284-88d1-91563352ba80-version.xml,ps5,game
EP0102-PPSA04401_00-BH70000000000001,RESIDENT EVIL 7 biohazard,PPSA04401,https://sgst.prod.dl.playstation.net/sgst/prod/00/np/PPSA04401_00/820e036d-65e7-47d2-8e34-cb02701f6a20-version.xml,ps5,
UP0102-PPSA04404_00-BH7G000000000001,RESIDENT EVIL 7 biohazard Gold Edition,PPSA04404,https://sgst.prod.dl.playstation.net/sgst/prod/00/np/PPSA04404_00/c3312bc2-5e54-40fc-93a0-7f8909c385cc-version.xml,ps5,
UP0102-PPSA30803_00-REREQUIEM0000000,RESIDENT EVIL requiem,PPSA30803,https://sgst.prod.dl.playstation.net/sgst/prod/00/np/PPSA30803_00/3580fac8-f3de-4b07-a1ab-4ca3530914e0-version.xml,ps5,game
UP1981-PPSA01598_00-RIDE4FULLGAME000,RIDE 4,PPSA01598,https://sgst.prod.dl.playstation.net/sgst/prod/00/np/PPSA01598_00/6a655191-a820-4b47-8131-7edfc937f623-version.xml,ps5,game
UP1981-PPSA15190_00-RIDE5FULLGAME000,RIDE 5,PPSA15190,https://sgst.prod.dl.playstation.net/sgst/prod/00/np/PPSA15190_00/5c7a90d9-6681-492e-b085-22742195f3da-version.xml,ps5,game
UP0001-PPSA01374_00-MADGAMESCEA00000,RIDERS REPUBLIC™,PPSA01374,https://sgst.prod.dl.playstation.net/sgst/prod/00/np/PPSA01374_00/397c7681-9cf6-421c-abcc-1ebf8dd9debf-version.xml,ps5,game
EP0001-PPSA01372_00-MADGAMESCEEEUR00,RIDERS REPUBLIC™,PPSA01372,https://sgst.prod.dl.playstation.net/sgst/prod/00/np/PPSA01372_00/cad75ca6-f482-469a-ba4a-d4bd72faaa58-version.xml,ps5,game
UP0700-PPSA31372_00-SCUS943000000000,RIDGE RACER™,PPSA31372,https://sgst.prod.dl.playstation.net/sgst/prod/00/np/PPSA31372_00/fcb87a48-7e23-4347-96b2-56e9b713d0be-version.xml,ps5,game
UP4581-PPSA08185_00-ROLLERDROME00000,ROLLERDROME,PPSA08185,https://sgst.prod.dl.playstation.net/sgst/prod/00/np/PPSA08185_00/b9bfbacd-96e1-4c79-bd63-359ed70ced0f-version.xml,ps5,game
EP4829-PPSA08186_00-ROLLERDROME00000,ROLLERDROME,PPSA08186,https://sgst.prod.dl.playstation.net/sgst/prod/00/np/PPSA08186_00/259a3f87-fcc3-4e28-b579-949364717546-version.xml,ps5,game
UP0969-PPSA06624_00-0186175407657803,Rabbit Costume Pack,PPSA06624,https://sgst.prod.dl.playstation.net/sgst/prod/00/np/PPSA06624_00/b7c7aedb-11e6-4a3d-b062-6e9e88bd8e7a-version.xml,ps5,
UP7540-PPSA23241_00-0438218401573452,Raft,PPSA23241,https://sgst.prod.dl.playstation.net/sgst/prod/00/np/PPSA23241_00/088476ff-112d-47c9-b8c2-660f792a8d5d-version.xml,ps5,
EP2005-PPSA03300_00-RAGEAMONGTHESTAR,Rage Among the Stars,PPSA03300,https://sgst.prod.dl.playstation.net/sgst/prod/00/np/PPSA03300_00/09d58aa0-f7cd-4270-97be-4f79dc6571cf-version.xml,ps5,game
EP1018-PPSA01619_00-RANCHARACTER0000,Rain,PPSA01619,https://sgst.prod.dl.playstation.net/sgst/prod/00/np/PPSA01619_00/d13316b3-ee9c-4082-bc86-f8a38f4c1278-version.xml,ps5,game
UP3385-PPSA08499_00-RAINWORLD0000000,Rain World,PPSA08499,https://sgst.prod.dl.playstation.net/sgst/prod/00/np/PPSA08499_00/4500cc5c-6ec2-478e-99e7-9290b2c59485-version.xml,ps5,game
UP4989-PPSA21946_00-0159294138060851,Raji: An Ancient Epic,PPSA21946,https://sgst.prod.dl.playstation.net/sgst/prod/00/np/PPSA21946_00/bcbb516a-551c-4fbe-a8f4-8c59f2c056ba-version.xml,ps5,game
UP9000-PPSA14448_00-SCUS943080000000,Rally Cross,PPSA14448,https://sgst.prod.dl.playstation.net/sgst/prod/00/np/PPSA14448_00/ef2918d7-26c5-4626-b35f-2ec69efa7527-version.xml,ps5,game
EP1018-PPSA01619_00-RAMCHARACTER0000,Rambo,PPSA01619,https://sgst.prod.dl.playstation.net/sgst/prod/00/np/PPSA01619_00/d13316b3-ee9c-4082-bc86-f8a38f4c1278-version.xml,ps5,game
EP0082-PPSA03984_00-3364564617388641,Rare Resource Kit,PPSA03984,https://sgst.prod.dl.playstation.net/sgst/prod/00/np/PPSA03984_00/700533d7-dc7c-4a93-a414-3b980283c432-version.xml,ps5,game
UP9000-PPSA01473_00-PSTRACK000000000,Ratchet & Clank: Rift Apart,PPSA01473,,ps5,game
UP9000-PPSA01473_00-RATCHETCLANKRIFT,Ratchet & Clank: Rift Apart,PPSA01473,https://sgst.prod.dl.playstation.net/sgst/prod/00/np/PPSA01473_00/8e139def-5add-4c28-8dcb-c428e6829c9a-version.xml,ps5,game
UP9000-PPSA14431_00-UCUS986330000000,Ratchet & Clank: Size Matters,PPSA14431,https://sgst.prod.dl.playstation.net/sgst/prod/00/np/PPSA14431_00/94ee35c5-e0d4-40b0-a93c-96c00d632146-version.xml,ps5,game
UP9000-PPSA01289_00-SABARATCHET00001,Ratchet Costume,PPSA01289,https://sgst.prod.dl.playstation.net/sgst/prod/00/np/PPSA01289_00/0c1789e3-10b1-41eb-8ede-c159db8ef1e7-version.xml,ps5,
UP1675-PPSA18269_00-SYPS5RETOURING00,Re:Touring,PPSA18269,https://sgst.prod.dl.playstation.net/sgst/prod/00/np/PPSA18269_00/296a83d7-f0cb-4f2f-9b88-c6426d59d43e-version.xml,ps5,game
UP6322-PPSA18605_00-ADDCONTMISSIONPS,Ready or Not: Mission Pass,PPSA18605,https://sgst.prod.dl.playstation.net/sgst/prod/00/np/PPSA18605_00/75dbd221-8368-4199-bc17-797469e11d02-version.xml,ps5,game
EP2526-PPSA05533_00-7784396673386675,Rec Room,PPSA05533,https://sgst.prod.dl.playstation.net/sgst/prod/00/np/PPSA05533_00/31bcf79c-c3c8-4a55-a408-4a260205308f-version.xml,ps5,game
UP2662-PPSA05532_00-6681199027107223,Rec Room,PPSA05532,https://sgst.prod.dl.playstation.net/sgst/prod/00/np/PPSA05532_00/97da5419-2732-4950-8fe4-2be4efec9447-version.xml,ps5,
UP4127-PPSA26162_00-RECALLGLOBAL0000,Recall: Empty Wishes,PPSA26162,https://sgst.prod.dl.playstation.net/sgst/prod/00/np/PPSA26162_00/2a1ef00d-9d6f-49bc-9186-a015d290ab77-version.xml,ps5,game
EP0700-PPSA02174_00-SCRNXCOSCS001ALL,Red Battle Attire All Characters Set,PPSA02174,https://sgst.prod.dl.playstation.net/sgst/prod/00/np/PPSA02174_00/520667ff-5b57-46a9-be29-c79fb0461fa7-version.xml,ps5,game
EP8842-PPSA05522_00-3893230934761251,Red Bull TV,PPSA05522,https://sgst.prod.dl.playstation.net/sgst/prod/00/np/PPSA05522_00/eadd6f90-06ec-43f7-9f76-e6f10bbe2ae6-version.xml,ps5,
UP1004-PPSA30528_00-REDEMPTION000001,Red Dead Redemption,PPSA30528,https://sgst.prod.dl.playstation.net/sgst/prod/00/np/PPSA30528_00/90bad4c4-b5b1-44a9-8ea1-982b9cc49805-version.xml,ps5,game
UP2047-PPSA03098_00-DI2KATANAPS5SIEA,Red Katana,PPSA03098,https://sgst.prod.dl.playstation.net/sgst/prod/00/np/PPSA03098_00/012a9f32-2f50-4363-a740-28cb4ccf19d5-version.xml,ps5,
UP6856-PPSA05849_00-8009578235641746,Redout 2,PPSA05849,https://sgst.prod.dl.playstation.net/sgst/prod/00/np/PPSA05849_00/c575b377-dc0c-4e47-83c6-e6418c95c901-version.xml,ps5,game
UP4133-PPSA03390_00-AFREIGNOFSANDDLC,Reign of Sand,PPSA03390,https://sgst.prod.dl.playstation.net/sgst/prod/00/np/PPSA03390_00/dc27a082-288a-49ad-8092-74249b3d2a5e-version.xml,ps5,game
UP5946-PPSA05875_00-RELAYERGAME00000,Relayer,PPSA05875,https://sgst.prod.dl.playstation.net/sgst/prod/00/np/PPSA05875_00/51a67c10-020d-4180-afae-da6a913c91ac-version.xml,ps5,game
EP2566-PPSA23770_00-REMATCH000000PS5,Rematch,PPSA23770,https://sgst.prod.dl.playstation.net/sgst/prod/00/np/PPSA23770_00/85e537f9-da5b-4c72-826e-6cc977b0dc01-version.xml,ps5,game
UP1980-PPSA06693_00-REMNANT200000000,Remnant 2,PPSA06693,https://sgst.prod.dl.playstation.net/sgst/prod/00/np/PPSA06693_00/2d1edf9d-11ea-4b2f-9918-ffe999414482-version.xml,ps5,game
EP9000-PPSA01288_00-ELIZABETHBOY0001,Renaissance Costume,PPSA01288,https://sgst.prod.dl.playstation.net/sgst/prod/00/np/PPSA01288_00/1db8a953-699b-47e8-8082-799b1eea8118-version.xml,ps5,game
UP9000-PPSA01289_00-ELIZABETHBOY0001,Renaissance Costume,PPSA01289,https://sgst.prod.dl.playstation.net/sgst/prod/00/np/PPSA01289_00/0c1789e3-10b1-41eb-8ede-c159db8ef1e7-version.xml,ps5,
UP1676-PPSA03555_00-6614241473611595,Reserve Units,PPSA03555,https://sgst.prod.dl.playstation.net/sgst/prod/00/np/PPSA03555_00/2101d0df-affd-462d-84d4-9209b128f22c-version.xml,ps5,game
UP0102-PPSA07813_00-SLUS007480000000,Resident Evil 2,PPSA07813,https://sgst.prod.dl.playstation.net/sgst/prod/00/np/PPSA07813_00/2c9463ba-7305-467b-98c2-37bddb6b0bd6-version.xml,ps5,game
UP0102-PPSA07815_00-SLUS009230000000,Resident Evil 3: Nemesis,PPSA07815,https://sgst.prod.dl.playstation.net/sgst/prod/00/np/PPSA07815_00/c0ae908d-4e0b-4557-84ca-c8e9acab6f76-version.xml,ps5,game
EP0102-PPSA07412_00-RE4RMAINGAME0000,Resident Evil 4,PPSA07412,https://sgst.prod.dl.playstation.net/sgst/prod/00/np/PPSA07412_00/d2fd40b1-c4a4-4d8d-9d15-d1aab1fd737c-version.xml,ps5,
UP0102-PPSA07411_00-RE4RMAINGAME0000,Resident Evil 4,PPSA07411,https://sgst.prod.dl.playstation.net/sgst/prod/00/np/PPSA07411_00/1dba2283-d401-4ba8-a562-4ac92fd8fcdb-version.xml,ps5,
EP0102-PPSA13657_00-RE4RDEMO00000000,Resident Evil 4 Chainsaw Demo,PPSA13657,https://sgst.prod.dl.playstation.net/sgst/prod/00/np/PPSA13657_00/ec88a12c-881b-4550-9298-6291e1be9ec9-version.xml,ps5,
EP0102-PPSA01557_00-VILLAGEFULLGAMEX,Resident Evil Village,PPSA01557,https://sgst.prod.dl.playstation.net/sgst/prod/00/np/PPSA01557_00/4554eaa4-a11e-4e12-a49d-552bbadf8f60-version.xml,ps5,game
UP0102-PPSA01556_00-VILLAGEFULLGAMEX,Resident Evil Village,PPSA01556,https://sgst.prod.dl.playstation.net/sgst/prod/00/np/PPSA01556_00/64e1df4f-8bdc-4522-9e33-a2ba49c72e53-version.xml,ps5,game
EP0102-PPSA03153_00-DEMOVILLAGE00002,Resident Evil Village Gameplay Demo,PPSA03153,https://sgst.prod.dl.playstation.net/sgst/prod/00/np/PPSA03153_00/eedded67-d03a-4b1e-aa73-49a2446019ca-version.xml,ps5,
EP0102-PPSA08817_00-DEMOVILLAGEGE003,Resident Evil Village Gold Edition Gameplay Demo,PPSA08817,https://sgst.prod.dl.playstation.net/sgst/prod/00/np/PPSA08817_00/9080126e-09a1-4a71-a94b-019cccd64892-version.xml,ps5,
UP0102-PPSA08816_00-DEMOVILLAGEGE003,Resident Evil Village Gold Edition Gameplay Demo,PPSA08816,https://sgst.prod.dl.playstation.net/sgst/prod/00/np/PPSA08816_00/070d470a-1997-4cbf-b008-4a1e772c3c72-version.xml,ps5,
EP0102-PPSA01557_00-VRDLC00000000001,Resident Evil Village VR Mode,PPSA01557,https://sgst.prod.dl.playstation.net/sgst/prod/00/np/PPSA01557_00/4554eaa4-a11e-4e12-a49d-552bbadf8f60-version.xml,ps5,game
UP0102-PPSA01556_00-VRDLC00000000001,Resident Evil Village VR Mode,PPSA01556,https://sgst.prod.dl.playstation.net/sgst/prod/00/np/PPSA01556_00/64e1df4f-8bdc-4522-9e33-a2ba49c72e53-version.xml,ps5,game
UP0102-PPSA07811_00-SLUS005510000000,Resident Evil: Director's Cut,PPSA07811,https://sgst.prod.dl.playstation.net/sgst/prod/00/np/PPSA07811_00/1e18836b-ede1-42c2-8b4e-38866c0ff030-version.xml,ps5,game
UP9000-PPSA06788_00-UCUS986680000000,Resistance: Retribution,PPSA06788,https://sgst.prod.dl.playstation.net/sgst/prod/00/np/PPSA06788_00/fd19a95d-84f5-476f-8d3a-0f09ad904609-version.xml,ps5,game
UP1001-PPSA01462_00-ONGCHARSKINSIEA1,Retro Cosmetic Pack,PPSA01462,https://sgst.prod.dl.playstation.net/sgst/prod/00/np/PPSA01462_00/ed616f4d-c5de-47b3-a7ad-68ce8224f91e-version.xml,ps5,game
UP5082-PPSA03351_00-5951818207525561,Retro Prisoner Skin,PPSA03351,https://sgst.prod.dl.playstation.net/sgst/prod/00/np/PPSA03351_00/15440660-0c84-4097-baac-a6468e9131b7-version.xml,ps5,
UP3643-PPSA10122_00-0000000000000000,Return To Monkey Island,PPSA10122,https://sgst.prod.dl.playstation.net/sgst/prod/00/np/PPSA10122_00/6f69dbd2-d983-4714-a82e-027f5f77c99c-version.xml,ps5,game
UP6312-PPSA18654_00-0722404351762758,Return of Rome,PPSA18654,https://sgst.prod.dl.playstation.net/sgst/prod/00/np/PPSA18654_00/935e23b3-169e-439b-99d8-ae2b8b534b37-version.xml,ps5,game
UP0700-PPSA07695_00-UCES004220000000,Ridge Racer 2,PPSA07695,https://sgst.prod.dl.playstation.net/sgst/prod/00/np/PPSA07695_00/eb527acc-8089-485c-ac7e-a006ee47cf3f-version.xml,ps5,game
EP9000-PPSA04540_00-RONINFULLGAME001,Rise of the Ronin,PPSA04540,https://sgst.prod.dl.playstation.net/sgst/prod/00/np/PPSA04540_00/3494549d-ee53-4753-aa4c-a011d57bbd92-version.xml,ps5,
UP0292-PPSA06516_00-RISKOFRAIN2SIEA0,Risk of Rain 2,PPSA06516,https://sgst.prod.dl.playstation.net/sgst/prod/00/np/PPSA06516_00/08dc8eb5-b19a-4d99-8cef-be7258ce1ba4-version.xml,ps5,game
UP0922-PPSA17122_00-SLUS005350000000,Riven: The Sequel to Myst,PPSA17122,https://sgst.prod.dl.playstation.net/sgst/prod/00/np/PPSA17122_00/b5db236e-c913-40e9-a489-3719fc417a51-version.xml,ps5,game
EP1018-PPSA01696_00-000000000000DLC3,River of Blood,PPSA01696,https://sgst.prod.dl.playstation.net/sgst/prod/00/np/PPSA01696_00/1f653dd2-8f28-495c-8275-13e8d4933c1c-version.xml,ps5,game
UP9000-PPSA01289_00-SABARIVET0000001,Rivet Costume,PPSA01289,https://sgst.prod.dl.playstation.net/sgst/prod/00/np/PPSA01289_00/0c1789e3-10b1-41eb-8ede-c159db8ef1e7-version.xml,ps5,
EP3617-PPSA05592_00-ROAD96GEN9GAME00,Road 96,PPSA05592,https://sgst.prod.dl.playstation.net/sgst/prod/00/np/PPSA05592_00/38537300-0b73-4051-86d0-b3964ca3fae1-version.xml,ps5,game
UP3763-PPSA05593_00-ROAD96GEN9GAME00,Road 96,PPSA05593,https://sgst.prod.dl.playstation.net/sgst/prod/00/np/PPSA05593_00/a84ee154-c911-4165-bed5-00e45dea0db8-version.xml,ps5,game
EP3617-PPSA07584_00-ROAD96MILE0EUPS5,Road 96: Mile 0,PPSA07584,https://sgst.prod.dl.playstation.net/sgst/prod/00/np/PPSA07584_00/a60e8ee4-ee82-4887-a771-d05ab538070f-version.xml,ps5,game
EP0896-PPSA07286_00-RATGAROADOFDEATH,Road of Death,PPSA07286,https://sgst.prod.dl.playstation.net/sgst/prod/00/np/PPSA07286_00/543d99ec-660e-4c70-b313-670671ff0f55-version.xml,ps5,game
UP1821-PPSA10990_00-ROBLOXPLAYERBETA,Roblox,PPSA10990,https://sgst.prod.dl.playstation.net/sgst/prod/00/np/PPSA10990_00/b4410a41-d8e7-4b6c-bbe7-9da61e8eb0b7-version.xml,ps5,game
EP1018-PPSA01619_00-ROBCHARACTER0000,RoboCop,PPSA01619,https://sgst.prod.dl.playstation.net/sgst/prod/00/np/PPSA01619_00/d13316b3-ee9c-4082-bc86-f8a38f4c1278-version.xml,ps5,game
UP6665-PPSA16625_00-ROB0000000000ART,RoboCop - Digital Artbook,PPSA16625,https://sgst.prod.dl.playstation.net/sgst/prod/00/np/PPSA16625_00/7ab41395-f916-4cb4-977d-18a52c25b5e2-version.xml,ps5,
EP6959-PPSA23719_00-SIEERBBTPS500000,Robobeat,PPSA23719,https://sgst.prod.dl.playstation.net/sgst/prod/00/np/PPSA23719_00/e88596f1-0b30-4d4d-a9a3-6030af0fded3-version.xml,ps5,game
UP6665-PPSA05060_00-ROB0000000000000,Robocop: Rogue City,PPSA05060,https://sgst.prod.dl.playstation.net/sgst/prod/00/np/PPSA05060_00/b6cbd99a-dfc8-4a0e-9415-30f57e28843a-version.xml,ps5,game
UP6665-PPSA05060_00-ROB00PSAL0000002,Robocop: Rogue City - Alex Murphy pack,PPSA05060,https://sgst.prod.dl.playstation.net/sgst/prod/00/np/PPSA05060_00/b6cbd99a-dfc8-4a0e-9415-30f57e28843a-version.xml,ps5,
UP6665-PPSA05060_00-ROB00PSAL0000001,Robocop: Rogue City - Vanguard pack,PPSA05060,https://sgst.prod.dl.playstation.net/sgst/prod/00/np/PPSA05060_00/b6cbd99a-dfc8-4a0e-9415-30f57e28843a-version.xml,ps5,
EP0331-PPSA02092_00-ROGUECOMPANYXXXX,Rogue Company,PPSA02092,https://sgst.prod.dl.playstation.net/sgst/prod/00/np/PPSA02092_00/80f3d6ef-0799-4ebe-9ed9-59b47c1787d4-version.xml,ps5,game
HP2005-PPSA04550_00-ROGUEEXPLORER000,Rogue Explorer,PPSA04550,https://sgst.prod.dl.playstation.net/sgst/prod/00/np/PPSA04550_00/b5b32a37-ce5e-4c29-9983-35c091b33fe9-version.xml,ps5,
UP4488-PPSA15173_00-0338975894246736,Rogue Legacy 2,PPSA15173,https://sgst.prod.dl.playstation.net/sgst/prod/00/np/PPSA15173_00/3e55dbd2-970c-4c16-93c9-91b43972a5e4-version.xml,ps5,game
UP4008-PPSA02077_00-RBK0000000000000,Roguebook,PPSA02077,https://sgst.prod.dl.playstation.net/sgst/prod/00/np/PPSA02077_00/66fadfea-f5ce-42df-a13d-afe09ea0d1d2-version.xml,ps5,game
EP0896-PPSA08496_00-RATAGAROLLTHECAT,Roll The Cat,PPSA08496,https://sgst.prod.dl.playstation.net/sgst/prod/00/np/PPSA08496_00/15a7a756-e7e0-4b7f-9ff1-56a676e9fc40-version.xml,ps5,game
UP0182-PPSA26698_00-RTC3CE0000000000,Rollercoaster Tycoon 3: Complete Edition,PPSA26698,https://sgst.prod.dl.playstation.net/sgst/prod/00/np/PPSA26698_00/c692dbde-06cf-4598-8c90-50f04e7dbe3e-version.xml,ps5,game
EP0082-PPSA07299_00-MINSTRELSONG0000,Romancing SaGa -Minstrel Song- Remastered,PPSA07299,https://sgst.prod.dl.playstation.net/sgst/prod/00/np/PPSA07299_00/9d454015-181d-4634-9b9a-35a9c13e583e-version.xml,ps5,game
UP1440-PPSA16247_00-ROUGHJUSTICE84US,Rough Justice: '84,PPSA16247,https://sgst.prod.dl.playstation.net/sgst/prod/00/np/PPSA16247_00/bc46eeaa-d46d-43f0-818d-a172fa7c7677-version.xml,ps5,game
EP6665-PPSA16349_00-R250000000000000,Rugby 25,PPSA16349,https://sgst.prod.dl.playstation.net/sgst/prod/00/np/PPSA16349_00/c23b0dd9-9c89-4118-aaae-e32e3c8e2e52-version.xml,ps5,game
EP2005-PPSA07012_00-RULENO1000000000,Rule No.1,PPSA07012,https://sgst.prod.dl.playstation.net/sgst/prod/00/np/PPSA07012_00/310eefa4-6ba1-4e6b-a63b-a8eacccd5b81-version.xml,ps5,game
UP1477-PPSA03890_00-RUMBLEVERSE00000,Rumbleverse™,PPSA03890,https://sgst.prod.dl.playstation.net/sgst/prod/00/np/PPSA03890_00/8a9e23df-5925-4b33-a223-222085289a9b-version.xml,ps5,
EP4415-PPSA24616_00-0769090218487326,Rust Console Edition PS5 - Wallpaper Starter Pack,PPSA24616,https://sgst.prod.dl.playstation.net/sgst/prod/00/np/PPSA24616_00/0cae1ece-277c-4a10-af39-5758b3817ff3-version.xml,ps5,game
EP4908-PPSA03245_00-RUSTLER000000000,Rustler,PPSA03245,https://sgst.prod.dl.playstation.net/sgst/prod/00/np/PPSA03245_00/5d54c611-fe68-40ab-ab44-79521e864aea-version.xml,ps5,game
UP6965-PPSA04958_00-ROKI000000000000,Röki,PPSA04958,https://sgst.prod.dl.playstation.net/sgst/prod/00/np/PPSA04958_00/bb9c6eb5-0c07-448b-a586-b09abdc020d5-version.xml,ps5,game
EB0236-PPSA21732_00-0450712096375802,S.T.A.L.K.E.R.: Call of Prypiat,PPSA21732,https://sgst.prod.dl.playstation.net/sgst/prod/00/np/PPSA21732_00/cac9a4a7-fa73-420f-a147-f5ef5bf10f10-version.xml,ps5,game
UB0046-PPSA24600_00-0528451001987257,S.T.A.L.K.E.R.: Call of Prypiat,PPSA24600,https://sgst.prod.dl.playstation.net/sgst/prod/00/np/PPSA24600_00/6ce4ac82-6ff5-43b8-ad6a-9c3a39437acc-version.xml,ps5,game
EB0236-PPSA21733_00-0784463229646064,S.T.A.L.K.E.R.: Clear Sky,PPSA21733,https://sgst.prod.dl.playstation.net/sgst/prod/00/np/PPSA21733_00/696a5e20-e1a1-4200-ba41-7b39b04e2253-version.xml,ps5,game
UB0046-PPSA24601_00-0688906713281357,S.T.A.L.K.E.R.: Clear Sky,PPSA24601,https://sgst.prod.dl.playstation.net/sgst/prod/00/np/PPSA24601_00/d8ff28f1-c7df-44bb-8a33-4b01d0a1f97b-version.xml,ps5,game
EB0236-PPSA21734_00-0778461500088717,S.T.A.L.K.E.R.: Shadow of Chornobyl,PPSA21734,https://sgst.prod.dl.playstation.net/sgst/prod/00/np/PPSA21734_00/6a9f5bd5-9b4b-43c1-8b77-3d9842b3d5dd-version.xml,ps5,game
UB0046-PPSA24602_00-0361316214436572,S.T.A.L.K.E.R.: Shadow of Chornobyl,PPSA24602,https://sgst.prod.dl.playstation.net/sgst/prod/00/np/PPSA24602_00/592c9eb6-8b54-4fe2-8af6-95de2c32540c-version.xml,ps5,game
UP0700-PPSA08575_00-SANDLMAINGAME000,SAND LAND,PPSA08575,https://sgst.prod.dl.playstation.net/sgst/prod/00/np/PPSA08575_00/9dd040cb-3492-4a53-8ef8-5a13629b5ae3-version.xml,ps5,game
UP0700-PPSA19560_00-SANDLANDDEMO0000,SAND LAND Demo,PPSA19560,https://sgst.prod.dl.playstation.net/sgst/prod/00/np/PPSA19560_00/e59d9198-970a-453d-a23b-238aa5691a9f-version.xml,ps5,game
EP0700-PPSA02174_00-SCRNXITMPISP1PAC,SAS Plug-in Variations (3),PPSA02174,https://sgst.prod.dl.playstation.net/sgst/prod/00/np/PPSA02174_00/520667ff-5b57-46a9-be29-c79fb0461fa7-version.xml,ps5,game
EP0700-PPSA02174_00-SCRLTNXS00000000,SCARLET NEXUS,PPSA02174,https://sgst.prod.dl.playstation.net/sgst/prod/00/np/PPSA02174_00/520667ff-5b57-46a9-be29-c79fb0461fa7-version.xml,ps5,game
UP0700-PPSA02211_00-SCRLTNXS00000000,SCARLET NEXUS,PPSA02211,https://sgst.prod.dl.playstation.net/sgst/prod/00/np/PPSA02211_00/312b868a-4ce5-49e3-b632-521fd6cc5777-version.xml,ps5,game
EP0700-PPSA02416_00-SCRNXDIRDDXEDART,SCARLET NEXUS Artbook & Original Soundtrack,PPSA02416,https://sgst.prod.dl.playstation.net/sgst/prod/00/np/PPSA02416_00/30842684-af67-4399-82c2-0feae411c42e-version.xml,ps5,game
EP0700-PPSA02064_00-SCRLTNXSTRIAL000,SCARLET NEXUS Demo Edition,PPSA02064,https://sgst.prod.dl.playstation.net/sgst/prod/00/np/PPSA02064_00/f77dbe99-1632-4e64-9b8c-4e818370222d-version.xml,ps5,
EP0700-PPSA05165_00-SDGUNBATTLEA0000,SD GUNDAM BATTLE ALLIANCE,PPSA05165,https://sgst.prod.dl.playstation.net/sgst/prod/00/np/PPSA05165_00/89cd4a4a-1ce5-47c6-a2dc-c0596b2e63cc-version.xml,ps5,game
UP0700-PPSA05166_00-SDGUNBATTLEA0000,SD GUNDAM BATTLE ALLIANCE,PPSA05166,https://sgst.prod.dl.playstation.net/sgst/prod/00/np/PPSA05166_00/b96a26a8-5727-4d7a-849d-dbfb7d84e3f5-version.xml,ps5,game
UP0101-PPSA08710_00-MAINGAME00000000,SILENT HILL 2,PPSA08710,https://sgst.prod.dl.playstation.net/sgst/prod/00/np/PPSA08710_00/4d624b1a-53eb-44bb-ac44-11edb64ff7d4-version.xml,ps5,game
UP0101-PPSA04877_00-2010396308939304,SILENT HILL: The Short Message,PPSA04877,https://sgst.prod.dl.playstation.net/sgst/prod/00/np/PPSA04877_00/66e42fcc-0e77-4bf0-80b7-44796639ab54-version.xml,ps5,game
EP0101-PPSA04970_00-4469112696885364,SILENT HILL: The Short Message,PPSA04970,https://sgst.prod.dl.playstation.net/sgst/prod/00/np/PPSA04970_00/60405bbe-1a21-4474-9fe0-b0ccd8836e20-version.xml,ps5,
UP0001-PPSA02202_00-GAME000000000000,SKULL AND BONES™,PPSA02202,https://sgst.prod.dl.playstation.net/sgst/prod/00/np/PPSA02202_00/ce9ad347-493d-4e04-b6ca-4813acd6894d-version.xml,ps5,game
UP0001-PPSA06535_00-SIEAINTERNALTT02,SKULL AND BONES™,PPSA06535,https://sgst.prod.dl.playstation.net/sgst/prod/00/np/PPSA06535_00/49620d4e-b748-4530-80ec-e6d99ea61ce8-version.xml,ps5,
EP0177-PPSA03832_00-SONICRANGERS0000,SONIC FRONTIERS,PPSA03832,https://sgst.prod.dl.playstation.net/sgst/prod/00/np/PPSA03832_00/a520079e-ed80-45bd-8edd-6eeca15a3998-version.xml,ps5,game
UP0177-PPSA06888_00-SONICORION000000,SONIC SUPERSTARS,PPSA06888,https://sgst.prod.dl.playstation.net/sgst/prod/00/np/PPSA06888_00/0ddd92df-32e5-48aa-9819-dda311aeb838-version.xml,ps5,game
UP4389-PPSA15573_00-SPSDGAMEMODEDLC1,SOUTH PARK: SNOW DAY! - To Danse with Ravenous Shadows,PPSA15573,https://sgst.prod.dl.playstation.net/sgst/prod/00/np/PPSA15573_00/c194322c-e147-4cdf-b268-14e857de803c-version.xml,ps5,game
EP0096-PPSA07240_00-1770654870627972,SPIDERHECK,PPSA07240,https://sgst.prod.dl.playstation.net/sgst/prod/00/np/PPSA07240_00/2c15f9de-83c4-496e-8b25-c417851b70db-version.xml,ps5,game
UP0082-PPSA06235_00-STAROCEAN6PS5000,STAR OCEAN THE DIVINE FORCE,PPSA06235,https://sgst.prod.dl.playstation.net/sgst/prod/00/np/PPSA06235_00/b433a967-7c88-425c-affb-df3045250313-version.xml,ps5,game
EP0082-PPSA06251_00-STAROCEAN6PS5000,STAR OCEAN THE DIVINE FORCE,PPSA06251,https://sgst.prod.dl.playstation.net/sgst/prod/00/np/PPSA06251_00/4042d5e7-06dc-4f5f-9eb9-01edd15dda09-version.xml,ps5,
EP0082-PPSA16353_00-STAROCEAN2DEMOEP,STAR OCEAN THE SECOND STORY R - DEMO,PPSA16353,https://sgst.prod.dl.playstation.net/sgst/prod/00/np/PPSA16353_00/7fb056be-4eae-4d29-98e3-55b3c12ec234-version.xml,ps5,
UP0006-PPSA02198_00-RESPAWNSWBIRDDOG,STAR WARS Jedi: Fallen Order™,PPSA02198,https://sgst.prod.dl.playstation.net/sgst/prod/00/np/PPSA02198_00/5ec1af1f-e01c-4c29-9f05-88877410164c-version.xml,ps5,game
EP0006-PPSA02199_00-RESPAWNSWBIRDDOG,STAR WARS Jedi: Fallen Order™,PPSA02199,https://sgst.prod.dl.playstation.net/sgst/prod/00/np/PPSA02199_00/a866e901-810f-4449-8cc3-7a8b88252115-version.xml,ps5,game
UP0006-PPSA07783_00-RESPAWNAPPLEJACK,STAR WARS Jedi: Survivor™,PPSA07783,https://sgst.prod.dl.playstation.net/sgst/prod/00/np/PPSA07783_00/7ec3e507-714d-48ef-8559-d220c7f1482e-version.xml,ps5,game
UP1082-PPSA21985_00-SLUS205100000000,STAR WARS The Clone Wars,PPSA21985,https://sgst.prod.dl.playstation.net/sgst/prod/00/np/PPSA21985_00/e275d75c-ded5-43a4-8fb4-64ff5c5f67e0-version.xml,ps5,game
UP1082-PPSA07364_00-SLUS011830000000,STAR WARS™ Demolition,PPSA07364,https://sgst.prod.dl.playstation.net/sgst/prod/00/np/PPSA07364_00/09f06887-3586-4387-ab75-309552a80285-version.xml,ps5,game
UP1082-PPSA07336_00-SLUS008840000000,STAR WARS™ Episode I - The Phantom Menace,PPSA07336,https://sgst.prod.dl.playstation.net/sgst/prod/00/np/PPSA07336_00/685f4cfa-fdde-409e-b744-b491686e5048-version.xml,ps5,game
UP1082-PPSA07366_00-SLUS003810000000,STAR WARS™ Rebel Assault II - The Hidden Empire,PPSA07366,https://sgst.prod.dl.playstation.net/sgst/prod/00/np/PPSA07366_00/79ebe773-63a1-44e3-b519-b035d02600f2-version.xml,ps5,game
EP1875-PPSA16943_00-SWBATTLEFRONT000,STAR WARS™: Battlefront Classic Collection,PPSA16943,https://sgst.prod.dl.playstation.net/sgst/prod/00/np/PPSA16943_00/e8ad29c5-eaee-4202-9aae-62c97c33164b-version.xml,ps5,game
UP1032-PPSA16941_00-SWBATTLEFRONT000,STAR WARS™: Battlefront Classic Collection,PPSA16941,https://sgst.prod.dl.playstation.net/sgst/prod/00/np/PPSA16941_00/21696321-bb1c-4323-8a4a-8ed2039e51ee-version.xml,ps5,game
EP3385-PPSA30136_00-0018195383380758,STASIS,PPSA30136,https://sgst.prod.dl.playstation.net/sgst/prod/00/np/PPSA30136_00/31a4c337-72ca-4519-8304-d2c09bdbcc69-version.xml,ps5,game
EP3385-PPSA18978_00-STASIS2000000000,STASIS BONE TOTEM,PPSA18978,https://sgst.prod.dl.playstation.net/sgst/prod/00/np/PPSA18978_00/2b35ef2c-6dd6-4651-86ee-99404d6e532a-version.xml,ps5,game
UP1023-PPSA11540_00-WONDERFULLIFE000,STORY OF SEASONS: A Wonderful Life,PPSA11540,https://sgst.prod.dl.playstation.net/sgst/prod/00/np/PPSA11540_00/f067ca27-766d-40b3-9a32-8a6fc3f09f8a-version.xml,ps5,game
UP0082-PPSA03232_00-SOPFFORIGIN00000,STRANGER OF PARADISE FINAL FANTASY ORIGIN,PPSA03232,https://sgst.prod.dl.playstation.net/sgst/prod/00/np/PPSA03232_00/5a9da0c2-8563-4570-8dfd-2fd4284dccfc-version.xml,ps5,game
EP0082-PPSA03658_00-SOPFFORIGINDEMO0,STRANGER OF PARADISE FINAL FANTASY ORIGIN TRIAL VERSION,PPSA03658,https://sgst.prod.dl.playstation.net/sgst/prod/00/np/PPSA03658_00/7ca58d4f-663d-472c-a9e2-d48280838c7f-version.xml,ps5,
UP0700-PPSA06569_00-SWORDARTONLINE07,SWORD ART ONLINE Fractured Daydream,PPSA06569,https://sgst.prod.dl.playstation.net/sgst/prod/00/np/PPSA06569_00/86a92752-221d-4f6d-8adf-2d6bd395deba-version.xml,ps5,game
UP0700-PPSA06959_00-SAOLRMAINGAME000,SWORD ART ONLINE Last Recollection,PPSA06959,https://sgst.prod.dl.playstation.net/sgst/prod/00/np/PPSA06959_00/c27c90ae-a960-42ab-9f87-5c80886760b3-version.xml,ps5,game
UP0700-PPSA07141_00-SYNDUALITYADA000,SYNDUALITY Echo of Ada,PPSA07141,https://sgst.prod.dl.playstation.net/sgst/prod/00/np/PPSA07141_00/6e9615ac-af5f-435e-96eb-5c3acbbba0e7-version.xml,ps5,game
EP4133-PPSA04929_00-SNOWRUNNERLIVERY,Sabertooth livery,PPSA04929,https://sgst.prod.dl.playstation.net/sgst/prod/00/np/PPSA04929_00/9137f441-337a-4612-a625-5f3826d97fc5-version.xml,ps5,game
UP2320-PPSA01569_00-SABLETHEGAMENAP5,Sable,PPSA01569,https://sgst.prod.dl.playstation.net/sgst/prod/00/np/PPSA01569_00/e9dff842-0d63-4c70-beeb-dc9bc881e11e-version.xml,ps5,game
EP9000-PPSA01288_00-SACKBOYTSHIRT001,Sackboy T-Shirt,PPSA01288,https://sgst.prod.dl.playstation.net/sgst/prod/00/np/PPSA01288_00/1db8a953-699b-47e8-8082-799b1eea8118-version.xml,ps5,game
UP9000-PPSA01289_00-SACKBOYTSHIRT001,Sackboy T-Shirt,PPSA01289,https://sgst.prod.dl.playstation.net/sgst/prod/00/np/PPSA01289_00/0c1789e3-10b1-41eb-8ede-c159db8ef1e7-version.xml,ps5,
HP9000-PPSA01292_00-SACKBOYADVENTURE,Sackboy™: A Big Adventure,PPSA01292,https://sgst.prod.dl.playstation.net/sgst/prod/00/np/PPSA01292_00/183fd31e-647e-4570-9328-2956dc17dd44-version.xml,ps5,
UP9000-PPSA01289_00-SACKBOYADVENTURE,Sackboy™: Uma Grande Aventura,PPSA01289,https://sgst.prod.dl.playstation.net/sgst/prod/00/np/PPSA01289_00/0c1789e3-10b1-41eb-8ede-c159db8ef1e7-version.xml,ps5,game
EP9000-PPSA01288_00-SACKBOYADVENTURE,Sackboy™: Una grande avventura,PPSA01288,https://sgst.prod.dl.playstation.net/sgst/prod/00/np/PPSA01288_00/1db8a953-699b-47e8-8082-799b1eea8118-version.xml,ps5,
EP9000-PPSA01288_00-SABASACKNANA0001,Sacknana,PPSA01288,https://sgst.prod.dl.playstation.net/sgst/prod/00/np/PPSA01288_00/1db8a953-699b-47e8-8082-799b1eea8118-version.xml,ps5,game
UP9000-PPSA01289_00-SABASACKNANA0001,Sacknana,PPSA01289,https://sgst.prod.dl.playstation.net/sgst/prod/00/np/PPSA01289_00/0c1789e3-10b1-41eb-8ede-c159db8ef1e7-version.xml,ps5,
EP1001-PPSA01463_00-00ONGSIEEBFCMOZE,Saint of Iron,PPSA01463,https://sgst.prod.dl.playstation.net/sgst/prod/00/np/PPSA01463_00/4e400b2f-9fec-400c-97ab-307b529adb57-version.xml,ps5,game
UP2047-PPSA02813_00-SAINTSROW00PS5US,Saints Row,PPSA02813,https://sgst.prod.dl.playstation.net/sgst/prod/00/np/PPSA02813_00/27cb3e53-2732-4f5b-a909-b12f18009395-version.xml,ps5,game
EP4062-PPSA02807_00-SAINTSROW00PS5EU,Saints Row,PPSA02807,https://sgst.prod.dl.playstation.net/sgst/prod/00/np/PPSA02807_00/a10182dd-333a-4aaf-8f5e-de3c10183a56-version.xml,ps5,
UP2047-PPSA02813_00-SRIDOLSDLC00SIEA,Saints Row - Idols Anarchy Pack,PPSA02813,https://sgst.prod.dl.playstation.net/sgst/prod/00/np/PPSA02813_00/27cb3e53-2732-4f5b-a909-b12f18009395-version.xml,ps5,game
UP2047-PPSA02873_00-SRTTRDRDXGAME001,Saints Row®: The Third™ Remastered,PPSA02873,https://sgst.prod.dl.playstation.net/sgst/prod/00/np/PPSA02873_00/9fc46342-45a3-4738-b260-e20685cf6767-version.xml,ps5,game
UP0613-PPSA04293_00-6980832032208657,Salt and Sacrifice,PPSA04293,https://sgst.prod.dl.playstation.net/sgst/prod/00/np/PPSA04293_00/16052006-b7ce-457d-a164-6e5fd189377f-version.xml,ps5,game
EP0609-PPSA07833_00-0895794101741764,Salt and Sacrifice,PPSA07833,https://sgst.prod.dl.playstation.net/sgst/prod/00/np/PPSA07833_00/51e4e232-0ecc-45f7-a353-5a30db29ee2f-version.xml,ps5,game
EP2866-PPSA23364_00-TSW5SANBERNARDLA,San Bernardino Line: Los Angeles - San Bernardino,PPSA23364,https://sgst.prod.dl.playstation.net/sgst/prod/00/np/PPSA23364_00/405410c0-0f31-4ec3-8f71-8985fd1c7573-version.xml,ps5,game
EP0096-PPSA15514_00-CARTELTYCOONDLC3,San Rafaela,PPSA15514,https://sgst.prod.dl.playstation.net/sgst/prod/00/np/PPSA15514_00/99c15e7f-7abe-4114-921e-2c09efface6c-version.xml,ps5,game
UP9000-PPSA01289_00-SABASANTA0000001,Santa Costume,PPSA01289,https://sgst.prod.dl.playstation.net/sgst/prod/00/np/PPSA01289_00/0c1789e3-10b1-41eb-8ede-c159db8ef1e7-version.xml,ps5,
UP4664-PPSA16634_00-FACTORYGAME00000,Satisfactory,PPSA16634,https://sgst.prod.dl.playstation.net/sgst/prod/00/np/PPSA16634_00/bd54f3c4-c360-4ade-bb8a-f7213a59c0f9-version.xml,ps5,game
UP2470-PPSA27614_00-0466810510398026,Sayonara Wild Hearts,PPSA27614,https://sgst.prod.dl.playstation.net/sgst/prod/00/np/PPSA27614_00/32a7ebb4-29eb-47ef-93c8-49deae77964a-version.xml,ps5,game
HP0177-PPSA03792_00-SCHOOLSEP0000001,School Stories Expansion Pack,PPSA03792,https://sgst.prod.dl.playstation.net/sgst/prod/00/np/PPSA03792_00/d506252c-2166-4c92-b4b4-f72c708d2707-version.xml,ps5,game
EP4133-PPSA04929_00-SNOWRUNNERDLC004,Scorched Vinyl Wrap,PPSA04929,https://sgst.prod.dl.playstation.net/sgst/prod/00/np/PPSA04929_00/9137f441-337a-4612-a625-5f3826d97fc5-version.xml,ps5,game
EP0896-PPSA29294_00-SCURGEHIVERATGAM,Scurge: Hive,PPSA29294,https://sgst.prod.dl.playstation.net/sgst/prod/00/np/PPSA29294_00/b06b0187-7427-40d7-897d-fe577479424d-version.xml,ps5,game
UP6312-PPSA17669_00-MINERVA000000000,Sea Of Thieves,PPSA17669,https://sgst.prod.dl.playstation.net/sgst/prod/00/np/PPSA17669_00/12177402-e2e5-41b7-98a3-06718e2229d7-version.xml,ps5,
UP3463-PPSA07586_00-8119804844737273,Sea of Stars,PPSA07586,https://sgst.prod.dl.playstation.net/sgst/prod/00/np/PPSA07586_00/72fca038-3a26-40c2-bf67-72b5de60af88-version.xml,ps5,game
EP0700-PPSA02745_00-TOADLCPSM0002PS5,Seaside Scuttle Training,PPSA02745,https://sgst.prod.dl.playstation.net/sgst/prod/00/np/PPSA02745_00/9aedb751-6ff7-4a24-b007-23239e20c866-version.xml,ps5,game
UP3901-PPSA02856_00-SEASONGAMEPS5NA0,Season,PPSA02856,https://sgst.prod.dl.playstation.net/sgst/prod/00/np/PPSA02856_00/1cbf0b95-4355-4b1a-aa8f-7355d84ef290-version.xml,ps5,game
EP1018-PPSA01696_00-000000SEASONPASS,Season Pass,PPSA01696,https://sgst.prod.dl.playstation.net/sgst/prod/00/np/PPSA01696_00/1f653dd2-8f28-495c-8275-13e8d4933c1c-version.xml,ps5,game
UP0700-PPSA15211_00-DBSZ0SSP00000001,Season Pass,PPSA15211,https://sgst.prod.dl.playstation.net/sgst/prod/00/np/PPSA15211_00/05e60118-9f8a-44b8-b7a4-fdc87f84d79d-version.xml,ps5,
UP5082-PPSA03351_00-9689869410871666,Season Pass,PPSA03351,https://sgst.prod.dl.playstation.net/sgst/prod/00/np/PPSA03351_00/15440660-0c84-4097-baac-a6468e9131b7-version.xml,ps5,
UP9000-PPSA14319_00-UCUS986970000000,Secret Agent Clank,PPSA14319,https://sgst.prod.dl.playstation.net/sgst/prod/00/np/PPSA14319_00/87ca0aeb-1511-4c54-b1f2-33244424c5b9-version.xml,ps5,game
UP9000-PPSA01289_00-SABARETURNAL0001,Selene Costume,PPSA01289,https://sgst.prod.dl.playstation.net/sgst/prod/00/np/PPSA01289_00/0c1789e3-10b1-41eb-8ede-c159db8ef1e7-version.xml,ps5,
UP0102-PPSA07411_00-RE4RDLC000000001,Separate Ways,PPSA07411,https://sgst.prod.dl.playstation.net/sgst/prod/00/np/PPSA07411_00/1dba2283-d401-4ba8-a562-4ac92fd8fcdb-version.xml,ps5,
UP0082-PPSA01903_00-9404265555077044,Seraphic Earrings,PPSA01903,https://sgst.prod.dl.playstation.net/sgst/prod/00/np/PPSA01903_00/403b8eef-f2b4-456a-bfb9-42b3d0eb1402-version.xml,ps5,game
HP0082-PPSA01773_00-9404265555077044,Seraphic Earrings,PPSA01773,https://sgst.prod.dl.playstation.net/sgst/prod/00/np/PPSA01773_00/5f3f96a2-cf9f-4f96-a22c-2cb8e47f4ae6-version.xml,ps5,
EP4040-PPSA06629_00-SERIALCLEANERSEU,Serial Cleaners,PPSA06629,https://sgst.prod.dl.playstation.net/sgst/prod/00/np/PPSA06629_00/2a6f4ff6-cfa2-4160-939e-370c2effc964-version.xml,ps5,game
EP3643-PPSA03752_00-00000SERIOUSSAM4,Serious Sam 4,PPSA03752,https://sgst.prod.dl.playstation.net/sgst/prod/00/np/PPSA03752_00/88b768e8-cdcc-4f2f-9c3a-4f2850ee1167-version.xml,ps5,game
UP3643-PPSA03751_00-00000SERIOUSSAM4,Serious Sam 4,PPSA03751,https://sgst.prod.dl.playstation.net/sgst/prod/00/np/PPSA03751_00/d80c86f4-e1c3-42f2-a3fc-2daae472015c-version.xml,ps5,
EP3643-PPSA07021_00-0000SERIOUSSAMSM,Serious Sam: Siberian Mayhem,PPSA07021,https://sgst.prod.dl.playstation.net/sgst/prod/00/np/PPSA07021_00/a24fec01-61c3-49cd-bced-a7c88f081bad-version.xml,ps5,game
UP6665-PPSA06511_00-SSS0000000000000,Session: Skate Sim,PPSA06511,https://sgst.prod.dl.playstation.net/sgst/prod/00/np/PPSA06511_00/1d442bac-49d7-4384-a47b-1824ed0c094f-version.xml,ps5,game
EP8925-PPSA05106_00-5913955639203663,Severed Steel,PPSA05106,https://sgst.prod.dl.playstation.net/sgst/prod/00/np/PPSA05106_00/4f23120a-841f-4d04-8506-8268d9a22784-version.xml,ps5,game
EP4139-PPSA04120_00-SHADOWRUNRETEU01,Shadowrun Returns,PPSA04120,https://sgst.prod.dl.playstation.net/sgst/prod/00/np/PPSA04120_00/0c42e770-2016-47c0-a390-ebbec049b555-version.xml,ps5,game
UP4139-PPSA04121_00-SHADOWRUNRETNA01,Shadowrun Returns,PPSA04121,https://sgst.prod.dl.playstation.net/sgst/prod/00/np/PPSA04121_00/d3715612-1d4c-4ebc-8cf8-356f46c6c163-version.xml,ps5,game
EP4139-PPSA04110_00-SHADOWDRAGONEU01,Shadowrun: Dragonfall - Director's Cut,PPSA04110,https://sgst.prod.dl.playstation.net/sgst/prod/00/np/PPSA04110_00/3c37193a-7697-4926-a698-c173704c7735-version.xml,ps5,game
UP4139-PPSA04111_00-SHADOWDRAGONNA01,Shadowrun: Dragonfall - Director's Cut,PPSA04111,https://sgst.prod.dl.playstation.net/sgst/prod/00/np/PPSA04111_00/bf96e43c-3e97-4837-bf38-7857fb04aa62-version.xml,ps5,game
EP4139-PPSA04112_00-SHADOWHKEXTENDEU,Shadowrun: Hong Kong - Extended Edition,PPSA04112,https://sgst.prod.dl.playstation.net/sgst/prod/00/np/PPSA04112_00/da4d722f-1781-433f-bfb7-826c1b00dbf0-version.xml,ps5,game
UP4139-PPSA04113_00-SHADOWHKEXTENDNA,Shadowrun: Hong Kong - Extended Edition,PPSA04113,https://sgst.prod.dl.playstation.net/sgst/prod/00/np/PPSA04113_00/4efb8e85-16b3-418f-adc8-8eb50e052829-version.xml,ps5,game
UP7564-PPSA17858_00-0000000000000000,Shadows of the Damned: Hella Remastered,PPSA17858,https://sgst.prod.dl.playstation.net/sgst/prod/00/np/PPSA17858_00/ff3dcfba-7db3-414d-9bb9-8d7049f6168b-version.xml,ps5,game
EP2077-PPSA02515_00-SHAKEDOWNHAWAII0,Shakedown: Hawaii,PPSA02515,https://sgst.prod.dl.playstation.net/sgst/prod/00/np/PPSA02515_00/5f643443-fe8b-4e89-a3f8-56e7d7ed9486-version.xml,ps5,game
UP0700-PPSA15211_00-DBSZ0CHASHALLOT0,Shallot (DRAGON BALL LEGENDS),PPSA15211,https://sgst.prod.dl.playstation.net/sgst/prod/00/np/PPSA15211_00/05e60118-9f8a-44b8-b7a4-fdc87f84d79d-version.xml,ps5,
EP1018-PPSA01619_00-SHTCHARACTER0000,Shang Tsung,PPSA01619,https://sgst.prod.dl.playstation.net/sgst/prod/00/np/PPSA01619_00/d13316b3-ee9c-4082-bc86-f8a38f4c1278-version.xml,ps5,game
UP1018-PPSA07570_00-SHTCHARACTER0000,Shang Tsung,PPSA07570,https://sgst.prod.dl.playstation.net/sgst/prod/00/np/PPSA07570_00/47d67988-0c82-41cf-b8c6-6ab8640efa8d-version.xml,ps5,
EP1018-PPSA01619_00-SHTMOVIEGEAR0000,Shang Tsung - Kombat Pack Version,PPSA01619,https://sgst.prod.dl.playstation.net/sgst/prod/00/np/PPSA01619_00/d13316b3-ee9c-4082-bc86-f8a38f4c1278-version.xml,ps5,game
UP2053-PPSA08202_00-6782436307761092,Shantae,PPSA08202,https://sgst.prod.dl.playstation.net/sgst/prod/00/np/PPSA08202_00/4432f083-abe7-46fb-9e81-2538be3df1ca-version.xml,ps5,game
UP2053-PPSA04114_00-2189106511358960,Shantae and the Seven Sirens,PPSA04114,https://sgst.prod.dl.playstation.net/sgst/prod/00/np/PPSA04114_00/0cf2b07b-8a48-4135-99c7-644de3dbbdbb-version.xml,ps5,game
EP8916-PPSA04126_00-RISKYSREVENGE0EU,Shantae: Risky's Revenge - Director's Cut,PPSA04126,https://sgst.prod.dl.playstation.net/sgst/prod/00/np/PPSA04126_00/fa14c97d-f261-4649-bc34-8176c19861bd-version.xml,ps5,game
IP9100-PPSA01280_00-SFSRELE000000100,Share Factory Studio,PPSA01280,https://sgst.prod.dl.playstation.net/sgst/prod/00/np/PPSA01280_00/d8ec167a-59da-4e54-8e2c-1161c706516a-version.xml,ps5,game
EP1001-PPSA01493_00-0000DAFEUPS5DLC4,Shattering Spectreglass,PPSA01493,https://sgst.prod.dl.playstation.net/sgst/prod/00/np/PPSA01493_00/35a4e113-87fc-43fe-b7fc-b93a72223736-version.xml,ps5,game
EP1018-PPSA01619_00-SHECHARACTER0000,Sheeva,PPSA01619,https://sgst.prod.dl.playstation.net/sgst/prod/00/np/PPSA01619_00/d13316b3-ee9c-4082-bc86-f8a38f4c1278-version.xml,ps5,game
EP5205-PPSA01978_00-SHCOFROGWARESUAK,Sherlock Holmes Chapter One,PPSA01978,https://sgst.prod.dl.playstation.net/sgst/prod/00/np/PPSA01978_00/40ca6f2f-c6a0-4266-99f5-293e55495594-version.xml,ps5,game
UP5025-PPSA01979_00-SHCOFROGWARESUAK,Sherlock Holmes Chapter One,PPSA01979,https://sgst.prod.dl.playstation.net/sgst/prod/00/np/PPSA01979_00/f90793f0-47ae-4b54-94bc-a600c73bef54-version.xml,ps5,game
UP0082-PPSA01903_00-3279719699414944,Shinra Bangle,PPSA01903,https://sgst.prod.dl.playstation.net/sgst/prod/00/np/PPSA01903_00/403b8eef-f2b4-456a-bfb9-42b3d0eb1402-version.xml,ps5,game
HP0082-PPSA01773_00-3279719699414944,Shinra Bangle,PPSA01773,https://sgst.prod.dl.playstation.net/sgst/prod/00/np/PPSA01773_00/5f3f96a2-cf9f-4f96-a22c-2cb8e47f4ae6-version.xml,ps5,
EP0082-PPSA01911_00-3279719699414944,Shinra Bangle,PPSA01911,https://sgst.prod.dl.playstation.net/sgst/prod/00/np/PPSA01911_00/ae7d9b2c-2db9-4d73-992a-dd0d1b8603b1-version.xml,ps5,
UP8767-PPSA22548_00-XXXXXXXXXXXXXXXX,Shogun Showdown - Demo,PPSA22548,https://sgst.prod.dl.playstation.net/sgst/prod/00/np/PPSA22548_00/2954ec85-f85f-4c6a-b178-f2efd1dd8631-version.xml,ps5,
UP8863-PPSA02789_00-0928067636522875,Showtime Anytime,PPSA02789,https://sgst.prod.dl.playstation.net/sgst/prod/00/np/PPSA02789_00/10a411fa-2375-4d63-9d52-6ca0f7c8e460-version.xml,ps5,
EP0082-PPSA04988_00-PWSSHR0000000001,Shrek Special Pack,PPSA04988,https://sgst.prod.dl.playstation.net/sgst/prod/00/np/PPSA04988_00/ebc690a4-34de-4ee1-8e6f-7f39676fc297-version.xml,ps5,game
UP2703-PPSA05132_00-WUGUAN0000000001,Sifu,PPSA05132,https://sgst.prod.dl.playstation.net/sgst/prod/00/np/PPSA05132_00/528094ac-cb28-45d6-920f-a0cb0d42e33a-version.xml,ps5,game
EP2566-PPSA03001_00-WUGUAN0000000001,Sifu,PPSA03001,https://sgst.prod.dl.playstation.net/sgst/prod/00/np/PPSA03001_00/32fde366-95dc-4182-95a3-5ef7d7188aa1-version.xml,ps5,game
UP8268-PPSA14410_00-SILVERED0MASK000,Silver Edition Incentives,PPSA14410,https://sgst.prod.dl.playstation.net/sgst/prod/00/np/PPSA14410_00/a7458a5a-5b38-4c37-b0f8-5ab69f86c85d-version.xml,ps5,
EP1018-PPSA01619_00-SINCHARACTER0000,Sindel,PPSA01619,https://sgst.prod.dl.playstation.net/sgst/prod/00/np/PPSA01619_00/d13316b3-ee9c-4082-bc86-f8a38f4c1278-version.xml,ps5,game
EP1001-PPSA01463_00-0ONGSIEEBFCAMARA,Sinister Sister,PPSA01463,https://sgst.prod.dl.playstation.net/sgst/prod/00/np/PPSA01463_00/4e400b2f-9fec-400c-97ab-307b529adb57-version.xml,ps5,game
UP9000-PPSA22947_00-SCUS973550000000,Siren,PPSA22947,https://sgst.prod.dl.playstation.net/sgst/prod/00/np/PPSA22947_00/88edc442-59a7-47f9-8163-35c5adfd2b21-version.xml,ps5,game
EP3597-PPSA08007_00-SIXTYWORDSBYPOWG,Sixty Words by POWGI,PPSA08007,https://sgst.prod.dl.playstation.net/sgst/prod/00/np/PPSA08007_00/26d45203-9aa1-4724-b048-91f3896197ed-version.xml,ps5,game
UP3643-PPSA28801_00-1234567891234567,Skate Story,PPSA28801,https://sgst.prod.dl.playstation.net/sgst/prod/00/np/PPSA28801_00/56503e1a-72dc-4bdb-81a6-30175e03b312-version.xml,ps5,game
UP4882-PPSA14734_00-P10S2XXXXXXXXXXX,"Skrillex, Starrah & Four Tet - Butterflies",PPSA14734,https://sgst.prod.dl.playstation.net/sgst/prod/00/np/PPSA14734_00/dc84fbd1-2b13-419c-bc3d-4ba7ea2472bc-version.xml,ps5,game
UP0001-PPSA02202_00-SBIL003000000000,Skull and Bones - Bloody Bones' Legacy,PPSA02202,https://sgst.prod.dl.playstation.net/sgst/prod/00/np/PPSA02202_00/ce9ad347-493d-4e04-b6ca-4813acd6894d-version.xml,ps5,
UP0001-PPSA02202_00-SBD0060000000000,Skull and Bones - Digital Art Book and Original Sound Track,PPSA02202,https://sgst.prod.dl.playstation.net/sgst/prod/00/np/PPSA02202_00/ce9ad347-493d-4e04-b6ca-4813acd6894d-version.xml,ps5,
UP0001-PPSA02202_00-SBIL001000000000,Skull and Bones - Pre-Order Bonus Pack,PPSA02202,https://sgst.prod.dl.playstation.net/sgst/prod/00/np/PPSA02202_00/ce9ad347-493d-4e04-b6ca-4813acd6894d-version.xml,ps5,
UP0001-PPSA02202_00-SBIL004000000000,Skull and Bones - The Ashen Corsair,PPSA02202,https://sgst.prod.dl.playstation.net/sgst/prod/00/np/PPSA02202_00/ce9ad347-493d-4e04-b6ca-4813acd6894d-version.xml,ps5,
UP0001-PPSA02202_00-SBIL002000000000,Skull and Bones - Ultimate Edition Bonus Pack,PPSA02202,https://sgst.prod.dl.playstation.net/sgst/prod/00/np/PPSA02202_00/ce9ad347-493d-4e04-b6ca-4813acd6894d-version.xml,ps5,
UP9000-PPSA23535_00-SLUS203840000000,SkyGunner,PPSA23535,https://sgst.prod.dl.playstation.net/sgst/prod/00/np/PPSA23535_00/a2593db2-2610-483e-a084-6d6a4561d511-version.xml,ps5,game
EP1003-PPSA03747_00-TESVSKYRIM000000,Skyrim,PPSA03747,https://sgst.prod.dl.playstation.net/sgst/prod/00/np/PPSA03747_00/e62c2684-0131-4d0e-8084-511b79111e32-version.xml,ps5,game
UP1003-PPSA03746_00-TESVSKYRIM000000,Skyrim,PPSA03746,https://sgst.prod.dl.playstation.net/sgst/prod/00/np/PPSA03746_00/8925f09a-2364-43b7-ba52-1ad21014c87e-version.xml,ps5,game
UP8448-PPSA20138_00-0994471406853899,SlavicPunk: Oldtimer,PPSA20138,https://sgst.prod.dl.playstation.net/sgst/prod/00/np/PPSA20138_00/dede89a6-2d59-403d-b749-25240bd2e0ba-version.xml,ps5,game
EP1121-PPSA04411_00-SP00000000000000,Slaycation Paradise,PPSA04411,https://sgst.prod.dl.playstation.net/sgst/prod/00/np/PPSA04411_00/a3719ee0-7e6d-42ec-9745-572d4370595d-version.xml,ps5,game
UP4256-PPSA09993_00-4884469890022134,Slayers X: Terminal Aftermath: Vengance of the Slayer,PPSA09993,https://sgst.prod.dl.playstation.net/sgst/prod/00/np/PPSA09993_00/2b7ff9ad-1d0d-46c9-a171-66f0c314ab59-version.xml,ps5,game
UP2293-PPSA20152_00-0019683213812595,Slime Rancher 2,PPSA20152,https://sgst.prod.dl.playstation.net/sgst/prod/00/np/PPSA20152_00/0ccce3f1-5981-46c3-81a2-47729bf29fd6-version.xml,ps5,game
UP7515-PPSA21951_00-0340824062504240,Slitterhead,PPSA21951,https://sgst.prod.dl.playstation.net/sgst/prod/00/np/PPSA21951_00/cf199a15-b454-4998-9023-a596dc8fe5cd-version.xml,ps5,game
JP7494-PPSA24999_00-0969491317354732,Slitterhead Digital Soundtrack & Artbook,PPSA24999,https://sgst.prod.dl.playstation.net/sgst/prod/00/np/PPSA24999_00/6c92bc9c-81b2-465d-8b77-3d296dd12e80-version.xml,ps5,game
UP9000-PPSA22287_00-SCUS973160000000,Sly 2: Band of Thieves,PPSA22287,https://sgst.prod.dl.playstation.net/sgst/prod/00/np/PPSA22287_00/af8636e6-a304-4a0f-872a-7efd87d8517b-version.xml,ps5,game
UP9000-PPSA22288_00-SCUS974640000000,Sly 3: Honor Among Thieves,PPSA22288,https://sgst.prod.dl.playstation.net/sgst/prod/00/np/PPSA22288_00/db81a915-e3d6-4cd7-bbea-2d38fed5f035-version.xml,ps5,game
UP9000-PPSA21300_00-SCUS971980000000,Sly Cooper and the Thievius Raccoonus,PPSA21300,https://sgst.prod.dl.playstation.net/sgst/prod/00/np/PPSA21300_00/1fd1193f-7c63-4223-af44-11b6f82f95f1-version.xml,ps5,game
UP5082-PPSA03351_00-0000000SNAKESKIN,Snake Skin,PPSA03351,https://sgst.prod.dl.playstation.net/sgst/prod/00/np/PPSA03351_00/15440660-0c84-4097-baac-a6468e9131b7-version.xml,ps5,
UP4363-PPSA01685_00-SNIPERELITE50000,Sniper Elite 5,PPSA01685,https://sgst.prod.dl.playstation.net/sgst/prod/00/np/PPSA01685_00/c8f1209a-f098-4311-804c-8cb1ac3ed1bb-version.xml,ps5,game
UP4363-PPSA01685_00-SNIPERE5DLC00006,Sniper Elite 5: Airborne Elite Weapon And Skin Pack,PPSA01685,https://sgst.prod.dl.playstation.net/sgst/prod/00/np/PPSA01685_00/c8f1209a-f098-4311-804c-8cb1ac3ed1bb-version.xml,ps5,
EP4529-PPSA04444_00-SNIPERE5DLC00006,Sniper Elite 5: Airborne Elite Weapon And Skin Pack,PPSA04444,https://sgst.prod.dl.playstation.net/sgst/prod/00/np/PPSA04444_00/d5f4b54d-b02f-4260-b9b6-673383ffe72d-version.xml,ps5,game
UP4363-PPSA01685_00-SNIPERE5DLC00011,Sniper Elite 5: Trench Warfare Weapon Pack,PPSA01685,https://sgst.prod.dl.playstation.net/sgst/prod/00/np/PPSA01685_00/c8f1209a-f098-4311-804c-8cb1ac3ed1bb-version.xml,ps5,
EP4529-PPSA04444_00-SNIPERE5DLC00011,Sniper Elite 5: Trench Warfare Weapon Pack,PPSA04444,https://sgst.prod.dl.playstation.net/sgst/prod/00/np/PPSA04444_00/d5f4b54d-b02f-4260-b9b6-673383ffe72d-version.xml,ps5,game
UP4363-PPSA01685_00-SNIPERE5DLC00009,Sniper Elite 5: Valentine's Weapon Skin Pack,PPSA01685,https://sgst.prod.dl.playstation.net/sgst/prod/00/np/PPSA01685_00/c8f1209a-f098-4311-804c-8cb1ac3ed1bb-version.xml,ps5,
EP4529-PPSA04444_00-SNIPERE5DLC00009,Sniper Elite 5: Valentine's Weapon Skin Pack,PPSA04444,https://sgst.prod.dl.playstation.net/sgst/prod/00/np/PPSA04444_00/d5f4b54d-b02f-4260-b9b6-673383ffe72d-version.xml,ps5,game
UP4363-PPSA01685_00-SNIPERE5DLC00008,Sniper Elite 5: Winter Weapon Skin Pack,PPSA01685,https://sgst.prod.dl.playstation.net/sgst/prod/00/np/PPSA01685_00/c8f1209a-f098-4311-804c-8cb1ac3ed1bb-version.xml,ps5,
EP4529-PPSA04444_00-SNIPERE5DLC00008,Sniper Elite 5: Winter Weapon Skin Pack,PPSA04444,https://sgst.prod.dl.playstation.net/sgst/prod/00/np/PPSA04444_00/d5f4b54d-b02f-4260-b9b6-673383ffe72d-version.xml,ps5,game
UP4363-PPSA17232_00-SNIPERERESDLC007,Sniper Elite Resistance: Commando Weapon and Skin Pack,PPSA17232,https://sgst.prod.dl.playstation.net/sgst/prod/00/np/PPSA17232_00/fc314faa-8082-4b3b-9009-d1b0547200df-version.xml,ps5,game
UP4363-PPSA17232_00-SNIPERERESDLC006,Sniper Elite Resistance: Fairburne’s Armoury Weapons and Skins Pack,PPSA17232,https://sgst.prod.dl.playstation.net/sgst/prod/00/np/PPSA17232_00/fc314faa-8082-4b3b-9009-d1b0547200df-version.xml,ps5,game
EP4321-PPSA03131_00-6029635495956336,Sniper Ghost Warrior Contracts 2,PPSA03131,https://sgst.prod.dl.playstation.net/sgst/prod/00/np/PPSA03131_00/58f27224-3244-4e39-8e59-587660052f1a-version.xml,ps5,game
UP4321-PPSA03130_00-2478417276876954,Sniper Ghost Warrior Contracts 2,PPSA03130,https://sgst.prod.dl.playstation.net/sgst/prod/00/np/PPSA03130_00/495876fe-0446-437c-8904-d6abd3d64f9f-version.xml,ps5,game
UP4133-PPSA04930_00-SNOWRUNNERGAME00,SnowRunner,PPSA04930,https://sgst.prod.dl.playstation.net/sgst/prod/00/np/PPSA04930_00/2796542a-0fc3-4924-af70-5400b5d3bb66-version.xml,ps5,game
EP4133-PPSA04929_00-SNOWRUNNERGAME00,SnowRunner,PPSA04929,https://sgst.prod.dl.playstation.net/sgst/prod/00/np/PPSA04929_00/9137f441-337a-4612-a625-5f3826d97fc5-version.xml,ps5,game
UP4133-PPSA04930_00-SNOWRUNNERDLC012,SnowRunner - Anniversary DLC,PPSA04930,https://sgst.prod.dl.playstation.net/sgst/prod/00/np/PPSA04930_00/2796542a-0fc3-4924-af70-5400b5d3bb66-version.xml,ps5,game
EP4133-PPSA04929_00-SNOWRUNNERDLC012,SnowRunner - Anniversary DLC,PPSA04929,https://sgst.prod.dl.playstation.net/sgst/prod/00/np/PPSA04929_00/9137f441-337a-4612-a625-5f3826d97fc5-version.xml,ps5,game
EP4133-PPSA04929_00-SNOWRUNNERDLC006,SnowRunner - Season 1: Search and Recover,PPSA04929,https://sgst.prod.dl.playstation.net/sgst/prod/00/np/PPSA04929_00/9137f441-337a-4612-a625-5f3826d97fc5-version.xml,ps5,game
EP4133-PPSA04929_00-SNOWRUNNERDLC007,SnowRunner - Season 2: Explore and Expand,PPSA04929,https://sgst.prod.dl.playstation.net/sgst/prod/00/np/PPSA04929_00/9137f441-337a-4612-a625-5f3826d97fc5-version.xml,ps5,game
EP4133-PPSA04929_00-SNOWRUNNERDLC008,SnowRunner - Season 3: Locate and Deliver,PPSA04929,https://sgst.prod.dl.playstation.net/sgst/prod/00/np/PPSA04929_00/9137f441-337a-4612-a625-5f3826d97fc5-version.xml,ps5,game
EP4133-PPSA04929_00-SNOWRUNNERDLC013,SnowRunner - TATRA Dual Pack,PPSA04929,https://sgst.prod.dl.playstation.net/sgst/prod/00/np/PPSA04929_00/9137f441-337a-4612-a625-5f3826d97fc5-version.xml,ps5,game
EP4133-PPSA04929_00-SNOWRUNNERDLC005,SnowRunner - True Colors Vinyl Wrap,PPSA04929,https://sgst.prod.dl.playstation.net/sgst/prod/00/np/PPSA04929_00/9137f441-337a-4612-a625-5f3826d97fc5-version.xml,ps5,game
EP4133-PPSA04929_00-SNOWRUNNERDLC009,Snowrunner - Season 4: New Frontiers,PPSA04929,https://sgst.prod.dl.playstation.net/sgst/prod/00/np/PPSA04929_00/9137f441-337a-4612-a625-5f3826d97fc5-version.xml,ps5,game
UP4256-PPSA06313_00-SOCCERSTORYPS5US,Soccer Story,PPSA06313,https://sgst.prod.dl.playstation.net/sgst/prod/00/np/PPSA06313_00/ef7af157-fc15-4118-8209-cf68a6f46400-version.xml,ps5,game
UP6659-PPSA16663_00-0205179158808650,Somerville,PPSA16663,https://sgst.prod.dl.playstation.net/sgst/prod/00/np/PPSA16663_00/6aff5bf9-b49e-427c-b2f7-15bf2bf778a9-version.xml,ps5,game
UP0177-PPSA03831_00-DLCCRM0000000000,Sonic Adventure 2 Shoes,PPSA03831,https://sgst.prod.dl.playstation.net/sgst/prod/00/np/PPSA03831_00/976d3e1d-4aa2-4362-b9a4-2b32a7e4fdf5-version.xml,ps5,game
EP0177-PPSA19769_00-TPMPREORDERPACK1,Sonic Preorder Pack,PPSA19769,https://sgst.prod.dl.playstation.net/sgst/prod/00/np/PPSA19769_00/9363a1c1-64b9-4576-a7fb-228f7cf8bd41-version.xml,ps5,game
UB0287-PPSA18266_00-NEXUSSPHE0000000,Sony Pictures Core,PPSA18266,https://sgst.prod.dl.playstation.net/sgst/prod/00/np/PPSA18266_00/ae9e9010-5dc4-4eb5-bd1b-9f79c288cdca-version.xml,ps5,game
EP1018-PPSA01619_00-SONKPSKIN0000000,Sonya Exclusive Skin,PPSA01619,https://sgst.prod.dl.playstation.net/sgst/prod/00/np/PPSA01619_00/d13316b3-ee9c-4082-bc86-f8a38f4c1278-version.xml,ps5,game
UP0177-PPSA03743_00-SOULHACKERS20000,Soul Hackers 2,PPSA03743,https://sgst.prod.dl.playstation.net/sgst/prod/00/np/PPSA03743_00/3125c067-7fe3-4040-ba86-583599465504-version.xml,ps5,game
UP0700-PPSA07711_00-ULUS104570000000,Soulcalibur: Broken Destiny,PPSA07711,https://sgst.prod.dl.playstation.net/sgst/prod/00/np/PPSA07711_00/1541dad3-c177-4d53-9058-a9ddef3baa43-version.xml,ps5,game
UP4735-PPSA03936_00-SOULSTICE0000000,Soulstice,PPSA03936,https://sgst.prod.dl.playstation.net/sgst/prod/00/np/PPSA03936_00/f7877de2-62f3-47ee-9c2a-7aa3651c0e09-version.xml,ps5,game
EP0101-PPSA16257_00-SOUNDTRACKPREORD,Sound Track Pre-order,PPSA16257,https://sgst.prod.dl.playstation.net/sgst/prod/00/np/PPSA16257_00/d36edfac-b9f4-419e-9d4e-3af5421bcfa3-version.xml,ps5,game
UP5180-PPSA07018_00-SOURCEOFMADNEUS5,Source of Madness,PPSA07018,https://sgst.prod.dl.playstation.net/sgst/prod/00/np/PPSA07018_00/33eebfd5-a78b-4520-adc3-c9ab56be5a59-version.xml,ps5,game
UP6922-PPSA08252_00-1309870747195329,Space Engineers,PPSA08252,https://sgst.prod.dl.playstation.net/sgst/prod/00/np/PPSA08252_00/9aad000d-794c-4607-bc6b-54c66bfe6cde-version.xml,ps5,game
EP1018-PPSA01619_00-SPACHARACTER0000,Spawn,PPSA01619,https://sgst.prod.dl.playstation.net/sgst/prod/00/np/PPSA01619_00/d13316b3-ee9c-4082-bc86-f8a38f4c1278-version.xml,ps5,game
EP6922-PPSA05480_00-3489574223827110,Speedway Racing,PPSA05480,https://sgst.prod.dl.playstation.net/sgst/prod/00/np/PPSA05480_00/5273a5cd-4278-4bdc-a838-eb2c4bb09976-version.xml,ps5,game
UP4389-PPSA04198_00-SPELLFORCE3PS5US,SpellForce III Reforced,PPSA04198,https://sgst.prod.dl.playstation.net/sgst/prod/00/np/PPSA04198_00/c482f1cd-801a-4918-8e37-8513ecdd4572-version.xml,ps5,game
EP0700-PPSA02174_00-SCRNXITMATC01PAC,Spin Visions Set of 10,PPSA02174,https://sgst.prod.dl.playstation.net/sgst/prod/00/np/PPSA02174_00/520667ff-5b57-46a9-be29-c79fb0461fa7-version.xml,ps5,game
UP1260-PPSA02306_00-SPIRITPS5SIEA001,Spirit of the North: Enhanced Edition,PPSA02306,https://sgst.prod.dl.playstation.net/sgst/prod/00/np/PPSA02306_00/84f670bc-edde-4891-9cdb-ce0fd951705b-version.xml,ps5,game
EP0700-PPSA02745_00-TOADLCPSM0001PS5,Spirit-Slaying Training,PPSA02745,https://sgst.prod.dl.playstation.net/sgst/prod/00/np/PPSA02745_00/9aedb751-6ff7-4a24-b007-23239e20c866-version.xml,ps5,game
EP0082-PPSA04988_00-PWSSBP0000000001,SpongeBob Pack,PPSA04988,https://sgst.prod.dl.playstation.net/sgst/prod/00/np/PPSA04988_00/ebc690a4-34de-4ee1-8e6f-7f39676fc297-version.xml,ps5,game
UP4389-PPSA16526_00-THECOSMICSHAKPS5,SpongeBob SquarePants: The Cosmic Shake,PPSA16526,https://sgst.prod.dl.playstation.net/sgst/prod/00/np/PPSA16526_00/6226bf94-d3a0-418f-b402-8ea555b28cc2-version.xml,ps5,game
EP4389-PPSA16527_00-THECOSMICSHAKPS5,SpongeBob SquarePants: The Cosmic Shake,PPSA16527,https://sgst.prod.dl.playstation.net/sgst/prod/00/np/PPSA16527_00/e1cbe311-4ab0-491e-81f0-d67398bca3dc-version.xml,ps5,game
UP9000-PPSA01289_00-SABASPORTSCLOTH1,Sporty Clothing Pack,PPSA01289,https://sgst.prod.dl.playstation.net/sgst/prod/00/np/PPSA01289_00/0c1789e3-10b1-41eb-8ede-c159db8ef1e7-version.xml,ps5,
EP4950-PPSA05688_00-SPOTIFYMUSIC0000,Spotify,PPSA05688,https://sgst.prod.dl.playstation.net/sgst/prod/00/np/PPSA05688_00/2e1d384b-db1f-4049-a5da-baf44c58f473-version.xml,ps5,game
UP2080-PPSA22102_00-SWAGP50000000000,Squirrel with a Gun,PPSA22102,https://sgst.prod.dl.playstation.net/sgst/prod/00/np/PPSA22102_00/e863d4fa-2081-440e-b6c0-835bd44d9b7a-version.xml,ps5,game
UP1018-PPSA02223_00-GKPS5DIGI0000STD,Standard Edition Digital,PPSA02223,https://sgst.prod.dl.playstation.net/sgst/prod/00/np/PPSA02223_00/b3d027fc-4d9a-48b2-b624-cdad4f0b9e03-version.xml,ps5,game
EP5360-PPSA06484_00-STEAMWORLDBUIL5E,SteamWorld Build,PPSA06484,https://sgst.prod.dl.playstation.net/sgst/prod/00/np/PPSA06484_00/9bfc2ec4-b6db-4d52-b14e-2d23e3e1bc75-version.xml,ps5,game
EP0700-PPSA08083_00-NEWDBZRPG0000007,Steaming-Hot Grilled Fish,PPSA08083,https://sgst.prod.dl.playstation.net/sgst/prod/00/np/PPSA08083_00/db6c2614-b0b6-4dff-937f-cabfecfb2a28-version.xml,ps5,
UP2047-PPSA02813_00-SRDLC0000007SIEA,SteelSeries© FREE Cosmetic Pack,PPSA02813,https://sgst.prod.dl.playstation.net/sgst/prod/00/np/PPSA02813_00/27cb3e53-2732-4f5b-a909-b12f18009395-version.xml,ps5,
UP6665-PPSA05064_00-STR0000000000000,Steelrising,PPSA05064,https://sgst.prod.dl.playstation.net/sgst/prod/00/np/PPSA05064_00/95db7dec-e504-4e7b-b0e2-332a9a4c510d-version.xml,ps5,game
EP6665-PPSA05063_00-STR0000000000000,Steelrising,PPSA05063,https://sgst.prod.dl.playstation.net/sgst/prod/00/np/PPSA05063_00/62790b1e-dede-4ca1-9dc7-99fb412da9f1-version.xml,ps5,
UP9000-PPSA13196_00-STELLARBLADE0000,Stellar Blade,PPSA13196,https://sgst.prod.dl.playstation.net/sgst/prod/00/np/PPSA13196_00/1f02f567-7342-48b0-a6d7-f20bc48a368d-version.xml,ps5,
UP9000-PPSA18487_00-STELLARBLADEDEMO,Stellar Blade Demo,PPSA18487,https://sgst.prod.dl.playstation.net/sgst/prod/00/np/PPSA18487_00/83edea7e-e118-4781-97bf-9dd6bbc98c19-version.xml,ps5,game
EP9000-PPSA18488_00-STELLARBLADEDEMO,Stellar Blade Demo,PPSA18488,https://sgst.prod.dl.playstation.net/sgst/prod/00/np/PPSA18488_00/51a64569-bf1b-4241-b7e9-d5de7f2bd080-version.xml,ps5,
UP9000-PPSA13196_00-PREORDERREWARD00,Stellar Blade Pre-order Rewards,PPSA13196,https://sgst.prod.dl.playstation.net/sgst/prod/00/np/PPSA13196_00/1f02f567-7342-48b0-a6d7-f20bc48a368d-version.xml,ps5,game
UP4139-PPSA27597_00-STELLARISBASEPS5,Stellaris: Console Edition,PPSA27597,https://sgst.prod.dl.playstation.net/sgst/prod/00/np/PPSA27597_00/9554d43a-7756-4b8d-bce9-16da9b01d52d-version.xml,ps5,game
UP7076-PPSA07906_00-SWTD000000000001,Still Wakes The Deep,PPSA07906,https://sgst.prod.dl.playstation.net/sgst/prod/00/np/PPSA07906_00/3311f250-3e73-45ca-8e09-34a7880c3820-version.xml,ps5,game
UP5082-PPSA03351_00-5245212196038809,Story DLC,PPSA03351,https://sgst.prod.dl.playstation.net/sgst/prod/00/np/PPSA03351_00/15440660-0c84-4097-baac-a6468e9131b7-version.xml,ps5,
UP2514-PPSA13572_00-SAD0000000000000,Stranded: Alien Dawn,PPSA13572,https://sgst.prod.dl.playstation.net/sgst/prod/00/np/PPSA13572_00/ccff4db1-30c1-458f-a2b2-098faf3c58f0-version.xml,ps5,game
UP9000-PPSA01289_00-SABASTRAWBERRY01,Strawberry Costume,PPSA01289,https://sgst.prod.dl.playstation.net/sgst/prod/00/np/PPSA01289_00/0c1789e3-10b1-41eb-8ede-c159db8ef1e7-version.xml,ps5,
UP2470-PPSA02100_00-STRAYSIEA0000000,Stray,PPSA02100,https://sgst.prod.dl.playstation.net/sgst/prod/00/np/PPSA02100_00/69e8057d-83ff-413e-8a8a-0d8fa4f7de1e-version.xml,ps5,game
HP2418-PPSA02103_00-STRAYSIEASIA0000,Stray,PPSA02103,https://sgst.prod.dl.playstation.net/sgst/prod/00/np/PPSA02103_00/39c73e84-1c68-4ef7-855c-7d993d5c717d-version.xml,ps5,
UP4040-PPSA05201_00-STRAYBLADEPKG000,Stray Blade,PPSA05201,https://sgst.prod.dl.playstation.net/sgst/prod/00/np/PPSA05201_00/3e43d7c3-7940-4c74-8672-80022676b628-version.xml,ps5,game
EP0102-PPSA07186_00-SF6DEMO000000000,Street Fighter 6 Demo,PPSA07186,https://sgst.prod.dl.playstation.net/sgst/prod/00/np/PPSA07186_00/fe7444f3-cb07-4a2c-aa1d-f57dbca7d3fe-version.xml,ps5,
EP4902-PPSA04775_00-1542292949732671,Strike Force 2 - Terrorist Hunt,PPSA04775,https://sgst.prod.dl.playstation.net/sgst/prod/00/np/PPSA04775_00/5033a13f-9192-408a-b8b4-ccdc81d0fe6e-version.xml,ps5,game
UP4729-PPSA14203_00-0441804195700567,Strike Force 2 - Terrorist Hunt,PPSA14203,https://sgst.prod.dl.playstation.net/sgst/prod/00/np/PPSA14203_00/653e14bb-8026-4435-85b1-14f29c33516b-version.xml,ps5,game
EP7375-PPSA14291_00-STUMBLE0GUYSXXXX,Stumble Guys,PPSA14291,https://sgst.prod.dl.playstation.net/sgst/prod/00/np/PPSA14291_00/7bf6d40c-36b8-45df-bc93-a1f26b58eb85-version.xml,ps5,game
UP5245-PPSA02452_00-6063362694848820,Subnautica,PPSA02452,https://sgst.prod.dl.playstation.net/sgst/prod/00/np/PPSA02452_00/3bf535ae-5a85-4a46-820a-07d184f5de95-version.xml,ps5,
EP5426-PPSA02453_00-5534558887319441,Subnautica,PPSA02453,https://sgst.prod.dl.playstation.net/sgst/prod/00/np/PPSA02453_00/bf9a6d9d-eca6-4c00-9afb-12e0a1190fd2-version.xml,ps5,
UP5245-PPSA02456_00-BELOWZERSUB38637,Subnautica Below Zero,PPSA02456,https://sgst.prod.dl.playstation.net/sgst/prod/00/np/PPSA02456_00/db3d16c6-2255-466c-b4cc-55cfe3aabe1f-version.xml,ps5,game
EP0082-PPSA04988_00-PWSSPP0000000001,Summer 2024 Seasonal Special,PPSA04988,https://sgst.prod.dl.playstation.net/sgst/prod/00/np/PPSA04988_00/ebc690a4-34de-4ee1-8e6f-7f39676fc297-version.xml,ps5,game
EP1018-PPSA01619_00-AFTERMSKINPACK01,Summer Heat Skin Pack,PPSA01619,https://sgst.prod.dl.playstation.net/sgst/prod/00/np/PPSA01619_00/d13316b3-ee9c-4082-bc86-f8a38f4c1278-version.xml,ps5,game
UP0700-PPSA15211_00-DBSZ0ITMNSHENRON,Summon Shenron,PPSA15211,https://sgst.prod.dl.playstation.net/sgst/prod/00/np/PPSA15211_00/05e60118-9f8a-44b8-b7a4-fdc87f84d79d-version.xml,ps5,
UP4389-PPSA23124_00-SLUS200740000000,Summoner,PPSA23124,https://sgst.prod.dl.playstation.net/sgst/prod/00/np/PPSA23124_00/d84ed7ee-baf6-4d3b-a741-8c0f8469d290-version.xml,ps5,game
UP4735-PPSA02828_00-SUPERANIMALROYAL,Super Animal Royale,PPSA02828,https://sgst.prod.dl.playstation.net/sgst/prod/00/np/PPSA02828_00/053d624a-d67e-43cd-bc6f-2ead6c867b20-version.xml,ps5,
UP9000-PPSA07135_00-NPUG802210000000,Super Stardust Portable,PPSA07135,https://sgst.prod.dl.playstation.net/sgst/prod/00/np/PPSA07135_00/4068ef74-34b6-413b-9223-04971e0f3a88-version.xml,ps5,game
UP3126-PPSA06084_00-2911532214834517,Superliminal,PPSA06084,https://sgst.prod.dl.playstation.net/sgst/prod/00/np/PPSA06084_00/74ebb5d9-3e7f-427d-80fa-793cb5f8c5d2-version.xml,ps5,game
UP0082-PPSA01903_00-5796659208855206,Superstar Belt,PPSA01903,https://sgst.prod.dl.playstation.net/sgst/prod/00/np/PPSA01903_00/403b8eef-f2b4-456a-bfb9-42b3d0eb1402-version.xml,ps5,game
HP0082-PPSA01773_00-5796659208855206,Superstar Belt,PPSA01773,https://sgst.prod.dl.playstation.net/sgst/prod/00/np/PPSA01773_00/5f3f96a2-cf9f-4f96-a22c-2cb8e47f4ae6-version.xml,ps5,
EP0082-PPSA01911_00-5796659208855206,Superstar Belt,PPSA01911,https://sgst.prod.dl.playstation.net/sgst/prod/00/np/PPSA01911_00/ae7d9b2c-2db9-4d73-992a-dd0d1b8603b1-version.xml,ps5,
EP0102-PPSA01557_00-SURVIVALPACK0000,Survival Resource Pack,PPSA01557,https://sgst.prod.dl.playstation.net/sgst/prod/00/np/PPSA01557_00/4554eaa4-a11e-4e12-a49d-552bbadf8f60-version.xml,ps5,game
UP1475-PPSA02777_00-SYBERIA4PS50000U,Syberia - The World Before,PPSA02777,https://sgst.prod.dl.playstation.net/sgst/prod/00/np/PPSA02777_00/611287dc-44d7-4765-a73e-1d710b45c3e3-version.xml,ps5,game
EP4295-PPSA10959_00-SYBERIA4PS5000EU,Syberia - The World Before - Demo,PPSA10959,https://sgst.prod.dl.playstation.net/sgst/prod/00/np/PPSA10959_00/90158c7b-b8de-4786-bb46-666624c28968-version.xml,ps5,
UP9000-PPSA01289_00-SABASYLENS000001,Sylens Costume,PPSA01289,https://sgst.prod.dl.playstation.net/sgst/prod/00/np/PPSA01289_00/0c1789e3-10b1-41eb-8ede-c159db8ef1e7-version.xml,ps5,
UP9000-PPSA06322_00-SCUS942400000000,Syphon Filter,PPSA06322,https://sgst.prod.dl.playstation.net/sgst/prod/00/np/PPSA06322_00/4e66ae5d-76a0-43f1-852e-07406940f32f-version.xml,ps5,game
UP9000-PPSA06695_00-SCUS944510000000,Syphon Filter 2,PPSA06695,https://sgst.prod.dl.playstation.net/sgst/prod/00/np/PPSA06695_00/057d7f9b-ff26-4c93-aa5f-286a6860f2e4-version.xml,ps5,game
UP9000-PPSA09693_00-SCUS946400000000,Syphon Filter 3,PPSA09693,https://sgst.prod.dl.playstation.net/sgst/prod/00/np/PPSA09693_00/8bb8c400-1dbf-4bcf-96e9-40cb316e9cdd-version.xml,ps5,game
UP9000-PPSA06785_00-UCUS986410000000,Syphon Filter: Dark Mirror,PPSA06785,https://sgst.prod.dl.playstation.net/sgst/prod/00/np/PPSA06785_00/a0288069-839f-4ac9-9171-2cb8d628f3ab-version.xml,ps5,game
UP9000-PPSA06782_00-UCUS986060000000,Syphon Filter: Logan's Shadow,PPSA06782,https://sgst.prod.dl.playstation.net/sgst/prod/00/np/PPSA06782_00/b9cc1402-6385-466e-983f-4c6d14ba5c6b-version.xml,ps5,game
UP6714-PPSA06389_00-SYSTSHOCKREPS5US,System Shock,PPSA06389,https://sgst.prod.dl.playstation.net/sgst/prod/00/np/PPSA06389_00/d8fd6bc1-85d1-4bd8-82ca-6c44bb81c857-version.xml,ps5,game
UP0913-PPSA26809_00-0118100525181355,System Shock 2: 25th Anniversary Remaster,PPSA26809,https://sgst.prod.dl.playstation.net/sgst/prod/00/np/PPSA26809_00/f0f2d364-1d7a-47e2-858a-ecc268ead790-version.xml,ps5,game
UP9000-PPSA01289_00-SABATREX00000001,T-Rex Costume,PPSA01289,https://sgst.prod.dl.playstation.net/sgst/prod/00/np/PPSA01289_00/0c1789e3-10b1-41eb-8ede-c159db8ef1e7-version.xml,ps5,
UP0700-PPSA31291_00-SLUS004020000000,TEKKEN™ 3,PPSA31291,https://sgst.prod.dl.playstation.net/sgst/prod/00/np/PPSA31291_00/6e5587d4-2d85-4267-8cc2-03f356f1472e-version.xml,ps5,game
UP0700-PPSA10595_00-TEKKEN8000000000,TEKKEN™8,PPSA10595,https://sgst.prod.dl.playstation.net/sgst/prod/00/np/PPSA10595_00/0343b8b2-3038-4177-ad33-b129114c5362-version.xml,ps5,
EP0700-PPSA18536_00-TEKKEN8DEMO00000,TEKKEN™8 DEMO,PPSA18536,https://sgst.prod.dl.playstation.net/sgst/prod/00/np/PPSA18536_00/6192e224-5271-4e82-8dd8-53724ab4db6d-version.xml,ps5,
UP1003-PPSA23829_00-ORSTAB0000000000,TES IV: Oblivion Remastered - Digital Artbook & Original Soundtrack,PPSA23829,https://sgst.prod.dl.playstation.net/sgst/prod/00/np/PPSA23829_00/d2d7b893-d602-44c3-bc70-8499455b4263-version.xml,ps5,game
EP0001-PPSA02839_00-THECREWORL000000,THE CREW™ MOTORFEST,PPSA02839,https://sgst.prod.dl.playstation.net/sgst/prod/00/np/PPSA02839_00/ad06e6cc-e8ea-49bf-a9e8-dcfa9bf000b0-version.xml,ps5,game
UP0001-PPSA02838_00-THECREWORL000000,THE CREW™ MOTORFEST,PPSA02838,https://sgst.prod.dl.playstation.net/sgst/prod/00/np/PPSA02838_00/c7b5a416-a0f2-4763-9ad6-f051a5ab7407-version.xml,ps5,
UP6851-PPSA17310_00-0774956844716625,THE FINALS,PPSA17310,https://sgst.prod.dl.playstation.net/sgst/prod/00/np/PPSA17310_00/920ad531-1a1d-4e93-bb00-56bc14023ef6-version.xml,ps5,
UP6851-PPSA18780_00-0426326284338457,THE FINALS,PPSA18780,https://sgst.prod.dl.playstation.net/sgst/prod/00/np/PPSA18780_00/445568d2-74c2-46c3-8b6f-5e43bc37cd79-version.xml,ps5,
EP1001-PPSA01463_00-00ONGSIEEBFCFL4K,THE H4RBINGER,PPSA01463,https://sgst.prod.dl.playstation.net/sgst/prod/00/np/PPSA01463_00/4e400b2f-9fec-400c-97ab-307b529adb57-version.xml,ps5,game
UP4199-PPSA04649_00-3575269706423269,THE HOUSE OF THE DEAD: Remake,PPSA04649,https://sgst.prod.dl.playstation.net/sgst/prod/00/np/PPSA04649_00/96db258c-ad1b-4c46-97ec-b5526909c205-version.xml,ps5,game
UP0576-PPSA02213_00-KINGOFFIGHTERS15,THE KING OF FIGHTERS XV,PPSA02213,https://sgst.prod.dl.playstation.net/sgst/prod/00/np/PPSA02213_00/fcb57da2-15ee-4cc9-8723-be44442f9813-version.xml,ps5,game
UP8489-PPSA24268_00-SLUS200240000000,THE LEGACY OF KAIN SERIES BLOOD OMEN 2,PPSA24268,https://sgst.prod.dl.playstation.net/sgst/prod/00/np/PPSA24268_00/70340293-08b3-4ff6-9526-0d21210bc68b-version.xml,ps5,game
UP1482-PPSA06732_00-TMNTSRDLCPS50001,TMNT:SR - Dimension Shellshock,PPSA06732,https://sgst.prod.dl.playstation.net/sgst/prod/00/np/PPSA06732_00/d246dc18-e219-4677-ba8b-78708314e223-version.xml,ps5,game
UP6990-PPSA04354_00-SWMTOEMXXXXXXXXX,TOEM,PPSA04354,https://sgst.prod.dl.playstation.net/sgst/prod/00/np/PPSA04354_00/a34d0c6f-72e2-4d57-a5de-017f4abc0c55-version.xml,ps5,game
UP9000-PPSA01289_00-SABATOEM00000001,TOEM Costume,PPSA01289,https://sgst.prod.dl.playstation.net/sgst/prod/00/np/PPSA01289_00/0c1789e3-10b1-41eb-8ede-c159db8ef1e7-version.xml,ps5,
EP7600-PPSA19602_00-0037765167489036,TOKYO PSYCHODEMIC,PPSA19602,https://sgst.prod.dl.playstation.net/sgst/prod/00/np/PPSA19602_00/8ee90c63-58b7-4d56-a06f-4b5eb0a08d95-version.xml,ps5,game
UP2320-PPSA03217_00-BACKBONE00000000,Tails Noir,PPSA03217,https://sgst.prod.dl.playstation.net/sgst/prod/00/np/PPSA03217_00/19fb5725-41b2-4294-9e3a-9be801d23213-version.xml,ps5,game
UP6965-PPSA03999_00-9404507830690008,Tails of Iron,PPSA03999,https://sgst.prod.dl.playstation.net/sgst/prod/00/np/PPSA03999_00/7cf093d6-7dad-4306-a9c6-8e30f8a2e382-version.xml,ps5,game
EP6960-PPSA03777_00-1170445898702423,Tails of Iron,PPSA03777,https://sgst.prod.dl.playstation.net/sgst/prod/00/np/PPSA03777_00/6b8be342-1250-4ced-8d70-40176bfa936a-version.xml,ps5,
EP6960-PPSA20369_00-TAILSOFIRON2WWEU,Tails of Iron 2: Whiskers of Winter,PPSA20369,https://sgst.prod.dl.playstation.net/sgst/prod/00/np/PPSA20369_00/be62928c-6877-4cd0-a7b1-c38792e1f1cc-version.xml,ps5,game
UP0700-PPSA02794_00-TOARISEPS5000001,Tales of Arise,PPSA02794,https://sgst.prod.dl.playstation.net/sgst/prod/00/np/PPSA02794_00/81461b70-267b-4887-aa09-f066fb89e777-version.xml,ps5,game
EP0700-PPSA02745_00-TOARISEPS5000001,Tales of Arise,PPSA02745,https://sgst.prod.dl.playstation.net/sgst/prod/00/np/PPSA02745_00/9aedb751-6ff7-4a24-b007-23239e20c866-version.xml,ps5,
EP0700-PPSA03194_00-TOARISEPS5DEMO01,Tales of Arise Demo Version,PPSA03194,https://sgst.prod.dl.playstation.net/sgst/prod/00/np/PPSA03194_00/ccdf3d27-8f3c-4ec2-b0e9-d5da21e80c4f-version.xml,ps5,
UP0006-PPSA18471_00-PS50000000000ZAU,Tales of Kenzera™: ZAU,PPSA18471,https://sgst.prod.dl.playstation.net/sgst/prod/00/np/PPSA18471_00/5cef4ecc-65ff-4c25-9a0f-7bf096b51bc9-version.xml,ps5,game
EP1662-PPSA02756_00-9956598540657310,Tannenberg,PPSA02756,https://sgst.prod.dl.playstation.net/sgst/prod/00/np/PPSA02756_00/ee50d06d-1b68-49bb-891b-64c1cfd93c8f-version.xml,ps5,game
EP6665-PPSA14175_00-TLCDS00000000000,Taxi Life: A City Driving Simulator,PPSA14175,https://sgst.prod.dl.playstation.net/sgst/prod/00/np/PPSA14175_00/34c95df7-be6f-4762-bcc7-1f116b229eca-version.xml,ps5,game
UP2848-PPSA08244_00-TCHIA000000PS5US,Tchia,PPSA08244,https://sgst.prod.dl.playstation.net/sgst/prod/00/np/PPSA08244_00/cbea986f-1950-4e26-8685-3be5d2095c22-version.xml,ps5,game
UP6856-PPSA15246_00-TRDNBASE00000000,Teardown,PPSA15246,https://sgst.prod.dl.playstation.net/sgst/prod/00/np/PPSA15246_00/bd2fc047-b567-455d-bf4b-53d0a5e77990-version.xml,ps5,game
UP6856-PPSA15246_00-TRDNUSERMODS0000,Teardown: Mod Pack #1,PPSA15246,https://sgst.prod.dl.playstation.net/sgst/prod/00/np/PPSA15246_00/bd2fc047-b567-455d-bf4b-53d0a5e77990-version.xml,ps5,game
EP2627-PPSA25519_00-TECHNOBANTERPS50,Techno Banter,PPSA25519,https://sgst.prod.dl.playstation.net/sgst/prod/00/np/PPSA25519_00/883339b8-18a4-4e7a-958e-070f06ba4c41-version.xml,ps5,game
EP2627-PPSA26529_00-TECHNOBANTEROST0,Techno Banter - Official Soundtrack,PPSA26529,https://sgst.prod.dl.playstation.net/sgst/prod/00/np/PPSA26529_00/c46c17b6-aab5-42cb-9e39-0c2c8b5e3c99-version.xml,ps5,game
UP1482-PPSA06732_00-PS5TMNTSRDOTSIEA,Teenage Mutant Ninja Turtles: Shredder's Revenge,PPSA06732,https://sgst.prod.dl.playstation.net/sgst/prod/00/np/PPSA06732_00/d246dc18-e219-4677-ba8b-78708314e223-version.xml,ps5,game
UP0700-PPSA07703_00-SLUS002130000000,Tekken 2,PPSA07703,https://sgst.prod.dl.playstation.net/sgst/prod/00/np/PPSA07703_00/2a0cd72f-619b-4c23-98ba-87b503e782c4-version.xml,ps5,game
UP0700-PPSA07707_00-ULUS104660000000,Tekken 6,PPSA07707,https://sgst.prod.dl.playstation.net/sgst/prod/00/np/PPSA07707_00/22a09226-f089-4cda-a499-487726c8627b-version.xml,ps5,game
UP3864-PPSA01800_00-TEMTEM000000000A,Temtem,PPSA01800,https://sgst.prod.dl.playstation.net/sgst/prod/00/np/PPSA01800_00/040a2f09-333a-44cb-bb25-dfbdbaafaceb-version.xml,ps5,game
EP4459-PPSA14459_00-TENDATESPS5SIEE0,Ten Dates,PPSA14459,https://sgst.prod.dl.playstation.net/sgst/prod/00/np/PPSA14459_00/d5ad0728-bffa-40b4-b530-0866592d9e22-version.xml,ps5,game
EP1018-PPSA01619_00-TRMCHARACTER0000,Terminator T-800,PPSA01619,https://sgst.prod.dl.playstation.net/sgst/prod/00/np/PPSA01619_00/d13316b3-ee9c-4082-bc86-f8a38f4c1278-version.xml,ps5,game
EP4060-PPSA01763_00-TERMINATORPS5VER,Terminator: Resistance Enhanced,PPSA01763,https://sgst.prod.dl.playstation.net/sgst/prod/00/np/PPSA01763_00/7bd135d6-d6cd-4c94-9d77-52982cd21993-version.xml,ps5,game
EP4908-PPSA13888_00-TESLAGRAD1RM0000,Teslagrad,PPSA13888,https://sgst.prod.dl.playstation.net/sgst/prod/00/np/PPSA13888_00/4bbce88b-a410-48c5-baec-bae4e1a66cf9-version.xml,ps5,game
EP4908-PPSA07609_00-XXXXXXXXXXXXXXXX,Teslagrad 2,PPSA07609,https://sgst.prod.dl.playstation.net/sgst/prod/00/np/PPSA07609_00/eacfb387-626f-4565-89b1-06c13d90b498-version.xml,ps5,game
EP6665-PPSA05965_00-TDUSC00000000000,Test Drive Unlimited - Solar Crown,PPSA05965,https://sgst.prod.dl.playstation.net/sgst/prod/00/np/PPSA05965_00/ec24d20f-d13f-46df-ba3f-935c390ac8f2-version.xml,ps5,game
UP3971-PPSA15433_00-THANKGOODNESSYOU,Thank Goodness You're Here!,PPSA15433,https://sgst.prod.dl.playstation.net/sgst/prod/00/np/PPSA15433_00/1ca55270-d6d6-4196-a10e-43d7c5668102-version.xml,ps5,game
EP1018-PPSA01619_00-AFTERMPACKINSKIN,Thanks a Million Pack,PPSA01619,https://sgst.prod.dl.playstation.net/sgst/prod/00/np/PPSA01619_00/d13316b3-ee9c-4082-bc86-f8a38f4c1278-version.xml,ps5,game
UP2470-PPSA05082_00-ARTFULSIEA000000,The Artful Escape,PPSA05082,https://sgst.prod.dl.playstation.net/sgst/prod/00/np/PPSA05082_00/89a29ae5-d6fa-46ea-ac27-27a48ad991ad-version.xml,ps5,game
UP4395-PPSA02593_00-THEASCENT00000US,The Ascent,PPSA02593,https://sgst.prod.dl.playstation.net/sgst/prod/00/np/PPSA02593_00/dd7fbcd8-37b6-4a93-924a-a24ee220c6ff-version.xml,ps5,game
EP4395-PPSA02592_00-THEASCENTEXTRAEU,The Ascent - CYBER HEIST,PPSA02592,https://sgst.prod.dl.playstation.net/sgst/prod/00/np/PPSA02592_00/473fca7f-3b13-4a0d-9b71-38ff5d09b96f-version.xml,ps5,game
UP2005-PPSA10996_00-THEBRIDGECURSE00,The Bridge Curse - Road to Salvation,PPSA10996,https://sgst.prod.dl.playstation.net/sgst/prod/00/np/PPSA10996_00/fc97dbbe-97a9-42bd-98bb-796da71b8b90-version.xml,ps5,game
UP5082-PPSA03351_00-5673272224775858,The Callisto Protocol™,PPSA03351,https://sgst.prod.dl.playstation.net/sgst/prod/00/np/PPSA03351_00/15440660-0c84-4097-baac-a6468e9131b7-version.xml,ps5,game
HP4929-PPSA03353_00-1718641815632930,The Callisto Protocol™,PPSA03353,https://sgst.prod.dl.playstation.net/sgst/prod/00/np/PPSA03353_00/0eec71b1-fe70-48ea-8965-efb06927afa6-version.xml,ps5,
EP5262-PPSA03352_00-9436657797426872,The Callisto Protocol™,PPSA03352,https://sgst.prod.dl.playstation.net/sgst/prod/00/np/PPSA03352_00/177d876b-6af8-4e9d-aa06-95b23735468c-version.xml,ps5,
UP4939-PPSA16163_00-0802015519316336,The Casting of Frank Stone™,PPSA16163,https://sgst.prod.dl.playstation.net/sgst/prod/00/np/PPSA16163_00/7554036a-b6c0-4971-b222-9645e4ef8f45-version.xml,ps5,game
EP0822-PPSA24604_00-THECOMA2BCATAPS5,The Coma 2B: Catacomb,PPSA24604,https://sgst.prod.dl.playstation.net/sgst/prod/00/np/PPSA24604_00/3a5c8007-ef47-4d7e-8746-9ec983bea475-version.xml,ps5,game
EP0700-PPSA02594_00-SMGDARKPICTURESC,The Dark Pictures Anthology: House of Ashes,PPSA02594,https://sgst.prod.dl.playstation.net/sgst/prod/00/np/PPSA02594_00/5fa5cb6a-a8a5-4147-846e-2fd87bea25e7-version.xml,ps5,game
UP0700-PPSA02595_00-SMGDARKPICTURESC,The Dark Pictures Anthology: House of Ashes,PPSA02595,https://sgst.prod.dl.playstation.net/sgst/prod/00/np/PPSA02595_00/845e9c3f-6616-4d24-b893-43f68e30b227-version.xml,ps5,
UP0700-PPSA06646_00-SMGDARKPICTURESB,The Dark Pictures Anthology: Little Hope,PPSA06646,https://sgst.prod.dl.playstation.net/sgst/prod/00/np/PPSA06646_00/9d116db2-f9a0-4e15-b398-613d25476aa2-version.xml,ps5,game
UP0700-PPSA06489_00-SMGDARKPICTURESA,The Dark Pictures Anthology: Man of Medan,PPSA06489,https://sgst.prod.dl.playstation.net/sgst/prod/00/np/PPSA06489_00/5d948cd3-69cb-4185-9fd1-488a6c1bf18c-version.xml,ps5,game
EP4133-PPSA02981_00-GREEDFALL00DLC02,The De Vespe Conspiracy,PPSA02981,https://sgst.prod.dl.playstation.net/sgst/prod/00/np/PPSA02981_00/00da266e-e8c4-45f5-bd82-0de92ee69f63-version.xml,ps5,game
EP0082-PPSA05885_00-DFCDEMO00000005E,The DioField Chronicle Demo,PPSA05885,https://sgst.prod.dl.playstation.net/sgst/prod/00/np/PPSA05885_00/793b387e-3099-45f3-ad41-2fbd940445dd-version.xml,ps5,
UP1003-PPSA21203_00-ALTAR00000000000,The Elder Scrolls IV: Oblivion Remastered,PPSA21203,https://sgst.prod.dl.playstation.net/sgst/prod/00/np/PPSA21203_00/9e3723d5-d018-4ad7-b8ba-1ea09607b5d4-version.xml,ps5,
UP1003-PPSA21203_00-ALTDLX0000000000,The Elder Scrolls IV: Oblivion Remastered - Deluxe Upgrade,PPSA21203,https://sgst.prod.dl.playstation.net/sgst/prod/00/np/PPSA21203_00/9e3723d5-d018-4ad7-b8ba-1ea09607b5d4-version.xml,ps5,game
UP1003-PPSA02017_00-OSPREYGAMECLIENT,The Elder Scrolls Online,PPSA02017,https://sgst.prod.dl.playstation.net/sgst/prod/00/np/PPSA02017_00/299182b9-c9c9-4187-83b7-9d6d92236b57-version.xml,ps5,game
EP3495-PPSA09380_00-7870659999460443,The Entropy Centre,PPSA09380,https://sgst.prod.dl.playstation.net/sgst/prod/00/np/PPSA09380_00/be0a70aa-7efc-4b68-8780-d6de2f859b82-version.xml,ps5,game
JP0122-PPSA23276_00-0712963327800940,The Exit 8,PPSA23276,https://sgst.prod.dl.playstation.net/sgst/prod/00/np/PPSA23276_00/676688e4-d322-4247-ba6f-663d22583b9e-version.xml,ps5,game
EB0805-PPSA25530_00-0639631840898132,The Exit Project: Backstreets,PPSA25530,https://sgst.prod.dl.playstation.net/sgst/prod/00/np/PPSA25530_00/dd41cd53-5b11-47d4-9eb8-5b0b832c8e86-version.xml,ps5,game
EP8036-PPSA06230_00-7732265063546819,The Expanse: A Telltale Series,PPSA06230,https://sgst.prod.dl.playstation.net/sgst/prod/00/np/PPSA06230_00/ea5c2fa6-02c7-466d-ad60-7b69dc9b7097-version.xml,ps5,game
EP8036-PPSA06230_00-EXPSSP000PS5SIEE,The Expanse: A Telltale Series - Standard Season Pass,PPSA06230,https://sgst.prod.dl.playstation.net/sgst/prod/00/np/PPSA06230_00/ea5c2fa6-02c7-466d-ad60-7b69dc9b7097-version.xml,ps5,game
EP8036-PPSA16548_00-EXPSNDTRKPS5SIEE,The Expanse: A Telltale Series OST,PPSA16548,https://sgst.prod.dl.playstation.net/sgst/prod/00/np/PPSA16548_00/d1c22699-2e9d-40e7-9892-a4941b3bb6ef-version.xml,ps5,game
EP8036-PPSA06230_00-EXPEP6000PS5SIEA,The Expanse: Archangel,PPSA06230,https://sgst.prod.dl.playstation.net/sgst/prod/00/np/PPSA06230_00/ea5c2fa6-02c7-466d-ad60-7b69dc9b7097-version.xml,ps5,game
EP8036-PPSA06230_00-EXPEP2000PS5SIEA,The Expanse: Episode 2,PPSA06230,https://sgst.prod.dl.playstation.net/sgst/prod/00/np/PPSA06230_00/ea5c2fa6-02c7-466d-ad60-7b69dc9b7097-version.xml,ps5,game
EP8036-PPSA06230_00-EXPEP3000PS5SIEA,The Expanse: Episode 3,PPSA06230,https://sgst.prod.dl.playstation.net/sgst/prod/00/np/PPSA06230_00/ea5c2fa6-02c7-466d-ad60-7b69dc9b7097-version.xml,ps5,game
EP8036-PPSA06230_00-EXPEP4000PS5SIEA,The Expanse: Episode 4,PPSA06230,https://sgst.prod.dl.playstation.net/sgst/prod/00/np/PPSA06230_00/ea5c2fa6-02c7-466d-ad60-7b69dc9b7097-version.xml,ps5,game
EP8036-PPSA06230_00-EXPEP5000PS5SIEA,The Expanse: Episode 5,PPSA06230,https://sgst.prod.dl.playstation.net/sgst/prod/00/np/PPSA06230_00/ea5c2fa6-02c7-466d-ad60-7b69dc9b7097-version.xml,ps5,game
UP8236-PPSA26290_00-0253439744026891,The First Berserker: Khazan DEMO,PPSA26290,https://sgst.prod.dl.playstation.net/sgst/prod/00/np/PPSA26290_00/0aa9ab3b-0e51-419c-880e-55ccadc93c41-version.xml,ps5,
UP3685-PPSA13465_00-0404969663258693,The First Descendant,PPSA13465,https://sgst.prod.dl.playstation.net/sgst/prod/00/np/PPSA13465_00/684eb5fc-7a9b-47af-9893-4c0551e10bef-version.xml,ps5,
UP1309-PPSA03026_00-THEFORGOTTENCITY,The Forgotten City,PPSA03026,https://sgst.prod.dl.playstation.net/sgst/prod/00/np/PPSA03026_00/3cd552d6-6357-4f4a-b8cb-f16e324825a5-version.xml,ps5,game
EP2627-PPSA10000_00-THEGAPPS50000000,The Gap,PPSA10000,https://sgst.prod.dl.playstation.net/sgst/prod/00/np/PPSA10000_00/eb41d172-a340-4082-9ce8-725a73b7fe3b-version.xml,ps5,game
UP4266-PPSA04579_00-GARDENSBETWEEN00,The Gardens Between,PPSA04579,https://sgst.prod.dl.playstation.net/sgst/prod/00/np/PPSA04579_00/18abf24b-8f0c-476f-9d4e-6ee4179954c2-version.xml,ps5,game
EP4365-PPSA10961_00-DLC000000000DAY1,The Inquisitor Deluxe Edition,PPSA10961,https://sgst.prod.dl.playstation.net/sgst/prod/00/np/PPSA10961_00/6c6b1455-ae60-4894-8458-62e46bd1643e-version.xml,ps5,game
UP6520-PPSA06425_00-8440883895336757,The Invincible,PPSA06425,https://sgst.prod.dl.playstation.net/sgst/prod/00/np/PPSA06425_00/fb944f55-afd4-4bb4-8188-0405c84d2a6d-version.xml,ps5,game
EP4459-PPSA16649_00-TITHPS5SIEE00000,The Isle Tide Hotel,PPSA16649,https://sgst.prod.dl.playstation.net/sgst/prod/00/np/PPSA16649_00/230aa2f4-0da1-45cb-a153-d20df4058e8a-version.xml,ps5,game
UP2139-PPSA07636_00-JBGPARTYPACK9PS5,The Jackbox Party Pack 9,PPSA07636,https://sgst.prod.dl.playstation.net/sgst/prod/00/np/PPSA07636_00/9f3337ce-1eca-4ed2-b0c8-f748d24cf743-version.xml,ps5,game
EP8915-PPSA07483_00-JBGPARTYSTARTPS5,The Jackbox Party Starter,PPSA07483,https://sgst.prod.dl.playstation.net/sgst/prod/00/np/PPSA07483_00/714215a7-0817-4496-be10-edf4c54ac60f-version.xml,ps5,game
EP1018-PPSA01619_00-JOKCHARACTER0000,The Joker,PPSA01619,https://sgst.prod.dl.playstation.net/sgst/prod/00/np/PPSA01619_00/d13316b3-ee9c-4082-bc86-f8a38f4c1278-version.xml,ps5,game
HP0177-PPSA03792_00-KAITOFILES000001,The Kaito Files,PPSA03792,https://sgst.prod.dl.playstation.net/sgst/prod/00/np/PPSA03792_00/d506252c-2166-4c92-b4b4-f72c708d2707-version.xml,ps5,game
UP9000-PPSA03396_00-THELASTOFUSPART1,The Last of Us™ Part I,PPSA03396,https://sgst.prod.dl.playstation.net/sgst/prod/00/np/PPSA03396_00/55e9ee1e-878f-4876-a2f1-2fcd6f2ceb51-version.xml,ps5,game
EP9000-PPSA07642_00-THELASTOFUSPART1,The Last of Us™ Part I,PPSA07642,https://sgst.prod.dl.playstation.net/sgst/prod/00/np/PPSA07642_00/6e009b8e-b06d-49a2-ae32-bdeea5237a75-version.xml,ps5,game
UP9000-PPSA10662_00-THELASTOFUSPART2,The Last of Us™ Part II Remastered,PPSA10662,https://sgst.prod.dl.playstation.net/sgst/prod/00/np/PPSA10662_00/da8ef5b5-ee67-4da8-9fb8-470ab4d837ae-version.xml,ps5,game
UP9000-PPSA10662_00-T2PREO0000000000,The Last of Us™ Part II Remastered Pre-Order Content,PPSA10662,https://sgst.prod.dl.playstation.net/sgst/prod/00/np/PPSA10662_00/da8ef5b5-ee67-4da8-9fb8-470ab4d837ae-version.xml,ps5,
UP9000-PPSA06702_00-SCUS944910000000,The Legend of Dragoon,PPSA06702,https://sgst.prod.dl.playstation.net/sgst/prod/00/np/PPSA06702_00/63fdfa77-6b0e-4682-b771-692440da7873-version.xml,ps5,game
EP9000-PPSA06703_00-SCES030430000000,The Legend of Dragoon,PPSA06703,https://sgst.prod.dl.playstation.net/sgst/prod/00/np/PPSA06703_00/09fba28a-7f8e-4195-b083-74b442fc699e-version.xml,ps5,
UP7583-PPSA16617_00-0214089695784057,The Lord of the Rings: Return to Moria,PPSA16617,https://sgst.prod.dl.playstation.net/sgst/prod/00/np/PPSA16617_00/7eedff9f-94d4-4d19-a888-899020c551e3-version.xml,ps5,game
UP1477-PPSA05753_00-MATRIXUNREALDEMO,The Matrix Awakens: An Unreal Engine 5 Experience,PPSA05753,https://sgst.prod.dl.playstation.net/sgst/prod/00/np/PPSA05753_00/556b9554-4eab-4d5c-9c89-06f4e6c0ba6a-version.xml,ps5,game
EP1464-PPSA05754_00-MATRIXUNREALDEMO,The Matrix Awakens: An Unreal Engine 5 Experience,PPSA05754,https://sgst.prod.dl.playstation.net/sgst/prod/00/np/PPSA05754_00/3bcb9550-f5e7-40d1-b280-2539f4d98a1e-version.xml,ps5,
UP4176-PPSA03717_00-MEDIUM0000000000,The Medium,PPSA03717,https://sgst.prod.dl.playstation.net/sgst/prod/00/np/PPSA03717_00/8b873f1b-4099-4d81-b8d9-e787fb41a92c-version.xml,ps5,game
HP0102-PPSA09418_00-RE4RDLC000000016,The Mercenaries,PPSA09418,https://sgst.prod.dl.playstation.net/sgst/prod/00/np/PPSA09418_00/b41d9230-ee16-41fb-aedb-288a93aa68c9-version.xml,ps5,
EP0102-PPSA07412_00-RE4RDLC000000016,The Mercenaries,PPSA07412,https://sgst.prod.dl.playstation.net/sgst/prod/00/np/PPSA07412_00/d2fd40b1-c4a4-4d8d-9d15-d1aab1fd737c-version.xml,ps5,
UP6312-PPSA18654_00-0777021286422916,The Mountain Royals,PPSA18654,https://sgst.prod.dl.playstation.net/sgst/prod/00/np/PPSA18654_00/935e23b3-169e-439b-99d8-ae2b8b534b37-version.xml,ps5,game
UP2006-PPSA19244_00-0702967789723886,The Oregon Trail,PPSA19244,https://sgst.prod.dl.playstation.net/sgst/prod/00/np/PPSA19244_00/e2b6327a-a984-4b26-b21d-26606d2eb2db-version.xml,ps5,game
EP0700-PPSA02174_00-SCRNXITMATTHEOTH,The Other,PPSA02174,https://sgst.prod.dl.playstation.net/sgst/prod/00/np/PPSA02174_00/520667ff-5b57-46a9-be29-c79fb0461fa7-version.xml,ps5,game
UP4581-PPSA07148_00-INDIANANG0000000,The Outer Worlds: Spacer's Choice Edition,PPSA07148,https://sgst.prod.dl.playstation.net/sgst/prod/00/np/PPSA07148_00/b5923df0-34d3-47ba-a878-2a29552a773c-version.xml,ps5,game
UP2113-PPSA05003_00-OUTLASTTRIALS000,The Outlast Trials,PPSA05003,https://sgst.prod.dl.playstation.net/sgst/prod/00/np/PPSA05003_00/bb4f12a4-31b4-4b95-a6e5-b01a6f839825-version.xml,ps5,game
UP2373-PPSA02408_00-THEPEDESTRIAN001,The Pedestrian,PPSA02408,https://sgst.prod.dl.playstation.net/sgst/prod/00/np/PPSA02408_00/5e676af7-d083-45ee-bbd8-df96149e03c6-version.xml,ps5,game
UP1001-PPSA05813_00-8185911092060169,The Quarry,PPSA05813,https://sgst.prod.dl.playstation.net/sgst/prod/00/np/PPSA05813_00/518d478d-a398-4a60-bf30-985a0dd180ce-version.xml,ps5,game
UP9000-PPSA01289_00-SABATHEQUEEN0001,The Queen Costume,PPSA01289,https://sgst.prod.dl.playstation.net/sgst/prod/00/np/PPSA01289_00/0c1789e3-10b1-41eb-8ede-c159db8ef1e7-version.xml,ps5,
UP1475-PPSA16717_00-SMURFS2PS50000US,The Smurfs 2: The Prisoner of the Green Stone,PPSA16717,https://sgst.prod.dl.playstation.net/sgst/prod/00/np/PPSA16717_00/0fd682ae-52d4-46d7-a81d-5808be2b47e0-version.xml,ps5,game
EP0896-PPSA05307_00-RGSONGOUTOFSPACE,The Song Out of Space,PPSA05307,https://sgst.prod.dl.playstation.net/sgst/prod/00/np/PPSA05307_00/fd4377c8-1b6a-4a7c-8e72-e84475347975-version.xml,ps5,game
EP3470-PPSA06655_00-9027839365467214,The Stanley Parable: Ultra Deluxe,PPSA06655,https://sgst.prod.dl.playstation.net/sgst/prod/00/np/PPSA06655_00/95de68bb-8e35-47be-a89d-46872f2c3d67-version.xml,ps5,game
UP3613-PPSA06654_00-6644681382731206,The Stanley Parable: Ultra Deluxe,PPSA06654,https://sgst.prod.dl.playstation.net/sgst/prod/00/np/PPSA06654_00/81dbd7f9-f36c-4bce-9fb8-cee97711edc1-version.xml,ps5,game
EP0114-PPSA23604_00-0536269101527624,The Stone of Madness,PPSA23604,https://sgst.prod.dl.playstation.net/sgst/prod/00/np/PPSA23604_00/73cd41c7-896e-4154-937f-a5ed18a076c1-version.xml,ps5,game
UP3643-PPSA05887_00-0TALOSPRINCIPLE2,The Talos Principle 2,PPSA05887,https://sgst.prod.dl.playstation.net/sgst/prod/00/np/PPSA05887_00/7c814c21-9860-416c-bc15-a21467b06103-version.xml,ps5,game
EP3643-PPSA26283_00-0TALOSPRINCIPLE1,The Talos Principle: Reawakened,PPSA26283,https://sgst.prod.dl.playstation.net/sgst/prod/00/np/PPSA26283_00/89868944-5857-4450-bffd-09553929661f-version.xml,ps5,game
UP2165-PPSA05317_00-BBQGAME000000100,The Texas Chain Saw Massacre,PPSA05317,https://sgst.prod.dl.playstation.net/sgst/prod/00/np/PPSA05317_00/2169230b-f5d8-4558-823d-cc1c94036fe5-version.xml,ps5,game
UP0913-PPSA24381_00-0592964266082330,The Thing: Remastered,PPSA24381,https://sgst.prod.dl.playstation.net/sgst/prod/00/np/PPSA24381_00/c02a752a-b55a-4beb-8e6c-30acc273f5e2-version.xml,ps5,game
UP6312-PPSA18654_00-0370980769339923,The Three Kingdoms,PPSA18654,https://sgst.prod.dl.playstation.net/sgst/prod/00/np/PPSA18654_00/935e23b3-169e-439b-99d8-ae2b8b534b37-version.xml,ps5,game
UP4497-PPSA10407_00-00000000000000N2,The Witcher 3: Wild Hunt,PPSA10407,https://sgst.prod.dl.playstation.net/sgst/prod/00/np/PPSA10407_00/189baf72-ab14-4d09-ae92-6246393689ab-version.xml,ps5,game
EP4497-PPSA10408_00-00000000000000N1,The Witcher 3: Wild Hunt,PPSA10408,https://sgst.prod.dl.playstation.net/sgst/prod/00/np/PPSA10408_00/c5b6ac68-f395-43af-972f-2ca82ca11c13-version.xml,ps5,
UP4497-PPSA03972_00-00000000000GOTY7,The Witcher 3: Wild Hunt - Complete Edition,PPSA03972,https://sgst.prod.dl.playstation.net/sgst/prod/00/np/PPSA03972_00/697620bc-682e-4551-8ea1-7d8f4c08e581-version.xml,ps5,game
UP4361-PPSA05103_00-TWOMFINALCUT0001,This War of Mine: Final Cut,PPSA05103,https://sgst.prod.dl.playstation.net/sgst/prod/00/np/PPSA05103_00/93fed24f-7838-4e86-b8f2-88dc644c53bb-version.xml,ps5,game
UP1082-PPSA14358_00-ULUS101910000000,Thrillville,PPSA14358,https://sgst.prod.dl.playstation.net/sgst/prod/00/np/PPSA14358_00/511db716-6026-4148-b55e-d0e4aaf9f99c-version.xml,ps5,game
UP1082-PPSA14360_00-ULUS103060000000,Thrillville: Off the Rails,PPSA14360,https://sgst.prod.dl.playstation.net/sgst/prod/00/np/PPSA14360_00/00e6efe7-b48a-4d9b-9f58-07755e124a37-version.xml,ps5,game
UP4064-PPSA05214_00-0984199900323554,Thymesia,PPSA05214,https://sgst.prod.dl.playstation.net/sgst/prod/00/np/PPSA05214_00/835ca79e-5e8a-45de-98a0-4d5c4bced528-version.xml,ps5,game
EP1018-PPSA01619_00-DLC5KPEXCLSVSKIN,Time Lord of Apokolips,PPSA01619,https://sgst.prod.dl.playstation.net/sgst/prod/00/np/PPSA01619_00/d13316b3-ee9c-4082-bc86-f8a38f4c1278-version.xml,ps5,game
UP0700-PPSA08587_00-DBXV2COSTPSUPPAC,Time Patrol Support Pack,PPSA08587,https://sgst.prod.dl.playstation.net/sgst/prod/00/np/PPSA08587_00/fe8a8aa9-5386-42f3-8025-2a086635a70e-version.xml,ps5,game
EP4062-PPSA23799_00-SLUS200900000000,TimeSplitters,PPSA23799,https://sgst.prod.dl.playstation.net/sgst/prod/00/np/PPSA23799_00/e256fd4c-a186-4145-afe3-fb9753d84bb9-version.xml,ps5,game
EP4062-PPSA23801_00-SLUS203140000000,TimeSplitters 2,PPSA23801,https://sgst.prod.dl.playstation.net/sgst/prod/00/np/PPSA23801_00/d8574a7f-85b1-4295-93a7-c62febd6cf24-version.xml,ps5,game
EP4062-PPSA23847_00-SLUS211480000000,TimeSplitters: Future Perfect,PPSA23847,https://sgst.prod.dl.playstation.net/sgst/prod/00/np/PPSA23847_00/806e74ac-f5c9-42fc-8102-def38a15ad48-version.xml,ps5,game
UP4382-PPSA03080_00-TINHEARTS0000000,Tin Hearts,PPSA03080,https://sgst.prod.dl.playstation.net/sgst/prod/00/np/PPSA03080_00/eb1200d9-5c08-4b29-b603-b593d1495cb1-version.xml,ps5,game
EP1001-PPSA01493_00-00000000DAFFODIL,Tiny Tina's Wonderlands,PPSA01493,https://sgst.prod.dl.playstation.net/sgst/prod/00/np/PPSA01493_00/35a4e113-87fc-43fe-b7fc-b93a72223736-version.xml,ps5,game
UP1001-PPSA01492_00-00000000DAFFODIL,Tiny Tina's Wonderlands,PPSA01492,https://sgst.prod.dl.playstation.net/sgst/prod/00/np/PPSA01492_00/ecb75d50-782a-4f27-a368-38e43bfa8006-version.xml,ps5,game
UP0097-PPSA05406_00-7938456161372045,Tinykin,PPSA05406,https://sgst.prod.dl.playstation.net/sgst/prod/00/np/PPSA05406_00/36ca8fab-feee-4ca3-abbf-14d1855ce962-version.xml,ps5,game
HP8918-PPSA05524_00-3930306204829941,Title Name,PPSA05524,https://sgst.prod.dl.playstation.net/sgst/prod/00/np/PPSA05524_00/3704241a-307f-4f18-aaf6-861ec1b7dcbd-version.xml,ps5,
UP4882-PPSA14734_00-P4S1XXXXXXXXXXXX,Tokyo Machine - Play,PPSA14734,https://sgst.prod.dl.playstation.net/sgst/prod/00/np/PPSA14734_00/dc84fbd1-2b13-419c-bc3d-4ba7ea2472bc-version.xml,ps5,game
UP0001-PPSA01518_00-R6EXTRACTION0000,Tom Clancy's Rainbow Six® Extraction,PPSA01518,https://sgst.prod.dl.playstation.net/sgst/prod/00/np/PPSA01518_00/283fb00f-0721-4a7e-a732-9a71d97dc94f-version.xml,ps5,game
EP0001-PPSA01516_00-R6EXTRACTION0000,Tom Clancy's Rainbow Six® Extraction,PPSA01516,https://sgst.prod.dl.playstation.net/sgst/prod/00/np/PPSA01516_00/058f6fcb-b193-4ee5-bb71-c69060e76405-version.xml,ps5,game
UP0001-PPSA01396_00-RAINBOWSIXSIEGE0,Tom Clancy's Rainbow Six® Siege,PPSA01396,https://sgst.prod.dl.playstation.net/sgst/prod/00/np/PPSA01396_00/6a283a86-7b14-4380-84d1-2aeab5a509ab-version.xml,ps5,game
EP0001-PPSA01397_00-RAINBOWSIXSIEGE0,Tom Clancy's Rainbow Six® Siege,PPSA01397,https://sgst.prod.dl.playstation.net/sgst/prod/00/np/PPSA01397_00/8a1cab18-f015-4e12-9b59-04c5fde6bb60-version.xml,ps5,game
UP1032-PPSA16901_00-0830732011721858,Tomb Raider I-III Remastered Starring Lara Croft,PPSA16901,https://sgst.prod.dl.playstation.net/sgst/prod/00/np/PPSA16901_00/1c47ea83-7798-4ac0-a522-2f62e7152d67-version.xml,ps5,game
UP1032-PPSA18154_00-TOMBRAIDER456225,Tomb Raider IV-VI Remastered,PPSA18154,https://sgst.prod.dl.playstation.net/sgst/prod/00/np/PPSA18154_00/507bd26f-8781-4ef4-88a3-70f8e5ba86aa-version.xml,ps5,game
UP0082-PPSA04987_00-PWSTRP0000000001,Tomb Raider Pack,PPSA04987,https://sgst.prod.dl.playstation.net/sgst/prod/00/np/PPSA04987_00/c01073d0-58fd-4457-bd8d-b031b64134de-version.xml,ps5,game
EP0082-PPSA04988_00-PWSTRP0000000001,Tomb Raider Pack,PPSA04988,https://sgst.prod.dl.playstation.net/sgst/prod/00/np/PPSA04988_00/ebc690a4-34de-4ee1-8e6f-7f39676fc297-version.xml,ps5,game
UP8489-PPSA27718_00-SLUS215550000000,Tomb Raider: Anniversary,PPSA27718,https://sgst.prod.dl.playstation.net/sgst/prod/00/np/PPSA27718_00/dbbc3d75-74b3-42f4-b35e-a1874d5c3778-version.xml,ps5,game
UP8489-PPSA22453_00-SLUS212030000000,Tomb Raider: Legend,PPSA22453,https://sgst.prod.dl.playstation.net/sgst/prod/00/np/PPSA22453_00/f91929b8-0832-48d4-88f0-27832088bfc2-version.xml,ps5,game
UP0002-PPSA02176_00-TH12RTHEGAME0001,Tony Hawk's™ Pro Skater™ 1 + 2,PPSA02176,https://sgst.prod.dl.playstation.net/sgst/prod/00/np/PPSA02176_00/63868d24-fd56-42d3-9c47-79aaa6fca853-version.xml,ps5,game
EP0002-PPSA02177_00-TH12RTHEGAME0001,Tony Hawk's™ Pro Skater™ 1 + 2,PPSA02177,https://sgst.prod.dl.playstation.net/sgst/prod/00/np/PPSA02177_00/c629a360-7d06-4507-901b-032166f5e660-version.xml,ps5,
UP1001-PPSA06898_00-000HAMMERSIEAPS5,TopSpin 2K25,PPSA06898,https://sgst.prod.dl.playstation.net/sgst/prod/00/np/PPSA06898_00/41c56638-565e-4835-bcfa-8d6348bc485c-version.xml,ps5,game
EP4293-PPSA02526_00-TORMENTEDSIEEPS5,Tormented Souls,PPSA02526,https://sgst.prod.dl.playstation.net/sgst/prod/00/np/PPSA02526_00/acb68d7b-a97a-4384-a925-7bc4725fd0e0-version.xml,ps5,game
UP3456-PPSA06081_00-7423111174326993,Totally Accurate Battle Simulator,PPSA06081,https://sgst.prod.dl.playstation.net/sgst/prod/00/np/PPSA06081_00/5cad15de-2135-49aa-99ca-460af1bce61c-version.xml,ps5,game
UP6665-PPSA03341_00-TDF2100000000000,Tour de France 2021,PPSA03341,https://sgst.prod.dl.playstation.net/sgst/prod/00/np/PPSA03341_00/df8fd128-4eda-48bc-9340-62b4acf12008-version.xml,ps5,game
UP6665-PPSA14199_00-TDF2300000000000,Tour de France 2023,PPSA14199,https://sgst.prod.dl.playstation.net/sgst/prod/00/np/PPSA14199_00/0e9d0bb8-3ab2-413d-9702-a10656e834ad-version.xml,ps5,game
UP5337-PPSA08346_00-HOTTA00000000001,Tower of Fantasy,PPSA08346,https://sgst.prod.dl.playstation.net/sgst/prod/00/np/PPSA08346_00/77c8afd3-4c48-4605-92a2-119ed803d3ca-version.xml,ps5,
UP1001-PPSA01462_00-0OAKNGTOYBOXSIEA,Toy Box Weapon Pack,PPSA01462,https://sgst.prod.dl.playstation.net/sgst/prod/00/np/PPSA01462_00/ed616f4d-c5de-47b3-a7ad-68ce8224f91e-version.xml,ps5,game
HP9000-PPSA01318_00-GT7CARGRYARIS009,Toyota GR Yaris Nations Cup Model,PPSA01318,https://sgst.prod.dl.playstation.net/sgst/prod/00/np/PPSA01318_00/c7059050-bf54-47de-b1c8-b693065f442e-version.xml,ps5,
EP9001-PPSA01316_00-GT7CARGRYARIS009,Toyota GR Yaris Nations Cup Model,PPSA01316,https://sgst.prod.dl.playstation.net/sgst/prod/00/np/PPSA01316_00/c2c9daf0-d3b5-430d-9987-a3e655872206-version.xml,ps5,
UP0001-PPSA02194_00-GAME000000000000,Trackmania,PPSA02194,https://sgst.prod.dl.playstation.net/sgst/prod/00/np/PPSA02194_00/65519d24-fead-479f-a031-c77ad4316ac9-version.xml,ps5,game
EP0001-PPSA02195_00-GAME000000000000,Trackmania,PPSA02195,https://sgst.prod.dl.playstation.net/sgst/prod/00/np/PPSA02195_00/8d8a025b-d9c7-4741-9ad8-eb010fb1b7b7-version.xml,ps5,
EP2866-PPSA23364_00-TRAINSIMWORLD5DG,Train Sim World 5,PPSA23364,https://sgst.prod.dl.playstation.net/sgst/prod/00/np/PPSA23364_00/405410c0-0f31-4ec3-8f71-8985fd1c7573-version.xml,ps5,game
EP7168-PPSA05711_00-3168723887538776,Train Station Simulator,PPSA05711,https://sgst.prod.dl.playstation.net/sgst/prod/00/np/PPSA05711_00/f64c747b-ad14-4425-9cca-126da8679a23-version.xml,ps5,game
UB0569-PPSA30316_00-0745130192268907,Tralalero Tralala™: Battle Royale,PPSA30316,https://sgst.prod.dl.playstation.net/sgst/prod/00/np/PPSA30316_00/cfaa44fd-b2eb-4225-81c9-0fc81f4b4947-version.xml,ps5,game
EP2866-PPSA13986_00-TRAMSIM1BASEGAME,TramSim - Console Edition,PPSA13986,https://sgst.prod.dl.playstation.net/sgst/prod/00/np/PPSA13986_00/1459e207-0581-4738-a7a6-e4c08bff6022-version.xml,ps5,game
EP0102-PPSA01557_00-TRAUMAPACK000000,Trauma Pack,PPSA01557,https://sgst.prod.dl.playstation.net/sgst/prod/00/np/PPSA01557_00/4554eaa4-a11e-4e12-a49d-552bbadf8f60-version.xml,ps5,game
UP0102-PPSA07411_00-RE4RDLC000000002,Treasure Map: Expansion,PPSA07411,https://sgst.prod.dl.playstation.net/sgst/prod/00/np/PPSA07411_00/1dba2283-d401-4ba8-a562-4ac92fd8fcdb-version.xml,ps5,
UP3643-PPSA02628_00-TREKTOYOMI000000,Trek To Yomi,PPSA02628,https://sgst.prod.dl.playstation.net/sgst/prod/00/np/PPSA02628_00/d8d72ed1-61e2-4ae0-96a8-44ac42b24ec2-version.xml,ps5,game
EP3643-PPSA02629_00-TREKTOYOMI000000,Trek To Yomi,PPSA02629,https://sgst.prod.dl.playstation.net/sgst/prod/00/np/PPSA02629_00/2a387c06-dc99-49f9-9700-9c5827e14f39-version.xml,ps5,
EP0896-PPSA11269_00-TRENCHESRATALAIK,Trenches,PPSA11269,https://sgst.prod.dl.playstation.net/sgst/prod/00/np/PPSA11269_00/35dc1b6a-1118-46b2-a33f-42e250b0e179-version.xml,ps5,game
EP4064-PPSA15349_00-TREPANG200000000,Trepang2,PPSA15349,https://sgst.prod.dl.playstation.net/sgst/prod/00/np/PPSA15349_00/912e38d7-98e7-4f4a-aa48-a7ec385c336b-version.xml,ps5,game
EP4064-PPSA15349_00-TREPANG2DLC00002,Trepang2 - Halloween DLC,PPSA15349,https://sgst.prod.dl.playstation.net/sgst/prod/00/np/PPSA15349_00/912e38d7-98e7-4f4a-aa48-a7ec385c336b-version.xml,ps5,game
EP4064-PPSA15349_00-TREPANG2SP000000,Trepang2 - Season Pass,PPSA15349,https://sgst.prod.dl.playstation.net/sgst/prod/00/np/PPSA15349_00/912e38d7-98e7-4f4a-aa48-a7ec385c336b-version.xml,ps5,game
EP4064-PPSA15349_00-TREPANG2DLC00003,Trepang2 - Story DLC,PPSA15349,https://sgst.prod.dl.playstation.net/sgst/prod/00/np/PPSA15349_00/912e38d7-98e7-4f4a-aa48-a7ec385c336b-version.xml,ps5,game
UP0292-PPSA01410_00-TRIBESOFMIDGARD0,Tribes of Midgard,PPSA01410,https://sgst.prod.dl.playstation.net/sgst/prod/00/np/PPSA01410_00/547f34b3-7151-4a13-9001-4b3999ce7a6f-version.xml,ps5,game
EP0290-PPSA02855_00-TRIBESOFMIDGARD0,Tribes of Midgard,PPSA02855,https://sgst.prod.dl.playstation.net/sgst/prod/00/np/PPSA02855_00/388dcca6-4b28-4d27-9f83-844f53af0960-version.xml,ps5,
UP9000-PPSA01289_00-SABATRICERATOPS1,Triceratops Costume,PPSA01289,https://sgst.prod.dl.playstation.net/sgst/prod/00/np/PPSA01289_00/0c1789e3-10b1-41eb-8ede-c159db8ef1e7-version.xml,ps5,
UP8268-PPSA14410_00-TRIFECTALOOTBAG0,Trifecta Lootbag,PPSA14410,https://sgst.prod.dl.playstation.net/sgst/prod/00/np/PPSA14410_00/a7458a5a-5b38-4c37-b0f8-5ab69f86c85d-version.xml,ps5,
EP7590-PPSA16475_00-0511046296383656,Truth,PPSA16475,https://sgst.prod.dl.playstation.net/sgst/prod/00/np/PPSA16475_00/b3c9b897-1684-448a-80f3-cb93ccc04c94-version.xml,ps5,game
UP8834-PPSA01758_00-TUBITVPS5APP0000,Tubi,PPSA01758,https://sgst.prod.dl.playstation.net/sgst/prod/00/np/PPSA01758_00/6bd5004e-aa99-4f72-ba58-7cba785947a0-version.xml,ps5,game
UB0599-PPSA30453_00-TUNGSAHURSIEA000,Tung Tung Tung Sahur Runner,PPSA30453,https://sgst.prod.dl.playstation.net/sgst/prod/00/np/PPSA30453_00/f85a4d1c-d155-471d-9b81-536db65f87ed-version.xml,ps5,game
UP0406-PPSA03054_00-0000000000000000,Tunic,PPSA03054,https://sgst.prod.dl.playstation.net/sgst/prod/00/np/PPSA03054_00/5200dda4-36bd-4d9a-93cd-04d6d1c157dc-version.xml,ps5,game
EP1018-PPSA01696_00-000000000000DLC1,Tunnels Of Terror,PPSA01696,https://sgst.prod.dl.playstation.net/sgst/prod/00/np/PPSA01696_00/1f653dd2-8f28-495c-8275-13e8d4933c1c-version.xml,ps5,game
EP0281-PPSA04339_00-7497128971954710,Turbo Pack,PPSA04339,https://sgst.prod.dl.playstation.net/sgst/prod/00/np/PPSA04339_00/126e509c-6314-4562-84b0-65a1cd99ea27-version.xml,ps5,game
EP0917-PPSA24559_00-SOBEK00000000000,Turok,PPSA24559,https://sgst.prod.dl.playstation.net/sgst/prod/00/np/PPSA24559_00/28afcd5f-d36b-4860-88bc-8264b7408b48-version.xml,ps5,game
UP9000-PPSA01289_00-SABATWINKLERIOT1,Tw!nkleR10t Costume,PPSA01289,https://sgst.prod.dl.playstation.net/sgst/prod/00/np/PPSA01289_00/0c1789e3-10b1-41eb-8ede-c159db8ef1e7-version.xml,ps5,
EP2333-PPSA03185_00-12MINUTESIEE0000,Twelve Minutes,PPSA03185,https://sgst.prod.dl.playstation.net/sgst/prod/00/np/PPSA03185_00/b6513fa1-cc67-4ca6-9df7-11db85e3bfd5-version.xml,ps5,game
UP9000-PPSA16427_00-SCUS943040000000,Twisted Metal,PPSA16427,https://sgst.prod.dl.playstation.net/sgst/prod/00/np/PPSA16427_00/eb90cba0-5617-474f-9f26-e0eabdd34a05-version.xml,ps5,game
UP9000-PPSA16429_00-SCUS943060000000,Twisted Metal 2,PPSA16429,https://sgst.prod.dl.playstation.net/sgst/prod/00/np/PPSA16429_00/31b787f2-c111-42e3-9982-8e46292b0075-version.xml,ps5,game
UP9000-PPSA27839_00-SCUS945600000000,Twisted Metal 4,PPSA27839,https://sgst.prod.dl.playstation.net/sgst/prod/00/np/PPSA27839_00/c0a86b21-53ff-4738-8196-6d6101b14c4f-version.xml,ps5,game
UP9000-PPSA27837_00-SCUS942490000000,Twisted Metal III,PPSA27837,https://sgst.prod.dl.playstation.net/sgst/prod/00/np/PPSA27837_00/ecaa55e1-17bf-49ce-a126-be9a1ac948d3-version.xml,ps5,game
HP8901-PPSA01667_00-TWITCHPS5APPASIA,Twitch,PPSA01667,https://sgst.prod.dl.playstation.net/sgst/prod/00/np/PPSA01667_00/888f1c4a-ec22-4692-948f-57ae02ce2719-version.xml,ps5,
EP8816-PPSA01666_00-TWITCHPS5APPSCEE,Twitch,PPSA01666,https://sgst.prod.dl.playstation.net/sgst/prod/00/np/PPSA01666_00/792f3272-2e9f-43cc-a2ba-4bc535450c4c-version.xml,ps5,
UP0177-PPSA03645_00-TWOPOINTCAMPUS00,Two Point Campus,PPSA03645,https://sgst.prod.dl.playstation.net/sgst/prod/00/np/PPSA03645_00/ef467328-2079-465b-839b-e5147631c4b0-version.xml,ps5,game
HP6543-PPSA04937_00-5569813318327725,UEFA.tv,PPSA04937,https://sgst.prod.dl.playstation.net/sgst/prod/00/np/PPSA04937_00/af5971ce-69b3-4987-8710-f1728bde51fc-version.xml,ps5,
HP7835-PPSA13239_00-0754343454393609,UFC Fightpass,PPSA13239,https://sgst.prod.dl.playstation.net/sgst/prod/00/np/PPSA13239_00/ce78de84-0d8d-48a2-962e-41daf034a5c8-version.xml,ps5,
UP5082-PPSA03351_00-7484921032287315,UJC Chapel Skin,PPSA03351,https://sgst.prod.dl.playstation.net/sgst/prod/00/np/PPSA03351_00/15440660-0c84-4097-baac-a6468e9131b7-version.xml,ps5,
JP3681-PPSA26669_00-0632996973596833,UNBEATABLE,PPSA26669,https://sgst.prod.dl.playstation.net/sgst/prod/00/np/PPSA26669_00/863d31cd-bd49-4151-ba22-c46632be2a9e-version.xml,ps5,
UP0001-PPSA15317_00-UNOPS50000000001,UNO®,PPSA15317,https://sgst.prod.dl.playstation.net/sgst/prod/00/np/PPSA15317_00/4ab9f759-3732-4700-ae8e-41b466cb2edd-version.xml,ps5,game
UP1018-PPSA01617_00-ULUP000000000000,Ultimate Upgrade Bundle Tracker,PPSA01617,https://sgst.prod.dl.playstation.net/sgst/prod/00/np/PPSA01617_00/22fce07e-73c2-4d0a-b988-305dccf7a86d-version.xml,ps5,
UP9000-PPSA01289_00-SABAULTIMOBARRI1,Ultimo Barricado Costume,PPSA01289,https://sgst.prod.dl.playstation.net/sgst/prod/00/np/PPSA01289_00/0c1789e3-10b1-41eb-8ede-c159db8ef1e7-version.xml,ps5,
UP6779-PPSA16280_00-ULTROS00000PS5US,Ultros,PPSA16280,https://sgst.prod.dl.playstation.net/sgst/prod/00/np/PPSA16280_00/715afa9b-b951-4ff2-aea4-38d1d72dd664-version.xml,ps5,game
UP9000-PPSA05389_00-UNCHARTED4R00000,Uncharted™: Coleção Legado dos Ladrões,PPSA05389,https://sgst.prod.dl.playstation.net/sgst/prod/00/np/PPSA05389_00/e2261265-c1a4-4097-bc17-2d51d736d80c-version.xml,ps5,game
UP1642-PPSA08056_00-SUB0000000000001,Under The Waves,PPSA08056,https://sgst.prod.dl.playstation.net/sgst/prod/00/np/PPSA08056_00/00ff082c-6445-4e6e-b563-b283d3d86c3c-version.xml,ps5,game
UP2047-PPSA21915_00-UNDISPUTEDPS5NA1,Undisputed,PPSA21915,https://sgst.prod.dl.playstation.net/sgst/prod/00/np/PPSA21915_00/6ab23084-d49a-47b1-bac5-99c6252d9de6-version.xml,ps5,game
EP6337-PPSA25931_00-0000000000000000,Undying,PPSA25931,https://sgst.prod.dl.playstation.net/sgst/prod/00/np/PPSA25931_00/450652f7-d407-4140-862f-0b7667664252-version.xml,ps5,game
EP0177-PPSA20468_00-UNICORNTRIAL0000,Unicorn Overlord DEMO,PPSA20468,https://sgst.prod.dl.playstation.net/sgst/prod/00/np/PPSA20468_00/f982fd0a-77d9-4fc1-95f0-f273b9b42d44-version.xml,ps5,
EP4902-PPSA14245_00-0777255704719818,United Assault - Battle of the Bulge,PPSA14245,https://sgst.prod.dl.playstation.net/sgst/prod/00/np/PPSA14245_00/50187731-1f69-4a04-be87-1d64a9fb8fa8-version.xml,ps5,game
EP4902-PPSA26569_00-0162927827005331,United Assault - Final Stand,PPSA26569,https://sgst.prod.dl.playstation.net/sgst/prod/00/np/PPSA26569_00/fdd2371d-85de-4060-8451-840424f19cff-version.xml,ps5,game
EP4902-PPSA17477_00-0575167303898507,United Assault - World War 2,PPSA17477,https://sgst.prod.dl.playstation.net/sgst/prod/00/np/PPSA17477_00/ac300d5f-348c-44cb-943e-f95c5b3a9eb5-version.xml,ps5,game
UP3864-PPSA07117_00-UNPACKINGPS5000A,Unpacking,PPSA07117,https://sgst.prod.dl.playstation.net/sgst/prod/00/np/PPSA07117_00/e717ffa1-6da6-4c94-b16a-cc6b1cdc9e4a-version.xml,ps5,game
EP3717-PPSA07118_00-UNPACKINGPS5000E,Unpacking,PPSA07118,https://sgst.prod.dl.playstation.net/sgst/prod/00/np/PPSA07118_00/d104e8b1-6a2a-440e-9e40-470e37c516b8-version.xml,ps5,game
EP9000-PPSA15421_00-FULLGAME00000001,Until Dawn,PPSA15421,https://sgst.prod.dl.playstation.net/sgst/prod/00/np/PPSA15421_00/7ccff374-9739-49b8-9582-05535b209be7-version.xml,ps5,game
EP4908-PPSA06471_00-0000000UNTILTHEN,Until Then,PPSA06471,https://sgst.prod.dl.playstation.net/sgst/prod/00/np/PPSA06471_00/b96f32c9-950a-4d16-9cc6-d4ceeb07a5a7-version.xml,ps5,game
UP4735-PPSA06470_00-0000000UNTILTHEN,Until Then,PPSA06470,https://sgst.prod.dl.playstation.net/sgst/prod/00/np/PPSA06470_00/ab285621-14c1-4475-ae67-84702288858d-version.xml,ps5,
UP0779-PPSA16263_00-0000000000000001,V Rising,PPSA16263,https://sgst.prod.dl.playstation.net/sgst/prod/00/np/PPSA16263_00/f9903598-4964-4707-89cb-d6700a45c194-version.xml,ps5,game
EP0082-PPSA07669_00-VEPS5DEMOEP00001,VALKYRIE ELYSIUM DEMO VERSION,PPSA07669,https://sgst.prod.dl.playstation.net/sgst/prod/00/np/PPSA07669_00/a6ce740f-a2e1-4061-bd1b-231b3d6bbaf4-version.xml,ps5,
HP0082-PPSA08541_00-VPRPS5HP00000001,VALKYRIE PROFILE: LENNETH,PPSA08541,https://sgst.prod.dl.playstation.net/sgst/prod/00/np/PPSA08541_00/45ccaf67-ed00-4124-adc8-40fc31ea9b02-version.xml,ps5,game
UP3993-PPSA20676_00-VALORANT00000000,VALORANT,PPSA20676,https://sgst.prod.dl.playstation.net/sgst/prod/00/np/PPSA20676_00/4c4b882c-22ed-4f5f-817e-72473b02df32-version.xml,ps5,game
EP3847-PPSA20711_00-VALORANT00000000,VALORANT,PPSA20711,https://sgst.prod.dl.playstation.net/sgst/prod/00/np/PPSA20711_00/ceb4c7b0-06d8-4549-aed6-288aa79b450f-version.xml,ps5,game
EP0500-PPSA10145_00-0833875369985011,Vacation Simulator,PPSA10145,https://sgst.prod.dl.playstation.net/sgst/prod/00/np/PPSA10145_00/6437c4b0-facb-40f7-9050-9017437fac85-version.xml,ps5,game
UB0134-PPSA30703_00-0000000000000000,Vampire Crawlers,PPSA30703,https://sgst.prod.dl.playstation.net/sgst/prod/00/np/PPSA30703_00/0ad40d4e-1314-4a21-bf6a-00f8d5781346-version.xml,ps5,game
UP7512-PPSA25242_00-0576577522657797,Vampire Hunters,PPSA25242,https://sgst.prod.dl.playstation.net/sgst/prod/00/np/PPSA25242_00/6f9da6ad-663d-4a42-b766-5dd8c45812f7-version.xml,ps5,game
EB0324-PPSA21703_00-VAMPIRESURVIVORS,Vampire Survivors,PPSA21703,https://sgst.prod.dl.playstation.net/sgst/prod/00/np/PPSA21703_00/38a532c3-a7b9-4695-8b98-5eed82de6e13-version.xml,ps5,game
UP6665-PPSA07303_00-VTMS000000000000,Vampire The Masquerade : Swansong,PPSA07303,https://sgst.prod.dl.playstation.net/sgst/prod/00/np/PPSA07303_00/9e381a1b-2900-4443-8b2b-391b5bcddad7-version.xml,ps5,game
HP4880-PPSA05150_00-3170809278452744,Vampire: The Masquerade - Bloodhunt,PPSA05150,https://sgst.prod.dl.playstation.net/sgst/prod/00/np/PPSA05150_00/46525032-db3f-4f8a-94ee-7c7d114f0d7b-version.xml,ps5,
UP5033-PPSA05142_00-6295992638512165,Vampire: The Masquerade - Bloodhunt,PPSA05142,https://sgst.prod.dl.playstation.net/sgst/prod/00/np/PPSA05142_00/6ee200ae-f5e3-4062-bb1a-7f3383b2c2e1-version.xml,ps5,
HP8406-PPSA26324_00-0440037362021369,Vanity Fair: The Pursuit,PPSA26324,https://sgst.prod.dl.playstation.net/sgst/prod/00/np/PPSA26324_00/e5f827e3-05fa-4162-a340-6541337d2321-version.xml,ps5,game
UP3824-PPSA03779_00-FFSPYRACERS00001,Velozes & Furiosos: Espiões do Asfalto Ascensão de SH1FT3R,PPSA03779,https://sgst.prod.dl.playstation.net/sgst/prod/00/np/PPSA03779_00/ba496d00-d91e-47e0-a61b-ae1c116982bc-version.xml,ps5,game
UP7535-PPSA13225_00-VENBAXXXXXXXXXXX,Venba,PPSA13225,https://sgst.prod.dl.playstation.net/sgst/prod/00/np/PPSA13225_00/c7b5e72f-30c0-4e47-8bb0-024fb9f1e516-version.xml,ps5,game
UP0002-PPSA02442_00-DIVBASEPSPLUS003,Vessel of Hatred,PPSA02442,https://sgst.prod.dl.playstation.net/sgst/prod/00/np/PPSA02442_00/084e9a20-547e-414f-9974-1bfa8f09e50b-version.xml,ps5,game
UP1676-PPSA03555_00-9649648498166060,Veteran Units,PPSA03555,https://sgst.prod.dl.playstation.net/sgst/prod/00/np/PPSA03555_00/2101d0df-affd-462d-84d4-9209b128f22c-version.xml,ps5,game
UP6312-PPSA18654_00-0110673230244263,Victors and Vanquished,PPSA18654,https://sgst.prod.dl.playstation.net/sgst/prod/00/np/PPSA18654_00/935e23b3-169e-439b-99d8-ae2b8b534b37-version.xml,ps5,game
UP9000-PPSA01289_00-SABAVIDEOGAMEDA1,Video Game Costume,PPSA01289,https://sgst.prod.dl.playstation.net/sgst/prod/00/np/PPSA01289_00/0c1789e3-10b1-41eb-8ede-c159db8ef1e7-version.xml,ps5,
UP5180-PPSA10249_00-VIEWFINDER0005US,Viewfinder,PPSA10249,https://sgst.prod.dl.playstation.net/sgst/prod/00/np/PPSA10249_00/9c3fa425-7a47-4fc6-9c25-ee8402b40821-version.xml,ps5,
UP1018-PPSA02223_00-GKDLCPA000000001,Visionary Pack,PPSA02223,https://sgst.prod.dl.playstation.net/sgst/prod/00/np/PPSA02223_00/b3d027fc-4d9a-48b2-b624-cdad4f0b9e03-version.xml,ps5,
EP0082-PPSA19985_00-VOMPS5EUDEMO0001,Visions of Mana DEMO,PPSA19985,https://sgst.prod.dl.playstation.net/sgst/prod/00/np/PPSA19985_00/f6e3ce9e-c363-47a1-a9af-c844515637f3-version.xml,ps5,
UP4108-PPSA25843_00-WARRIORSABYSS000,WARRIORS: Abyss,PPSA25843,https://sgst.prod.dl.playstation.net/sgst/prod/00/np/PPSA25843_00/2ed485b5-f674-48ae-956a-95ccf73bb08c-version.xml,ps5,game
EP2866-PPSA23364_00-TSW5WCMLEUSTMKEY,WCML South - London Euston to Milton Keynes,PPSA23364,https://sgst.prod.dl.playstation.net/sgst/prod/00/np/PPSA23364_00/405410c0-0f31-4ec3-8f71-8985fd1c7573-version.xml,ps5,game
UP5577-PPSA08452_00-WHATTHEGOLF00001,WHAT THE GOLF?,PPSA08452,https://sgst.prod.dl.playstation.net/sgst/prod/00/np/PPSA08452_00/7e98ecc3-b204-4937-a268-939a1ef9bddf-version.xml,ps5,game
UP0006-PPSA07837_00-BOHNIGAME0000000,WILD HEARTS,PPSA07837,https://sgst.prod.dl.playstation.net/sgst/prod/00/np/PPSA07837_00/ae9c237d-feee-4ea0-aabb-a396c4699502-version.xml,ps5,game
UP6665-PPSA03590_00-WRC1000000000000,WRC 10 FIA World Rally Championship,PPSA03590,https://sgst.prod.dl.playstation.net/sgst/prod/00/np/PPSA03590_00/cb108b06-1c17-4be9-80a4-dc8be728afd8-version.xml,ps5,game
EP4008-PPSA01363_00-WRC9SIEE00000000,WRC 9 FIA World Rally Championship,PPSA01363,https://sgst.prod.dl.playstation.net/sgst/prod/00/np/PPSA01363_00/fc793c99-1eb9-44a2-906c-e043702ed9b3-version.xml,ps5,game
UP6665-PPSA07580_00-WRCG000000000000,WRC Generations – The FIA WRC Official Game,PPSA07580,https://sgst.prod.dl.playstation.net/sgst/prod/00/np/PPSA07580_00/c08b2a25-e980-42e3-95f4-94e075cf1ae3-version.xml,ps5,game
UP4040-PPSA09518_00-WUCHANGPS5000000,WUCHANG: Fallen Feathers,PPSA09518,https://sgst.prod.dl.playstation.net/sgst/prod/00/np/PPSA09518_00/b66d6b1a-b386-43cd-98f7-674a89026fc6-version.xml,ps5,game
EP1549-PPSA20641_00-MADGWW2R05122023,WW2 Rebuilder,PPSA20641,https://sgst.prod.dl.playstation.net/sgst/prod/00/np/PPSA20641_00/5c7a7630-408e-4700-82e0-4c7fbcc6f9c8-version.xml,ps5,game
UP1001-PPSA22695_00-WWE2K25000000000,WWE 2K25,PPSA22695,https://sgst.prod.dl.playstation.net/sgst/prod/00/np/PPSA22695_00/547f3e5e-5758-411c-859d-0a0b6356151f-version.xml,ps5,game
HT0025-PPSA16149_00-0137570206938558,WWE Network,PPSA16149,https://sgst.prod.dl.playstation.net/sgst/prod/00/np/PPSA16149_00/571b5e52-7bd8-4d7d-a344-27b1834dbf1d-version.xml,ps5,
EP6255-PPSA05622_00-2436777847330291,Wanted: Dead,PPSA05622,https://sgst.prod.dl.playstation.net/sgst/prod/00/np/PPSA05622_00/a8732519-51bf-46e3-8c02-1613b692a402-version.xml,ps5,game
UP2282-PPSA18513_00-0487012293423705,War Robots: Frontiers,PPSA18513,https://sgst.prod.dl.playstation.net/sgst/prod/00/np/PPSA18513_00/79df7987-eebc-4577-8fb3-66747c54342c-version.xml,ps5,
EP4432-PPSA01948_00-5311322004715828,War Thunder,PPSA01948,https://sgst.prod.dl.playstation.net/sgst/prod/00/np/PPSA01948_00/eb9c490e-13d0-4329-a8bf-e48e5d4c74da-version.xml,ps5,
UP4432-PPSA01950_00-2173548409910606,War Thunder,PPSA01950,https://sgst.prod.dl.playstation.net/sgst/prod/00/np/PPSA01950_00/8f1497d1-4693-4493-8b59-01248ffd020e-version.xml,ps5,
UP9000-PPSA23796_00-SCUS971970000000,War of the Monsters,PPSA23796,https://sgst.prod.dl.playstation.net/sgst/prod/00/np/PPSA23796_00/7aff5b76-4d8c-4009-a8e2-248b25a8529c-version.xml,ps5,game
UP2097-PPSA01737_00-WARFRAMEPS500000,Warframe,PPSA01737,https://sgst.prod.dl.playstation.net/sgst/prod/00/np/PPSA01737_00/5ce04010-093d-4478-9d67-3387ac3cdb3d-version.xml,ps5,
EP2097-PPSA01980_00-7357509687265755,Warframe,PPSA01980,https://sgst.prod.dl.playstation.net/sgst/prod/00/np/PPSA01980_00/037d5d41-db9e-4b39-8a0c-aff78b557559-version.xml,ps5,
UP4133-PPSA07248_00-000000000BOLTGUN,"Warhammer 40,000: Boltgun",PPSA07248,https://sgst.prod.dl.playstation.net/sgst/prod/00/np/PPSA07248_00/7171ae8f-457a-41e5-bc08-1af9b3aff983-version.xml,ps5,game
UP4133-PPSA07248_00-W40KBOLTGUNDLC00,"Warhammer 40,000: Boltgun - Forges of Corruption Expansion",PPSA07248,https://sgst.prod.dl.playstation.net/sgst/prod/00/np/PPSA07248_00/7171ae8f-457a-41e5-bc08-1af9b3aff983-version.xml,ps5,game
EP4122-PPSA21255_00-0888672453602469,"Warhammer 40,000: Darktide",PPSA21255,https://sgst.prod.dl.playstation.net/sgst/prod/00/np/PPSA21255_00/91e35f42-693e-4a01-b019-5f66c49d91dd-version.xml,ps5,
EP4122-PPSA21255_00-0610278496364321,"Warhammer 40,000: Darktide - Imperial Edition Cosmetics",PPSA21255,https://sgst.prod.dl.playstation.net/sgst/prod/00/np/PPSA21255_00/91e35f42-693e-4a01-b019-5f66c49d91dd-version.xml,ps5,
UP4133-PPSA04452_00-SPACEMARINESII00,"Warhammer 40,000: Space Marine 2",PPSA04452,https://sgst.prod.dl.playstation.net/sgst/prod/00/np/PPSA04452_00/3d0a62ee-8625-4884-84a4-4351b1b53175-version.xml,ps5,
UP4133-PPSA04452_00-SMARINESIIDLC011,"Warhammer 40,000: Space Marine 2 - Blood Angels Cosmetic Pack",PPSA04452,https://sgst.prod.dl.playstation.net/sgst/prod/00/np/PPSA04452_00/3d0a62ee-8625-4884-84a4-4351b1b53175-version.xml,ps5,
UP4133-PPSA04452_00-SMARINESIIDLC004,"Warhammer 40,000: Space Marine 2 - Dark Angels Chapter Pack",PPSA04452,https://sgst.prod.dl.playstation.net/sgst/prod/00/np/PPSA04452_00/3d0a62ee-8625-4884-84a4-4351b1b53175-version.xml,ps5,
UP4133-PPSA04452_00-SMARINESIIDLC010,"Warhammer 40,000: Space Marine 2 - Imperial Fists Champion Pack",PPSA04452,https://sgst.prod.dl.playstation.net/sgst/prod/00/np/PPSA04452_00/3d0a62ee-8625-4884-84a4-4351b1b53175-version.xml,ps5,
UP4133-PPSA04452_00-SMARINESIIDLC001,"Warhammer 40,000: Space Marine 2 - Macragge’s Chosen DLC",PPSA04452,https://sgst.prod.dl.playstation.net/sgst/prod/00/np/PPSA04452_00/3d0a62ee-8625-4884-84a4-4351b1b53175-version.xml,ps5,
UP4133-PPSA04452_00-SMARINESIIDLC007,"Warhammer 40,000: Space Marine 2 - Raven Guard Cosmetic Pack",PPSA04452,https://sgst.prod.dl.playstation.net/sgst/prod/00/np/PPSA04452_00/3d0a62ee-8625-4884-84a4-4351b1b53175-version.xml,ps5,
UP4133-PPSA04452_00-SMARINESIIDLC008,"Warhammer 40,000: Space Marine 2 - Salamanders Champion Pack",PPSA04452,https://sgst.prod.dl.playstation.net/sgst/prod/00/np/PPSA04452_00/3d0a62ee-8625-4884-84a4-4351b1b53175-version.xml,ps5,
UP4133-PPSA04452_00-SMARINESIISP0001,"Warhammer 40,000: Space Marine 2 - Season Pass",PPSA04452,https://sgst.prod.dl.playstation.net/sgst/prod/00/np/PPSA04452_00/3d0a62ee-8625-4884-84a4-4351b1b53175-version.xml,ps5,
UP4133-PPSA04452_00-SMARINESIIDLC005,"Warhammer 40,000: Space Marine 2 - Space Wolves Chapter Pack",PPSA04452,https://sgst.prod.dl.playstation.net/sgst/prod/00/np/PPSA04452_00/3d0a62ee-8625-4884-84a4-4351b1b53175-version.xml,ps5,
UP4133-PPSA04452_00-SMARINESIIDLC003,"Warhammer 40,000: Space Marine 2 - Ultramarines Cosmetic Pack",PPSA04452,https://sgst.prod.dl.playstation.net/sgst/prod/00/np/PPSA04452_00/3d0a62ee-8625-4884-84a4-4351b1b53175-version.xml,ps5,
UP4133-PPSA04452_00-SMARINESIIDLC006,"Warhammer 40,000: Space Marine 2 - White Scars Chapter Pack",PPSA04452,https://sgst.prod.dl.playstation.net/sgst/prod/00/np/PPSA04452_00/3d0a62ee-8625-4884-84a4-4351b1b53175-version.xml,ps5,
UP4008-PPSA01446_00-WHCBSIEA00000000,Warhammer: Chaosbane - Slayer Edition,PPSA01446,https://sgst.prod.dl.playstation.net/sgst/prod/00/np/PPSA01446_00/864d11b7-6283-4391-a2fb-5c1d58ad1e1f-version.xml,ps5,game
EP8923-PPSA08827_00-9638898599517794,Warpips,PPSA08827,https://sgst.prod.dl.playstation.net/sgst/prod/00/np/PPSA08827_00/a79f1d41-15d5-4a34-8dc9-ec91143b7c8b-version.xml,ps5,game
UP0001-PPSA01487_00-ORWFULLGAME00000,Watch Dogs®: Legion,PPSA01487,https://sgst.prod.dl.playstation.net/sgst/prod/00/np/PPSA01487_00/10e74c69-286c-44ad-bade-3321a464637a-version.xml,ps5,game
JP0001-PPSA01489_00-ORWFULLGAME00000,Watch Dogs®: Legion,PPSA01489,https://sgst.prod.dl.playstation.net/sgst/prod/00/np/PPSA01489_00/f4d49f53-3a6a-4f8b-a574-e4a64075cd68-version.xml,ps5,
EP0001-PPSA01488_00-ORWFULLGAME00000,Watch Dogs®: Legion,PPSA01488,https://sgst.prod.dl.playstation.net/sgst/prod/00/np/PPSA01488_00/f316ebfb-6159-46c8-bec2-ed167d1208eb-version.xml,ps5,game
EP0700-PPSA08951_00-WELOVEKINGJR0000,We Love Katamari REROLL+ Royal Reverie,PPSA08951,https://sgst.prod.dl.playstation.net/sgst/prod/00/np/PPSA08951_00/7515361c-80c2-4a88-95f8-06f6b28d6a6b-version.xml,ps5,game
UP0700-PPSA08954_00-WELOVEKINGJR0000,We Love Katamari REROLL+ Royal Reverie,PPSA08954,https://sgst.prod.dl.playstation.net/sgst/prod/00/np/PPSA08954_00/e06845cb-f412-4021-b0c7-087db9c9cc42-version.xml,ps5,game
UP6535-PPSA28776_00-0541058603359702,We Were Here,PPSA28776,https://sgst.prod.dl.playstation.net/sgst/prod/00/np/PPSA28776_00/36a78dcc-dd5e-4f59-a396-fbfbce411024-version.xml,ps5,game
EP4697-PPSA14313_00-0894432012665778,We Were Here Expeditions: The FriendShip,PPSA14313,https://sgst.prod.dl.playstation.net/sgst/prod/00/np/PPSA14313_00/e56f3c57-8cfd-43ed-8016-ab0cf61c4232-version.xml,ps5,game
UP6535-PPSA14315_00-0617172676292630,We Were Here Expeditions: The FriendShip,PPSA14315,https://sgst.prod.dl.playstation.net/sgst/prod/00/np/PPSA14315_00/27dfee5c-07f8-4847-828c-eb3df64bf9d0-version.xml,ps5,
EP3643-PPSA10887_00-0000000000000000,Weird West,PPSA10887,https://sgst.prod.dl.playstation.net/sgst/prod/00/np/PPSA10887_00/a6ccc46d-be4e-4849-97d1-5062be76690e-version.xml,ps5,game
UP3643-PPSA10886_00-0000000000000000,Weird West,PPSA10886,https://sgst.prod.dl.playstation.net/sgst/prod/00/np/PPSA10886_00/30962929-dc56-4202-b17c-f150e227d2f7-version.xml,ps5,game
UP4008-PPSA02114_00-WTASIEA000000000,Werewolf: The Apocalypse - Earthblood,PPSA02114,https://sgst.prod.dl.playstation.net/sgst/prod/00/np/PPSA02114_00/31afa4cf-35d9-4f53-8142-2dae3a8fda7f-version.xml,ps5,game
UP2470-PPSA06207_00-EFINCHPS5SIEA000,What Remains of Edith Finch,PPSA06207,https://sgst.prod.dl.playstation.net/sgst/prod/00/np/PPSA06207_00/1eaad930-853a-494e-8c0a-d9523ac00bc8-version.xml,ps5,game
EP7860-PPSA34103_00-0635315361658451,Whiskey Mafia: Blacklist,PPSA34103,https://sgst.prod.dl.playstation.net/sgst/prod/00/np/PPSA34103_00/2c32c6e7-84af-4776-9b29-658a0204577d-version.xml,ps5,game
UP9000-PPSA06349_00-SCUS946080000000,Wild Arms,PPSA06349,https://sgst.prod.dl.playstation.net/sgst/prod/00/np/PPSA06349_00/6b94784a-a59b-40ec-961c-f5a4f5fecbfe-version.xml,ps5,game
UP9000-PPSA08698_00-SCUS944840000000,Wild Arms 2,PPSA08698,https://sgst.prod.dl.playstation.net/sgst/prod/00/np/PPSA08698_00/07640cdb-42e7-4231-984e-5e2ea3817411-version.xml,ps5,game
EP9000-PPSA08699_00-SCUS944840000000,Wild Arms 2,PPSA08699,https://sgst.prod.dl.playstation.net/sgst/prod/00/np/PPSA08699_00/f114f233-5747-45b8-b0ff-94653fd8cb9e-version.xml,ps5,
UP6856-PPSA04392_00-DSYGAMEPS50000US,Wild Card Football,PPSA04392,https://sgst.prod.dl.playstation.net/sgst/prod/00/np/PPSA04392_00/24350322-7245-4d5d-8218-ddb7ed5d1227-version.xml,ps5,game
UP0082-PPSA04987_00-PWSWTP0000000001,Winter 2023 Seasonal Pack,PPSA04987,https://sgst.prod.dl.playstation.net/sgst/prod/00/np/PPSA04987_00/c01073d0-58fd-4457-bd8d-b031b64134de-version.xml,ps5,game
EP0082-PPSA04988_00-PWSWTP0000000001,Winter 2023 Seasonal Special,PPSA04988,https://sgst.prod.dl.playstation.net/sgst/prod/00/np/PPSA04988_00/ebc690a4-34de-4ee1-8e6f-7f39676fc297-version.xml,ps5,game
EP0082-PPSA04988_00-PWSW240000000001,Winter 2024 Seasonal Special,PPSA04988,https://sgst.prod.dl.playstation.net/sgst/prod/00/np/PPSA04988_00/ebc690a4-34de-4ee1-8e6f-7f39676fc297-version.xml,ps5,game
EP0102-PPSA01557_00-GEDLC00000000001,Winters' Expansion,PPSA01557,https://sgst.prod.dl.playstation.net/sgst/prod/00/np/PPSA01557_00/4554eaa4-a11e-4e12-a49d-552bbadf8f60-version.xml,ps5,game
UP0102-PPSA01556_00-GEDLC00000000001,Winters' Expansion,PPSA01556,https://sgst.prod.dl.playstation.net/sgst/prod/00/np/PPSA01556_00/64e1df4f-8bdc-4522-9e33-a2ba49c72e53-version.xml,ps5,
EP6470-PPSA08168_00-WITCHCOLLEGEBUND,Witch College Bundle,PPSA08168,https://sgst.prod.dl.playstation.net/sgst/prod/00/np/PPSA08168_00/a93ed6f1-9e8c-4377-b526-7cb2feba44c7-version.xml,ps5,game
UP3643-PPSA06416_00-7992194873723757,Wizard with a Gun,PPSA06416,https://sgst.prod.dl.playstation.net/sgst/prod/00/np/PPSA06416_00/f3c63654-363f-4407-a9b3-f66b1941c001-version.xml,ps5,game
UP4108-PPSA08772_00-WOLONG0000000000,Wo Long: Fallen Dynasty,PPSA08772,https://sgst.prod.dl.playstation.net/sgst/prod/00/np/PPSA08772_00/d5ca185f-b0f9-4627-90d6-abee6e5e464c-version.xml,ps5,game
EP4108-PPSA09295_00-TRIAL00000000000,Wo Long: Fallen Dynasty Demo,PPSA09295,https://sgst.prod.dl.playstation.net/sgst/prod/00/np/PPSA09295_00/dc61a6f4-9cde-450d-8ab8-59ed95a3c2da-version.xml,ps5,
EP4108-PPSA14202_00-FINALDEMO0000000,Wo Long: Fallen Dynasty Demo,PPSA14202,https://sgst.prod.dl.playstation.net/sgst/prod/00/np/PPSA14202_00/f2ab14ef-8865-48da-bfcc-29617fd37c25-version.xml,ps5,
HP0106-PPSA14040_00-FINALDEMO0000000,Wo Long: Fallen Dynasty 体验版,PPSA14040,https://sgst.prod.dl.playstation.net/sgst/prod/00/np/PPSA14040_00/41ea9bfb-a1cc-4649-82d6-ece16d395705-version.xml,ps5,
HP0106-PPSA08774_00-STOREPRIVILAGE02,Wo Long: Fallen Dynasty 共工髮冠,PPSA08774,https://sgst.prod.dl.playstation.net/sgst/prod/00/np/PPSA08774_00/e5c1d39c-2f1d-437a-92bd-e058240af3b0-version.xml,ps5,
HP0106-PPSA08774_00-EARLYPURCHASE000,Wo Long: Fallen Dynasty 白虎戰鎧,PPSA08774,https://sgst.prod.dl.playstation.net/sgst/prod/00/np/PPSA08774_00/e5c1d39c-2f1d-437a-92bd-e058240af3b0-version.xml,ps5,
HP0106-PPSA08774_00-STOREPRIVILAGE01,Wo Long: Fallen Dynasty 祝融髮冠,PPSA08774,https://sgst.prod.dl.playstation.net/sgst/prod/00/np/PPSA08774_00/e5c1d39c-2f1d-437a-92bd-e058240af3b0-version.xml,ps5,
EP3597-PPSA13248_00-WORDWEBBYPOWGI00,Word Web by POWGI,PPSA13248,https://sgst.prod.dl.playstation.net/sgst/prod/00/np/PPSA13248_00/df2b29c9-4117-4cde-b238-cf32fdc974a3-version.xml,ps5,game
EP3597-PPSA06627_00-WORDBREAKERPOWGI,Wordbreaker by POWGI,PPSA06627,https://sgst.prod.dl.playstation.net/sgst/prod/00/np/PPSA06627_00/d362921c-0e94-4825-9016-0cab7ddc8865-version.xml,ps5,game
EP5145-PPSA03127_00-2405860028382480,Work_from_Home,PPSA03127,https://sgst.prod.dl.playstation.net/sgst/prod/00/np/PPSA03127_00/77023937-539a-42c3-9833-1a7d58a28032-version.xml,ps5,game
UP6856-PPSA05424_00-WWZTHEGAME2021US,World War Z Aftermath,PPSA05424,https://sgst.prod.dl.playstation.net/sgst/prod/00/np/PPSA05424_00/189d8c1b-5edf-4a6f-8a8d-51fcf0dd727c-version.xml,ps5,
EP1566-PPSA02008_00-0511701011790611,World of Tanks,PPSA02008,https://sgst.prod.dl.playstation.net/sgst/prod/00/np/PPSA02008_00/c5437710-a089-4828-a0a8-8fa3fad24f16-version.xml,ps5,game
HP5857-PPSA02068_00-3651038482014106,World of Tanks,PPSA02068,https://sgst.prod.dl.playstation.net/sgst/prod/00/np/PPSA02068_00/2a03d48c-dae4-4d9c-80bd-28f08c966db7-version.xml,ps5,
UP0680-PPSA02007_00-1160971101071150,World of Tanks,PPSA02007,https://sgst.prod.dl.playstation.net/sgst/prod/00/np/PPSA02007_00/e7b9f859-801c-45fa-adf6-b915cc14079d-version.xml,ps5,
UP0680-PPSA02219_00-8502330301011232,World of Warships: Legends,PPSA02219,https://sgst.prod.dl.playstation.net/sgst/prod/00/np/PPSA02219_00/b790a55d-f049-4b40-aae3-c8c8ab39ad30-version.xml,ps5,
UP4064-PPSA07307_00-SLUS003360000000,Worms,PPSA07307,https://sgst.prod.dl.playstation.net/sgst/prod/00/np/PPSA07307_00/04debed9-c45d-4fca-b67b-2ca1d02241fe-version.xml,ps5,game
UP4064-PPSA07309_00-SLUS008880000000,Worms Armageddon,PPSA07309,https://sgst.prod.dl.playstation.net/sgst/prod/00/np/PPSA07309_00/57d1ae85-9e96-4b83-a927-8954f084c1de-version.xml,ps5,game
UP4064-PPSA16239_00-SLES004830000000,Worms Pinball,PPSA16239,https://sgst.prod.dl.playstation.net/sgst/prod/00/np/PPSA16239_00/e72d7cfa-41c9-4131-bb4b-ee0d61768d4f-version.xml,ps5,game
UP4064-PPSA01527_00-6386505284144437,Worms Rumble,PPSA01527,https://sgst.prod.dl.playstation.net/sgst/prod/00/np/PPSA01527_00/eecbdb37-7341-458a-85bc-69186f6622d5-version.xml,ps5,game
EP4064-PPSA01526_00-7366148917983053,Worms Rumble,PPSA01526,https://sgst.prod.dl.playstation.net/sgst/prod/00/np/PPSA01526_00/779e24da-2175-458f-b42d-e69f4e6a75f8-version.xml,ps5,
UP4064-PPSA01527_00-6454839723606089,Worms Rumble - PlayStation®Plus Exclusive Pack,PPSA01527,https://sgst.prod.dl.playstation.net/sgst/prod/00/np/PPSA01527_00/eecbdb37-7341-458a-85bc-69186f6622d5-version.xml,ps5,game
UP4064-PPSA07311_00-SLUS014480000000,Worms World Party,PPSA07311,https://sgst.prod.dl.playstation.net/sgst/prod/00/np/PPSA07311_00/cb92ff12-c06d-42e7-bf3a-b606f9d68166-version.xml,ps5,game
EP6470-PPSA15845_00-WOULDYOULIKETOR3,Would you like to run an idol cafe? 3,PPSA15845,https://sgst.prod.dl.playstation.net/sgst/prod/00/np/PPSA15845_00/01063d4e-8c5e-4cdb-904d-d4a6432d0398-version.xml,ps5,game
EP6470-PPSA05561_00-WOULDYOULIKETORU,Would you like to run an idol café?,PPSA05561,https://sgst.prod.dl.playstation.net/sgst/prod/00/np/PPSA05561_00/4bebb354-b7c5-4f84-8cb9-b9734cc86934-version.xml,ps5,game
EP6470-PPSA06755_00-WOULDYOULIKETOR2,Would you like to run an idol café? 2,PPSA06755,https://sgst.prod.dl.playstation.net/sgst/prod/00/np/PPSA06755_00/32bfb1a9-c9b7-4302-bf17-4c6db4936319-version.xml,ps5,game
UP4389-PPSA03308_00-WRECKFESTUS00001,Wreckfest,PPSA03308,https://sgst.prod.dl.playstation.net/sgst/prod/00/np/PPSA03308_00/766d9e40-9220-4a6e-a036-a4a0409dc958-version.xml,ps5,game
UP4389-PPSA03308_00-CAR0110000000000,Wreckfest Car Pack 11,PPSA03308,https://sgst.prod.dl.playstation.net/sgst/prod/00/np/PPSA03308_00/766d9e40-9220-4a6e-a036-a4a0409dc958-version.xml,ps5,game
EB1238-PPSA24686_00-0625573803756286,Wuthering Waves,PPSA24686,https://sgst.prod.dl.playstation.net/sgst/prod/00/np/PPSA24686_00/44e711e6-b4a2-47c5-96b3-b9c32d60a348-version.xml,ps5,
UP5223-PPSA05721_00-WYTCHWOODPS5SIEA,Wytchwood,PPSA05721,https://sgst.prod.dl.playstation.net/sgst/prod/00/np/PPSA05721_00/2b07b7a6-55f7-4dc4-b09d-7afa188a1901-version.xml,ps5,game
EP0001-PPSA02733_00-XDEFIANTGAME0001,XDefiant,PPSA02733,https://sgst.prod.dl.playstation.net/sgst/prod/00/np/PPSA02733_00/d4f38fc3-8e17-4095-bedd-bfc92479a8a8-version.xml,ps5,game
UP0001-PPSA02734_00-XDEFIANTGAME0001,XDefiant,PPSA02734,https://sgst.prod.dl.playstation.net/sgst/prod/00/np/PPSA02734_00/3b6d52dd-a123-496d-83cd-cbc8e5386240-version.xml,ps5,
UP0001-PPSA02734_00-XDFP0000000000S0,XDefiant PlayStation®Plus Pack,PPSA02734,https://sgst.prod.dl.playstation.net/sgst/prod/00/np/PPSA02734_00/3b6d52dd-a123-496d-83cd-cbc8e5386240-version.xml,ps5,
EP5470-PPSA04155_00-7447536313832063,XEL,PPSA04155,https://sgst.prod.dl.playstation.net/sgst/prod/00/np/PPSA04155_00/5c1a1cde-7d09-46e7-b83e-5e0e83106b59-version.xml,ps5,game
EP5470-PPSA04155_00-BREAKINGTIME2023,XEL - Breaking Time,PPSA04155,https://sgst.prod.dl.playstation.net/sgst/prod/00/np/PPSA04155_00/5c1a1cde-7d09-46e7-b83e-5e0e83106b59-version.xml,ps5,game
UP1001-PPSA01462_00-0ONGBOOSTERSIEA1,XP and Loot Drop Boost Mods,PPSA01462,https://sgst.prod.dl.playstation.net/sgst/prod/00/np/PPSA01462_00/ed616f4d-c5de-47b3-a7ad-68ce8224f91e-version.xml,ps5,game
EP3036-PPSA19153_00-0397178317630819,"YEAH! YOU WANT 'THOSE GAMES,' RIGHT? SO HERE YOU GO! NOW, LET'S SEE YOU CLEAR THEM!",PPSA19153,https://sgst.prod.dl.playstation.net/sgst/prod/00/np/PPSA19153_00/3ef8c429-014e-4ee0-92d3-b65ea36d188b-version.xml,ps5,game
EP0177-PPSA02384_00-LIKEADRAGON00000,Yakuza: Like A Dragon,PPSA02384,https://sgst.prod.dl.playstation.net/sgst/prod/00/np/PPSA02384_00/76c11fc6-1e2b-4fa2-8bf4-3c9bae43e9c4-version.xml,ps5,
EP4133-PPSA04929_00-SNOWRUNNERSEASON,Year 1 Pass,PPSA04929,https://sgst.prod.dl.playstation.net/sgst/prod/00/np/PPSA04929_00/9137f441-337a-4612-a625-5f3826d97fc5-version.xml,ps5,game
EP4001-PPSA01551_00-YEARONELANYARD00,Year One Lanyard,PPSA01551,https://sgst.prod.dl.playstation.net/sgst/prod/00/np/PPSA01551_00/945ec86b-3049-42eb-8e10-c3e1bf0a1378-version.xml,ps5,game
UP6287-PPSA09546_00-6666642723851637,You Suck At Parking,PPSA09546,https://sgst.prod.dl.playstation.net/sgst/prod/00/np/PPSA09546_00/8fe7e744-9291-4c22-a7fc-931d3a27656b-version.xml,ps5,game
UP4381-PPSA01650_00-YOUTUBESIEA00000,YouTube,PPSA01650,https://sgst.prod.dl.playstation.net/sgst/prod/00/np/PPSA01650_00/c91127c5-5b92-4a2a-83b4-0bc41481f672-version.xml,ps5,game
EP4381-PPSA01651_00-YOUTUBESIEE00000,YouTube,PPSA01651,https://sgst.prod.dl.playstation.net/sgst/prod/00/np/PPSA01651_00/59ba45e3-15d4-475d-b4d5-43256f5047af-version.xml,ps5,game
JA0004-PPSA01652_00-YOUTUBESIEJA0000,YouTube,PPSA01652,https://sgst.prod.dl.playstation.net/sgst/prod/00/np/PPSA01652_00/fa10bde5-3b1c-4c44-bb40-45deb1f0a3e9-version.xml,ps5,
EP1063-PPSA21453_00-YS10NORDICSTRIAL,Ys X: Nordics Demo,PPSA21453,https://sgst.prod.dl.playstation.net/sgst/prod/00/np/PPSA21453_00/1740d0cb-2ca5-451f-9b22-743fdac089d1-version.xml,ps5,
JP0101-PPSA02502_00-3223055546198587,Yu-Gi-Oh! Master Duel,PPSA02502,https://sgst.prod.dl.playstation.net/sgst/prod/00/np/PPSA02502_00/2123c710-3e5f-493e-b0ee-62582c74ad78-version.xml,ps5,
UP0101-PPSA02503_00-0822451393319254,Yu-Gi-Oh! Master Duel,PPSA02503,https://sgst.prod.dl.playstation.net/sgst/prod/00/np/PPSA02503_00/eafd4044-9be6-4964-8289-aaad4dded160-version.xml,ps5,game
EP0700-PPSA02174_00-SCRNXITMWP004PAC,"Yuito & Kasane Weapon Set ""Light""",PPSA02174,https://sgst.prod.dl.playstation.net/sgst/prod/00/np/PPSA02174_00/520667ff-5b57-46a9-be29-c79fb0461fa7-version.xml,ps5,game
EP0700-PPSA02174_00-SCRNXITMWP005PAC,"Yuito & Kasane Weapon Set ""Saw""",PPSA02174,https://sgst.prod.dl.playstation.net/sgst/prod/00/np/PPSA02174_00/520667ff-5b57-46a9-be29-c79fb0461fa7-version.xml,ps5,game
EP0700-PPSA02174_00-SCRNXITMWP002PAC,"Yuito & Kasane Weapon Set ""Shine""",PPSA02174,https://sgst.prod.dl.playstation.net/sgst/prod/00/np/PPSA02174_00/520667ff-5b57-46a9-be29-c79fb0461fa7-version.xml,ps5,game
EP0700-PPSA02174_00-SCRNXITMWP001PAC,"Yuito & Kasane Weapon Set ""Star""",PPSA02174,https://sgst.prod.dl.playstation.net/sgst/prod/00/np/PPSA02174_00/520667ff-5b57-46a9-be29-c79fb0461fa7-version.xml,ps5,game
EP0700-PPSA02174_00-SCRNXITMWP003PAC,"Yuito & Kasane Weapon Set ""Thorns""",PPSA02174,https://sgst.prod.dl.playstation.net/sgst/prod/00/np/PPSA02174_00/520667ff-5b57-46a9-be29-c79fb0461fa7-version.xml,ps5,game
EP1001-PPSA01463_00-00ONGSIEEFFCZANE,Zane Final Form Pack,PPSA01463,https://sgst.prod.dl.playstation.net/sgst/prod/00/np/PPSA01463_00/4e400b2f-9fec-400c-97ab-307b529adb57-version.xml,ps5,game
UP1001-PPSA01462_00-00ONGSIEAFFCZANE,Zane Final Form Pack,PPSA01462,https://sgst.prod.dl.playstation.net/sgst/prod/00/np/PPSA01462_00/ed616f4d-c5de-47b3-a7ad-68ce8224f91e-version.xml,ps5,game
UP7713-PPSA20549_00-0000000000000000,Zenless Zone Zero,PPSA20549,https://sgst.prod.dl.playstation.net/sgst/prod/00/np/PPSA20549_00/d3f30eae-7d2a-45d5-9ba4-d0060e51c488-version.xml,ps5,
HP2005-PPSA03918_00-ZEROSTRAIN000000,Zero Strain,PPSA03918,https://sgst.prod.dl.playstation.net/sgst/prod/00/np/PPSA03918_00/f2f9b6de-e42b-4e89-80b6-78760abfd263-version.xml,ps5,
UP9000-PPSA01289_00-SABAZOMBIE000001,Zombie Costume,PPSA01289,https://sgst.prod.dl.playstation.net/sgst/prod/00/np/PPSA01289_00/0c1789e3-10b1-41eb-8ede-c159db8ef1e7-version.xml,ps5,
UP1685-PPSA10261_00-0000000000000DLC,[PS5] Lies of P: Overture,PPSA10261,https://sgst.prod.dl.playstation.net/sgst/prod/00/np/PPSA10261_00/e2c480e8-017e-4c75-838a-3be855c3bab4-version.xml,ps5,
UP1622-PPSA03686_00-0000000000000000,art of rally,PPSA03686,https://sgst.prod.dl.playstation.net/sgst/prod/00/np/PPSA03686_00/30364889-6c3e-4cf2-8482-41d498ffad8c-version.xml,ps5,game
EP0101-PPSA03073_00-EFOOTBALL0000000,eFootball™,PPSA03073,https://sgst.prod.dl.playstation.net/sgst/prod/00/np/PPSA03073_00/e51b90cf-c730-418f-8bdb-27b528470fb7-version.xml,ps5,
UP0101-PPSA03074_00-EFOOTBALL0000000,eFootball™,PPSA03074,https://sgst.prod.dl.playstation.net/sgst/prod/00/np/PPSA03074_00/b1d60ef5-9f72-4cde-a802-751e4e41dadf-version.xml,ps5,
HP0101-PPSA03071_00-EFOOTBALL0000000,eFootball™ 2024,PPSA03071,https://sgst.prod.dl.playstation.net/sgst/prod/00/np/PPSA03071_00/cc089a18-abe0-473e-bb82-31644c5a1797-version.xml,ps5,
UP9000-PPSA06795_00-NPUG801350000000,echochrome,PPSA06795,https://sgst.prod.dl.playstation.net/sgst/prod/00/np/PPSA06795_00/c7b7ccab-5614-4047-8849-c072907af25d-version.xml,ps5,game
UP9000-PPSA07546_00-NPUG803030000000,echoshift,PPSA07546,https://sgst.prod.dl.playstation.net/sgst/prod/00/np/PPSA07546_00/6c0e3803-a245-43c9-aead-a2eecf5450d4-version.xml,ps5,game
HP8350-PPSA19173_00-WEBMEDIAAPP00000,iQIYI,PPSA19173,https://sgst.prod.dl.playstation.net/sgst/prod/00/np/PPSA19173_00/f3ea7949-6630-40a6-b9e8-74c5d1237a08-version.xml,ps5,
UP6305-PPSA05925_00-ARTBOOK000000000,livro de arte,PPSA05925,https://sgst.prod.dl.playstation.net/sgst/prod/00/np/PPSA05925_00/b4c75c7d-bcec-465f-8650-7ade014067f0-version.xml,ps5,game
EP4886-PPSA05565_00-1642117917262637,orbit.industries,PPSA05565,https://sgst.prod.dl.playstation.net/sgst/prod/00/np/PPSA05565_00/14f31447-fb89-4ced-975b-175119d551cc-version.xml,ps5,game
UP6305-PPSA05925_00-ITEMPACK00000000,pacote de itens,PPSA05925,https://sgst.prod.dl.playstation.net/sgst/prod/00/np/PPSA05925_00/b4c75c7d-bcec-465f-8650-7ade014067f0-version.xml,ps5,game
UP0006-PPSA10793_00-SKATEPS5GAME0000,skate.,PPSA10793,https://sgst.prod.dl.playstation.net/sgst/prod/00/np/PPSA10793_00/6d4219ac-0b84-447e-ae1e-bd52346597cc-version.xml,ps5,game
UP2470-PPSA22856_00-TOATSIEA00000000,to a T,PPSA22856,https://sgst.prod.dl.playstation.net/sgst/prod/00/np/PPSA22856_00/5982b60b-9111-4e92-b607-f892835d7a19-version.xml,ps5,game
EP2377-PPSA03286_00-JWEVOLUTION2AAAA,《侏羅紀世界：進化 2》,PPSA03286,https://sgst.prod.dl.playstation.net/sgst/prod/00/np/PPSA03286_00/e8b429a6-880b-4e6a-959a-eddeb4ccb7f5-version.xml,ps5,
JP9200-PPSA02411_00-D2LIGHTFALL00001,《天命2》：光殞年代,PPSA02411,https://sgst.prod.dl.playstation.net/sgst/prod/00/np/PPSA02411_00/8614e1f0-62db-4547-aede-486022054e5d-version.xml,ps5,
JP9200-PPSA02411_00-D2WITCHQUEEN0001,《天命2：黑針巫后》,PPSA02411,https://sgst.prod.dl.playstation.net/sgst/prod/00/np/PPSA02411_00/8614e1f0-62db-4547-aede-486022054e5d-version.xml,ps5,
UP3177-PPSA22107_00-0397178317630819,どこかで見たあのゲームたちを棒人間で作ってみたけれど果たしてあなたはクリアできるのか2,PPSA22107,https://sgst.prod.dl.playstation.net/sgst/prod/00/np/PPSA22107_00/790b3c5f-47c6-4fbd-b003-469445445ed5-version.xml,ps5,game
JP9000-PPSA08333_00-GOWRAGNAROK00000,ゴッド・オブ・ウォー ラグナロク,PPSA08333,https://sgst.prod.dl.playstation.net/sgst/prod/00/np/PPSA08333_00/2396924e-4c69-44a1-b0fe-a84010b51abb-version.xml,ps5,
JP9000-PPSA08333_00-GOWRDLCCONTENT00,ゴッド・オブ・ウォー ラグナロク：ヴァルハラ,PPSA08333,https://sgst.prod.dl.playstation.net/sgst/prod/00/np/PPSA08333_00/2396924e-4c69-44a1-b0fe-a84010b51abb-version.xml,ps5,
EP5360-PPSA10248_00-VIEWFINDER0005EU,ビューファインダー,PPSA10248,https://sgst.prod.dl.playstation.net/sgst/prod/00/np/PPSA10248_00/8f581e50-3efa-4913-a3de-7a0eaa06ab31-version.xml,ps5,game
JP0177-PPSA02690_00-LIKEADRAGON00000,人中之龍７　光與闇的去向　國際版,PPSA02690,https://sgst.prod.dl.playstation.net/sgst/prod/00/np/PPSA02690_00/c5755b09-7c90-463c-bd1d-273f4892640c-version.xml,ps5,
JP0106-PPSA02462_00-NIOH2JP000000000,仁王２ Remastered,PPSA02462,https://sgst.prod.dl.playstation.net/sgst/prod/00/np/PPSA02462_00/e957f1a7-dadd-445c-95b1-11b2c70acd09-version.xml,ps5,
JP0106-PPSA02463_00-NIOH2CE000000000,仁王２ Remastered Complete Edition,PPSA02463,https://sgst.prod.dl.playstation.net/sgst/prod/00/np/PPSA02463_00/c26d539f-773a-49f0-9604-5dcf9bed6ab0-version.xml,ps5,game
EP6261-PPSA02584_00-0000000000000000,原神,PPSA02584,https://sgst.prod.dl.playstation.net/sgst/prod/00/np/PPSA02584_00/0b23e981-bc2c-4e40-b26f-8f2dc4bba6c7-version.xml,ps5,
HP0700-PPSA07759_00-DRFM2TRI00000000,哆啦A夢 牧場物語 自然王國與和樂家人 體驗版,PPSA07759,https://sgst.prod.dl.playstation.net/sgst/prod/00/np/PPSA07759_00/0b648b90-2d5b-4ca8-bf55-e576607ed306-version.xml,ps5,
HP7587-PPSA06274_00-BILIBILITV202112,哔哩哔哩,PPSA06274,https://sgst.prod.dl.playstation.net/sgst/prod/00/np/PPSA06274_00/b94e59df-78bd-42c9-abeb-04ec10f6bd58-version.xml,ps5,
HP9000-PPSA09557_00-HZVRCALLMOUNTAIN,地平線 山之呼喚,PPSA09557,https://sgst.prod.dl.playstation.net/sgst/prod/00/np/PPSA09557_00/17328d66-9199-40ee-b712-9cb5ea0cf5de-version.xml,ps5,
EP9000-PPSA03780_00-HFWDIGITALADDONS,地平線 西域禁地 數位豪華內容,PPSA03780,https://sgst.prod.dl.playstation.net/sgst/prod/00/np/PPSA03780_00/e562b52d-dcbd-4462-aaa8-a27f9a8acf35-version.xml,ps5,
JP9200-PPSA02411_00-DESTINYTHEGAME02,天命2,PPSA02411,https://sgst.prod.dl.playstation.net/sgst/prod/00/np/PPSA02411_00/8614e1f0-62db-4547-aede-486022054e5d-version.xml,ps5,
HP0177-PPSA03792_00-LOSTJUDGMENT0000,審判之逝：湮滅的記憶,PPSA03792,https://sgst.prod.dl.playstation.net/sgst/prod/00/np/PPSA03792_00/d506252c-2166-4c92-b4b4-f72c708d2707-version.xml,ps5,
HP0177-PPSA04968_00-LOSTJUDGMENTDEMO,審判之逝：湮滅的記憶　體驗版,PPSA04968,https://sgst.prod.dl.playstation.net/sgst/prod/00/np/PPSA04968_00/f2e70a69-e64d-4174-ae33-4e329fa2c92d-version.xml,ps5,
EP7476-PPSA08458_00-0000000000000000,崩壞：星穹鐵道,PPSA08458,https://sgst.prod.dl.playstation.net/sgst/prod/00/np/PPSA08458_00/34475164-7494-4ce4-99e2-8210e8decba8-version.xml,ps5,
HP4578-PPSA17957_00-FUGA2DEMO0000000,戰場的賦格曲2 體驗版,PPSA17957,https://sgst.prod.dl.playstation.net/sgst/prod/00/np/PPSA17957_00/80934108-a408-4663-9c16-c38fd9152274-version.xml,ps5,
JP0122-PPSA26962_00-0000000SNEZHINKA,救国のスネジンカ,PPSA26962,https://sgst.prod.dl.playstation.net/sgst/prod/00/np/PPSA26962_00/449d3c21-915b-448f-ab37-fc307bc174e2-version.xml,ps5,game
UP0177-PPSA06454_00-EX00000000000001,新選組．享受生活組,PPSA06454,https://sgst.prod.dl.playstation.net/sgst/prod/00/np/PPSA06454_00/09c08341-8fee-4938-85c9-6845b183d504-version.xml,ps5,
UP0177-PPSA06454_00-EX00000000000007,日本刀＆大炮组合,PPSA06454,https://sgst.prod.dl.playstation.net/sgst/prod/00/np/PPSA06454_00/09c08341-8fee-4938-85c9-6845b183d504-version.xml,ps5,
HP7629-PPSA18976_00-0559845845510979,東京都市謎案特搜事件簿 DEMO,PPSA18976,https://sgst.prod.dl.playstation.net/sgst/prod/00/np/PPSA18976_00/5706b057-eb38-4f65-bd82-4f67c1d61cf8-version.xml,ps5,
HP5249-PPSA06537_00-HUIMENGYOUXIANWP,武器外觀特典：回夢遊仙,PPSA06537,https://sgst.prod.dl.playstation.net/sgst/prod/00/np/PPSA06537_00/09f80a70-13ad-4c1c-a713-47c33c5eec62-version.xml,ps5,
UP7564-PPSA15226_00-0384294780456823,永劫無間,PPSA15226,https://sgst.prod.dl.playstation.net/sgst/prod/00/np/PPSA15226_00/b8c1f4f8-5ce3-4f27-9fb1-72a14627a465-version.xml,ps5,
HP5249-PPSA06537_00-YUEQINGSHUTROUSE,流風回雪服裝包,PPSA06537,https://sgst.prod.dl.playstation.net/sgst/prod/00/np/PPSA06537_00/09f80a70-13ad-4c1c-a713-47c33c5eec62-version.xml,ps5,
JP9000-PPSA08333_00-GOWRAGNAROKPREOR,特典装備,PPSA08333,https://sgst.prod.dl.playstation.net/sgst/prod/00/np/PPSA08333_00/2396924e-4c69-44a1-b0fe-a84010b51abb-version.xml,ps5,
UP0177-PPSA06454_00-EX00000000000010,特典：「五月雨」,PPSA06454,https://sgst.prod.dl.playstation.net/sgst/prod/00/np/PPSA06454_00/09c08341-8fee-4938-85c9-6845b183d504-version.xml,ps5,
UP0177-PPSA06454_00-EX00000000000009,特典：「骨碎」,PPSA06454,https://sgst.prod.dl.playstation.net/sgst/prod/00/np/PPSA06454_00/09c08341-8fee-4938-85c9-6845b183d504-version.xml,ps5,
HP5249-PPSA06537_00-1504806670604237,現代服裝包,PPSA06537,https://sgst.prod.dl.playstation.net/sgst/prod/00/np/PPSA06537_00/09f80a70-13ad-4c1c-a713-47c33c5eec62-version.xml,ps5,
JP0106-PPSA01822_00-HORNETMASTER0000,真·三国无双８ 帝国,PPSA01822,https://sgst.prod.dl.playstation.net/sgst/prod/00/np/PPSA01822_00/dbec9bdf-4a85-48c3-8230-30151bbc099f-version.xml,ps5,
EP7711-PPSA20599_00-0000000000000000,絕區零,PPSA20599,https://sgst.prod.dl.playstation.net/sgst/prod/00/np/PPSA20599_00/4cf79821-f2c5-4306-8ece-374bf43f6dac-version.xml,ps5,
EB0757-PPSA27603_00-0584142113739935,自由の鎖,PPSA27603,https://sgst.prod.dl.playstation.net/sgst/prod/00/np/PPSA27603_00/f97e7487-2516-46cf-87e7-f39eb601ed00-version.xml,ps5,game
UP0177-PPSA06454_00-EX00000000000008,菁英隊士卡牌套組,PPSA06454,https://sgst.prod.dl.playstation.net/sgst/prod/00/np/PPSA06454_00/09c08341-8fee-4938-85c9-6845b183d504-version.xml,ps5,
UP0177-PPSA06454_00-EX00000000000011,購買特典「細雪」,PPSA06454,https://sgst.prod.dl.playstation.net/sgst/prod/00/np/PPSA06454_00/09c08341-8fee-4938-85c9-6845b183d504-version.xml,ps5,
HP0177-PPSA03792_00-STARTDASH0000001,起点冲刺支援包,PPSA03792,https://sgst.prod.dl.playstation.net/sgst/prod/00/np/PPSA03792_00/d506252c-2166-4c92-b4b4-f72c708d2707-version.xml,ps5,
HP9000-PPSA01318_00-GRANTURISMO70000,跑車浪漫旅® 7,PPSA01318,https://sgst.prod.dl.playstation.net/sgst/prod/00/np/PPSA01318_00/c7059050-bf54-47de-b1c8-b693065f442e-version.xml,ps5,
EP9000-PPSA01521_00-PS5INGAMEADDONS0,遊戲額外內容,PPSA01521,https://sgst.prod.dl.playstation.net/sgst/prod/00/np/PPSA01521_00/c841232e-bd8c-47f5-8cd3-80ac756ec401-version.xml,ps5,
HP9000-PPSA04558_00-RONINPREORDER001,預購,PPSA04558,https://sgst.prod.dl.playstation.net/sgst/prod/00/np/PPSA04558_00/3d6bf76e-ad52-46d7-90e0-39c026a32a0b-version.xml,ps5,
HP9000-PPSA08334_00-GOWRAGNAROKPREOR,預購盔甲和束腰上衣,PPSA08334,https://sgst.prod.dl.playstation.net/sgst/prod/00/np/PPSA08334_00/3150ee0a-b042-4575-bb4d-94ae63b74834-version.xml,ps5,
EP9000-PPSA01521_00-PS5PREORDERBONUS,預購額外內容,PPSA01521,https://sgst.prod.dl.playstation.net/sgst/prod/00/np/PPSA01521_00/c841232e-bd8c-47f5-8cd3-80ac756ec401-version.xml,ps5,
HP0700-PPSA06676_00-KLONOA12DEMO0000,風之少年 克羅諾亞 1&2 乘風歸來 體驗版,PPSA06676,https://sgst.prod.dl.playstation.net/sgst/prod/00/np/PPSA06676_00/8016f4c7-75c6-46f5-bbd1-93999b5f128c-version.xml,ps5,
HP9000-PPSA08334_00-GOWRAGNAROKDDE00,黑谷盔甲、服裝、雙刀手柄和斧柄,PPSA08334,https://sgst.prod.dl.playstation.net/sgst/prod/00/np/PPSA08334_00/3150ee0a-b042-4575-bb4d-94ae63b74834-version.xml,ps5,
